source_family,jurisdiction,year,petrol_vehicles,diesel_vehicles,transition_or_other_vehicles,total_vehicles,petrol_share_percent,diesel_share_percent,transition_or_other_share_percent,definition_note
ABS,AUS,2010,13328901.0,2220662.0,511535.0,16061098.0,82.98872841694883,13.826339892826756,3.184931690224417,"ABS other includes LPG, dual fuel and electric; not EV-specific."
ABS,AUS,2011,13444544.0,2410277.0,513562.0,16368383.0,82.13727647990642,14.725199184305499,3.137524335788086,"ABS other includes LPG, dual fuel and electric; not EV-specific."
ABS,AUS,2012,13576495.0,2654505.0,510644.0,16741644.0,81.09415658342753,15.855700909659767,3.050142506912702,"ABS other includes LPG, dual fuel and electric; not EV-specific."
ABS,AUS,2013,13727249.0,2952327.0,501020.0,17180596.0,79.89972524818114,17.1840778981125,2.9161968537063556,"ABS other includes LPG, dual fuel and electric; not EV-specific."
ABS,AUS,2014,13889533.0,3264541.0,479419.0,17633493.0,78.76790491821446,18.51329739377218,2.7187976880133733,"ABS other includes LPG, dual fuel and electric; not EV-specific."
ABS,AUS,2015,14000720.0,3555227.0,451820.0,18007767.0,77.74822941678443,19.742742117887243,2.509028465328322,"ABS other includes LPG, dual fuel and electric; not EV-specific."
ABS,AUS,2016,14115057.0,3848444.0,423635.0,18387136.0,76.76593570635471,20.930089384230367,2.30397490941493,"ABS other includes LPG, dual fuel and electric; not EV-specific."
ABS,AUS,2017,14222419.0,4161995.0,396719.0,18781133.0,75.72716193426669,22.160510763647753,2.1123273020855557,"ABS other includes LPG, dual fuel and electric; not EV-specific."
ABS,AUS,2018,14312619.0,4491140.0,369520.0,19173279.0,74.6487807328105,23.42395372226107,1.927265544928439,"ABS other includes LPG, dual fuel and electric; not EV-specific."
ABS,AUS,2019,14353215.0,4794739.0,357287.0,19505241.0,73.5864529948643,24.58179829718587,1.8317487079498274,"ABS other includes LPG, dual fuel and electric; not EV-specific."
ABS,AUS,2020,14389145.0,5061680.0,354506.0,19805331.0,72.65288825518745,25.55715933250497,1.7899524123075752,"ABS other includes LPG, dual fuel and electric; not EV-specific."
ABS,AUS,2021,14443908.0,5321847.0,377187.0,20142942.0,71.7070425958631,26.4204057182908,1.8725516858460893,"ABS other includes LPG, dual fuel and electric; not EV-specific."
ABS,NSW,2010,4000735.0,560677.0,120059.0,4681471.0,85.45892946896392,11.976513365136727,2.564557165899351,"ABS other includes LPG, dual fuel and electric; not EV-specific."
ABS,NSW,2011,4042083.0,612969.0,123369.0,4778421.0,84.59034898766768,12.827856733427215,2.5817942789051025,"ABS other includes LPG, dual fuel and electric; not EV-specific."
ABS,NSW,2012,4070505.0,676449.0,123042.0,4869996.0,83.5833335386723,13.890134612020216,2.526531849307474,"ABS other includes LPG, dual fuel and electric; not EV-specific."
ABS,NSW,2013,4101432.0,756836.0,126289.0,4984557.0,82.28277858995293,15.183616116738158,2.5336052933089137,"ABS other includes LPG, dual fuel and electric; not EV-specific."
ABS,NSW,2014,4137723.0,843083.0,121546.0,5102352.0,81.09442468884937,16.52341900362813,2.3821563075224916,"ABS other includes LPG, dual fuel and electric; not EV-specific."
ABS,NSW,2015,4197400.0,934180.0,115619.0,5247199.0,79.99315444297042,17.803403301456644,2.2034422555729254,"ABS other includes LPG, dual fuel and electric; not EV-specific."
ABS,NSW,2016,4235189.0,1030701.0,108529.0,5374419.0,78.8027319790288,19.177905555930792,2.019362465040407,"ABS other includes LPG, dual fuel and electric; not EV-specific."
ABS,NSW,2017,4271785.0,1134554.0,102771.0,5509110.0,77.54038311088361,20.594143155609526,1.865473733506864,"ABS other includes LPG, dual fuel and electric; not EV-specific."
ABS,NSW,2018,4285586.0,1235886.0,96913.0,5618385.0,76.27789836403166,21.997175344872236,1.7249262910961067,"ABS other includes LPG, dual fuel and electric; not EV-specific."
ABS,NSW,2019,4280176.0,1318150.0,103874.0,5702200.0,75.06183578268036,23.116516432254215,1.8216477850654131,"ABS other includes LPG, dual fuel and electric; not EV-specific."
ABS,NSW,2020,4276204.0,1393740.0,109095.0,5779039.0,73.99507080675524,24.117158579480083,1.887770613764676,"ABS other includes LPG, dual fuel and electric; not EV-specific."
ABS,NSW,2021,4297274.0,1467320.0,127612.0,5892206.0,72.93149628509255,24.90272743349435,2.1657762814131076,"ABS other includes LPG, dual fuel and electric; not EV-specific."
BITRE,AUS,2021,14421354.0,5395853.0,440532.0,20257739.0,71.18935632451381,26.63600809547403,2.174635580012162,"BITRE transition/other sums dual fuel, hybrid, BEV/FCEV and residual other categories."
BITRE,AUS,2022,14474594.0,5688736.0,579238.0,20676596.0,70.0047241818721,27.512923307105293,2.8014185700586305,"BITRE transition/other sums dual fuel, hybrid, BEV/FCEV and residual other categories."
BITRE,AUS,2023,14542497.0,5993410.0,686837.0,21161184.0,68.72251098993327,28.32265907238461,3.245739935912849,"BITRE transition/other sums dual fuel, hybrid, BEV/FCEV and residual other categories."
BITRE,AUS,2024,14630945.0,6292700.0,873385.0,21740045.0,67.2995157093741,28.945202275340275,4.017401987898369,"BITRE transition/other sums dual fuel, hybrid, BEV/FCEV and residual other categories."
BITRE,AUS,2025,14632710.0,6555770.0,1116867.0,22305347.0,65.60180390827365,29.39102449291643,5.007171598809918,"BITRE transition/other sums dual fuel, hybrid, BEV/FCEV and residual other categories."
BITRE,NSW,2021,4355954.0,1487903.0,110540.0,5954397.0,73.15524980951051,24.988306960385746,1.8564432301037368,"BITRE transition/other sums dual fuel, hybrid, BEV/FCEV and residual other categories."
BITRE,NSW,2022,4350198.0,1561362.0,148675.0,6048288.0,71.92445201022174,25.81494135199911,2.4581336073943567,"BITRE transition/other sums dual fuel, hybrid, BEV/FCEV and residual other categories."
BITRE,NSW,2023,4342263.0,1637342.0,186928.0,6155747.0,70.53998483043569,26.598591527559527,3.0366420192382826,"BITRE transition/other sums dual fuel, hybrid, BEV/FCEV and residual other categories."
BITRE,NSW,2024,4348041.0,1709896.0,248283.0,6296646.0,69.05328646393652,27.15566350720685,3.9430992309238917,"BITRE transition/other sums dual fuel, hybrid, BEV/FCEV and residual other categories."
BITRE,NSW,2025,4310835.0,1762690.0,334349.0,6407874.0,67.27402879644637,27.508187582964332,5.217783620589294,"BITRE transition/other sums dual fuel, hybrid, BEV/FCEV and residual other categories."
