source_id,source_name,institution,source_type,geography,frequency,landing_page_url,download_url,raw_subdir
bitre_road_vehicles_2025,Road Vehicles Australia January 2025,Bureau of Infrastructure and Transport Research Economics,official_dataset,national_state_territory,annual,https://www.bitre.gov.au/publications/2025/road-vehicles-australia-january-2025,https://www.bitre.gov.au/sites/default/files/documents/BITRE-Road-Vehicles-Australia-January-2025.xlsx,data_raw/bitre/road_vehicles
bitre_yearbook_2025,Australian Infrastructure and Transport Statistics Yearbook 2025,Bureau of Infrastructure and Transport Research Economics,official_dataset,national_state_territory,annual,https://www.bitre.gov.au/publications/2025/australian-infrastructure-and-transport-statistics-yearbook-2025,https://www.bitre.gov.au/sites/default/files/documents/bitre-yearbook-2025.zip,data_raw/bitre/yearbook
energy_table_o_2025,Australian Energy Statistics Table O Electricity Generation by Fuel Type 2024-25 and 2025,"Department of Climate Change, Energy, the Environment and Water",official_dataset,national_state_territory,annual,https://www.energy.gov.au/publications/australian-energy-statistics-table-o-electricity-generation-fuel-type-2024-25-and-2025,https://www.energy.gov.au/sites/default/files/2026-06/table-o-electricity-generation-by-fuel%20type-2024-25-and-2025.xlsx,data_raw/energy/table_o
energy_supp_on_off_grid_2026,Australian Energy Statistics 2026 Supplementary Statistics On-grid and Off-grid Electricity Generation,"Department of Climate Change, Energy, the Environment and Water",official_dataset,national_state_territory,annual,https://www.energy.gov.au/publications/australian-energy-statistics-table-o-electricity-generation-fuel-type-2024-25-and-2025,https://www.energy.gov.au/sites/default/files/2026-06/aes-2026-supplementary-statistics-on-grid-off-grid-electricity%20generation.xlsx,data_raw/energy/supplementary
national_ev_strategy,National Electric Vehicle Strategy,"Department of Climate Change, Energy, the Environment and Water",official_policy,national,static,https://www.dcceew.gov.au/energy/transport/national-electric-vehicle-strategy,,data_raw/policy/national_ev_strategy
new_vehicle_efficiency_standard,New Vehicle Efficiency Standard,"Department of Infrastructure, Transport, Regional Development, Communications, Sport and the Arts",official_policy,national,current,https://www.infrastructure.gov.au/infrastructure-transport-vehicles/vehicles/new-vehicle-efficiency-standard,,data_raw/policy/nves
green_vehicle_guide,Green Vehicle Guide,Australian Government,official_tool,national,current,https://www.greenvehicleguide.gov.au/,,data_raw/green_vehicle_guide
national_greenhouse_accounts,Australia's National Greenhouse Accounts,"Department of Climate Change, Energy, the Environment and Water",official_data_portal,national_state_territory,quarterly_annual,https://www.greenhouseaccounts.climatechange.gov.au/,,data_raw/greenhouse_accounts
nsw_ev_policy,NSW electric vehicle policy and programs,NSW Government,official_policy,nsw,current,https://www.nsw.gov.au/driving-boating-and-transport/electric-vehicles,,data_raw/nsw/policy
