workbook,sheet,dimension
data_raw/bitre/road_vehicles/bitre-road-vehicles-australia--january2024.xlsx,Index,A1:P38
data_raw/bitre/road_vehicles/bitre-road-vehicles-australia--january2024.xlsx,Table 1,B1:M56
data_raw/bitre/road_vehicles/bitre-road-vehicles-australia--january2024.xlsx,Table 2,B1:L53
data_raw/bitre/road_vehicles/bitre-road-vehicles-australia--january2024.xlsx,Table 3,B1:M53
data_raw/bitre/road_vehicles/bitre-road-vehicles-australia--january2024.xlsx,Table 4,B1:K61
data_raw/bitre/road_vehicles/bitre-road-vehicles-australia--january2024.xlsx,Table 5,B1:K50
data_raw/bitre/road_vehicles/bitre-road-vehicles-australia--january2024.xlsx,Table 6,A1:L99
data_raw/bitre/road_vehicles/bitre-road-vehicles-australia--january2024.xlsx,Table 7,A1:O52
data_raw/bitre/road_vehicles/bitre-road-vehicles-australia--january2024.xlsx,Table 8,B1:S41
data_raw/bitre/road_vehicles/bitre-road-vehicles-australia--january2024.xlsx,Table 9,B1:K51
data_raw/bitre/road_vehicles/bitre-road-vehicles-australia--january2024.xlsx,Table 10,B1:K54
data_raw/bitre/road_vehicles/bitre-road-vehicles-australia--january2024.xlsx,Table 11,B1:K54
data_raw/bitre/road_vehicles/bitre-road-vehicles-australia--january2024.xlsx,Table 12,B1:L54
data_raw/bitre/road_vehicles/bitre-road-vehicles-australia--january2024.xlsx,Table 13,B1:K54
data_raw/bitre/road_vehicles/bitre-road-vehicles-australia--january2024.xlsx,Explanatory Notes,A1:K21
data_raw/bitre/road_vehicles/BITRE-Road-Vehicles-Australia-January-2022-Re-Issue.xlsx,Index,A1:P35
data_raw/bitre/road_vehicles/BITRE-Road-Vehicles-Australia-January-2022-Re-Issue.xlsx,Table 1,B1:M52
data_raw/bitre/road_vehicles/BITRE-Road-Vehicles-Australia-January-2022-Re-Issue.xlsx,Table 2,B1:L49
data_raw/bitre/road_vehicles/BITRE-Road-Vehicles-Australia-January-2022-Re-Issue.xlsx,Table 3,B1:M49
data_raw/bitre/road_vehicles/BITRE-Road-Vehicles-Australia-January-2022-Re-Issue.xlsx,Table 5,B1:K48
data_raw/bitre/road_vehicles/BITRE-Road-Vehicles-Australia-January-2022-Re-Issue.xlsx,Table 4,B1:K57
data_raw/bitre/road_vehicles/BITRE-Road-Vehicles-Australia-January-2022-Re-Issue.xlsx,Table 6,A1:L81
data_raw/bitre/road_vehicles/BITRE-Road-Vehicles-Australia-January-2022-Re-Issue.xlsx,Table 7,A1:O51
data_raw/bitre/road_vehicles/BITRE-Road-Vehicles-Australia-January-2022-Re-Issue.xlsx,Table 8,B1:S41
data_raw/bitre/road_vehicles/BITRE-Road-Vehicles-Australia-January-2022-Re-Issue.xlsx,Table 9,B1:K49
data_raw/bitre/road_vehicles/BITRE-Road-Vehicles-Australia-January-2022-Re-Issue.xlsx,Table 10,B1:K49
data_raw/bitre/road_vehicles/BITRE-Road-Vehicles-Australia-January-2022-Re-Issue.xlsx,Explanatory Notes,A1:K21
data_raw/bitre/road_vehicles/BITRE-Road-Vehicles-Australia-January-2023-Re-Issue.xlsx,Index,A1:M38
data_raw/bitre/road_vehicles/BITRE-Road-Vehicles-Australia-January-2023-Re-Issue.xlsx,Table 1,B1:M52
data_raw/bitre/road_vehicles/BITRE-Road-Vehicles-Australia-January-2023-Re-Issue.xlsx,Table 2,B1:L49
data_raw/bitre/road_vehicles/BITRE-Road-Vehicles-Australia-January-2023-Re-Issue.xlsx,Table 3,B1:M49
data_raw/bitre/road_vehicles/BITRE-Road-Vehicles-Australia-January-2023-Re-Issue.xlsx,Table 4,B1:L52
data_raw/bitre/road_vehicles/BITRE-Road-Vehicles-Australia-January-2023-Re-Issue.xlsx,Table 5,B1:K48
data_raw/bitre/road_vehicles/BITRE-Road-Vehicles-Australia-January-2023-Re-Issue.xlsx,Table 6,A1:L80
data_raw/bitre/road_vehicles/BITRE-Road-Vehicles-Australia-January-2023-Re-Issue.xlsx,Table 7,A1:N49
data_raw/bitre/road_vehicles/BITRE-Road-Vehicles-Australia-January-2023-Re-Issue.xlsx,Table 8,B1:S31
data_raw/bitre/road_vehicles/BITRE-Road-Vehicles-Australia-January-2023-Re-Issue.xlsx,Table 9,B1:K47
data_raw/bitre/road_vehicles/BITRE-Road-Vehicles-Australia-January-2023-Re-Issue.xlsx,Table 10,B1:L49
data_raw/bitre/road_vehicles/BITRE-Road-Vehicles-Australia-January-2023-Re-Issue.xlsx,Table 11,B1:M49
data_raw/bitre/road_vehicles/BITRE-Road-Vehicles-Australia-January-2023-Re-Issue.xlsx,Table 12,B1:M49
data_raw/bitre/road_vehicles/BITRE-Road-Vehicles-Australia-January-2023-Re-Issue.xlsx,Table 13,B1:M52
data_raw/bitre/road_vehicles/BITRE-Road-Vehicles-Australia-January-2023-Re-Issue.xlsx,Explanatory Notes,A1:K21
data_raw/bitre/road_vehicles/BITRE-Road-Vehicles-Australia-January-2025.xlsx,Index,A1:M38
data_raw/bitre/road_vehicles/BITRE-Road-Vehicles-Australia-January-2025.xlsx,Table 1,B1:M54
data_raw/bitre/road_vehicles/BITRE-Road-Vehicles-Australia-January-2025.xlsx,Table 2,B1:L60
data_raw/bitre/road_vehicles/BITRE-Road-Vehicles-Australia-January-2025.xlsx,Table 3,B1:M61
data_raw/bitre/road_vehicles/BITRE-Road-Vehicles-Australia-January-2025.xlsx,Table 4,B1:K56
data_raw/bitre/road_vehicles/BITRE-Road-Vehicles-Australia-January-2025.xlsx,Table 5,B1:K48
data_raw/bitre/road_vehicles/BITRE-Road-Vehicles-Australia-January-2025.xlsx,Table 6,A1:L102
data_raw/bitre/road_vehicles/BITRE-Road-Vehicles-Australia-January-2025.xlsx,Table 7,A1:O49
data_raw/bitre/road_vehicles/BITRE-Road-Vehicles-Australia-January-2025.xlsx,Table 8,B1:S31
data_raw/bitre/road_vehicles/BITRE-Road-Vehicles-Australia-January-2025.xlsx,Table 9,B1:K50
data_raw/bitre/road_vehicles/BITRE-Road-Vehicles-Australia-January-2025.xlsx,Table 10,B1:K50
data_raw/bitre/road_vehicles/BITRE-Road-Vehicles-Australia-January-2025.xlsx,Table 11,B1:K50
data_raw/bitre/road_vehicles/BITRE-Road-Vehicles-Australia-January-2025.xlsx,Table 12,B1:K50
data_raw/bitre/road_vehicles/BITRE-Road-Vehicles-Australia-January-2025.xlsx,Table 13,B1:K50
data_raw/bitre/road_vehicles/BITRE-Road-Vehicles-Australia-January-2025.xlsx,Explanatory Notes,A1:K21
data_raw/bitre/yearbook/bitre-yearbook-2025/1. FREIGHT.xlsx,Index,A7:I46
data_raw/bitre/yearbook/bitre-yearbook-2025/1. FREIGHT.xlsx,Table 1.1a-c,A2:Q213
data_raw/bitre/yearbook/bitre-yearbook-2025/1. FREIGHT.xlsx,Table 1.2,A2:Q167
data_raw/bitre/yearbook/bitre-yearbook-2025/1. FREIGHT.xlsx,Table 1.3,A1:L109
data_raw/bitre/yearbook/bitre-yearbook-2025/1. FREIGHT.xlsx,Table 1.4,A1:U95
data_raw/bitre/yearbook/bitre-yearbook-2025/1. FREIGHT.xlsx,Table 1.5,A2:L62
data_raw/bitre/yearbook/bitre-yearbook-2025/10. INFRASTRUCTURE AND THE ECONOMY.xlsx,Index,A7:I26
data_raw/bitre/yearbook/bitre-yearbook-2025/10. INFRASTRUCTURE AND THE ECONOMY.xlsx,Table 10.1,A1:U157
data_raw/bitre/yearbook/bitre-yearbook-2025/10. INFRASTRUCTURE AND THE ECONOMY.xlsx,Table 10.2,A1:AH309
data_raw/bitre/yearbook/bitre-yearbook-2025/10. INFRASTRUCTURE AND THE ECONOMY.xlsx,Table 10.3,A1:W149
data_raw/bitre/yearbook/bitre-yearbook-2025/11. INFRASTRUCTURECONSTRUCTION.xlsx,Index,A7:J47
data_raw/bitre/yearbook/bitre-yearbook-2025/11. INFRASTRUCTURECONSTRUCTION.xlsx,Table 11.1a-c,A2:L105
data_raw/bitre/yearbook/bitre-yearbook-2025/11. INFRASTRUCTURECONSTRUCTION.xlsx,Table 11.2a-c,A2:U117
data_raw/bitre/yearbook/bitre-yearbook-2025/2. PASSENGERS.xlsx,Index,A7:I51
data_raw/bitre/yearbook/bitre-yearbook-2025/2. PASSENGERS.xlsx,Table 2.1,A2:T69
data_raw/bitre/yearbook/bitre-yearbook-2025/2. PASSENGERS.xlsx,Table 2.2a-d,A2:H135
data_raw/bitre/yearbook/bitre-yearbook-2025/2. PASSENGERS.xlsx,Table 2.3a-i,A1:Z585
data_raw/bitre/yearbook/bitre-yearbook-2025/2. PASSENGERS.xlsx,Table 2.4a-i,A2:M160
data_raw/bitre/yearbook/bitre-yearbook-2025/2. PASSENGERS.xlsx,Table 2.5a-i,A1:W570
data_raw/bitre/yearbook/bitre-yearbook-2025/3. ROAD-RELATED EXPENDITURE AND REVENUE.xlsx,Index,A7:I52
data_raw/bitre/yearbook/bitre-yearbook-2025/3. ROAD-RELATED EXPENDITURE AND REVENUE.xlsx,Table 3.1a-l,A2:AF459
data_raw/bitre/yearbook/bitre-yearbook-2025/3. ROAD-RELATED EXPENDITURE AND REVENUE.xlsx,Table 3.2 a-j,A2:BB266
data_raw/bitre/yearbook/bitre-yearbook-2025/4. ROAD.xlsx,Index,A7:I54
data_raw/bitre/yearbook/bitre-yearbook-2025/4. ROAD.xlsx,Table 4.1a-f,A2:O407
data_raw/bitre/yearbook/bitre-yearbook-2025/4. ROAD.xlsx,Table 4.2,A2:I63
data_raw/bitre/yearbook/bitre-yearbook-2025/4. ROAD.xlsx,Table 4.3,A1:AH64
data_raw/bitre/yearbook/bitre-yearbook-2025/4. ROAD.xlsx,Table 4.4,A1:W64
data_raw/bitre/yearbook/bitre-yearbook-2025/4. ROAD.xlsx,Table 4.5,A1:M19
data_raw/bitre/yearbook/bitre-yearbook-2025/4. ROAD.xlsx,Table 4.6a-c,A2:AE133
data_raw/bitre/yearbook/bitre-yearbook-2025/4. ROAD.xlsx,Table 4.7,A1:R239
data_raw/bitre/yearbook/bitre-yearbook-2025/4. ROAD.xlsx,Table 4.8,A2:M41
data_raw/bitre/yearbook/bitre-yearbook-2025/4. ROAD.xlsx,Table 4.9a-i,A1:U523
data_raw/bitre/yearbook/bitre-yearbook-2025/4. ROAD.xlsx,Table 4.10a-i ,A1:S507
data_raw/bitre/yearbook/bitre-yearbook-2025/4. ROAD.xlsx,Table 4.11a-i,A2:X246
data_raw/bitre/yearbook/bitre-yearbook-2025/4. ROAD.xlsx,Table 4.12,A1:M60
data_raw/bitre/yearbook/bitre-yearbook-2025/4. ROAD.xlsx,Table 4.13,A1:T33
data_raw/bitre/yearbook/bitre-yearbook-2025/5. RAIL.xlsx,Index,A7:I50
data_raw/bitre/yearbook/bitre-yearbook-2025/5. RAIL.xlsx,Table 5.1a-c,A1:Y110
data_raw/bitre/yearbook/bitre-yearbook-2025/5. RAIL.xlsx,Table 5.2,A2:H25
data_raw/bitre/yearbook/bitre-yearbook-2025/5. RAIL.xlsx,Table 5.3,A2:L56
data_raw/bitre/yearbook/bitre-yearbook-2025/5. RAIL.xlsx,Table 5.4a-b,A1:K109
data_raw/bitre/yearbook/bitre-yearbook-2025/6. AVIATION.xlsx,Index,A7:I51
data_raw/bitre/yearbook/bitre-yearbook-2025/6. AVIATION.xlsx,Table 6.1,A1:F62
data_raw/bitre/yearbook/bitre-yearbook-2025/6. AVIATION.xlsx,Table 6.2,A1:K56
data_raw/bitre/yearbook/bitre-yearbook-2025/6. AVIATION.xlsx,Table 6.3a-b,A1:IV90
data_raw/bitre/yearbook/bitre-yearbook-2025/6. AVIATION.xlsx,Table 6.4,A1:IP27
data_raw/bitre/yearbook/bitre-yearbook-2025/6. AVIATION.xlsx,Table 6.5,A1:H51
data_raw/bitre/yearbook/bitre-yearbook-2025/6. AVIATION.xlsx,Table 6.6,A1:L63
data_raw/bitre/yearbook/bitre-yearbook-2025/7. SHIPPING.xlsx,Index,A7:I41
data_raw/bitre/yearbook/bitre-yearbook-2025/7. SHIPPING.xlsx,Table 7.1a-b,A1:K73
data_raw/bitre/yearbook/bitre-yearbook-2025/7. SHIPPING.xlsx,Table 7.2a-b,A1:DT68
data_raw/bitre/yearbook/bitre-yearbook-2025/7. SHIPPING.xlsx,Table 7.3a-b,A1:S68
data_raw/bitre/yearbook/bitre-yearbook-2025/7. SHIPPING.xlsx,Table 7.4a-b,A1:FM68
data_raw/bitre/yearbook/bitre-yearbook-2025/7. SHIPPING.xlsx,Table 7.5a-b,A1:FU74
data_raw/bitre/yearbook/bitre-yearbook-2025/7. SHIPPING.xlsx,Table 7.6,A1:FT40
data_raw/bitre/yearbook/bitre-yearbook-2025/7. SHIPPING.xlsx,Table 7.7a-d,A1:G111
data_raw/bitre/yearbook/bitre-yearbook-2025/8. TRANSPORT SAFETY.xlsx,Index,A7:I42
data_raw/bitre/yearbook/bitre-yearbook-2025/8. TRANSPORT SAFETY.xlsx,Table 8.1 a-b,A2:F130
data_raw/bitre/yearbook/bitre-yearbook-2025/8. TRANSPORT SAFETY.xlsx,Table 8.2a-b,A2:P143
data_raw/bitre/yearbook/bitre-yearbook-2025/8. TRANSPORT SAFETY.xlsx,Table 8.3a-b ,A1:G128
data_raw/bitre/yearbook/bitre-yearbook-2025/8. TRANSPORT SAFETY.xlsx,Table 8.4a-e,A2:L201
data_raw/bitre/yearbook/bitre-yearbook-2025/8. TRANSPORT SAFETY.xlsx,Table 8.5a-b ,A2:J108
data_raw/bitre/yearbook/bitre-yearbook-2025/8. TRANSPORT SAFETY.xlsx,Table 8.6a-e,A1:P122
data_raw/bitre/yearbook/bitre-yearbook-2025/8. TRANSPORT SAFETY.xlsx,Table 8.7,A2:N46
data_raw/bitre/yearbook/bitre-yearbook-2025/8. TRANSPORT SAFETY.xlsx,Table 8.8,A1:O36
data_raw/bitre/yearbook/bitre-yearbook-2025/8. TRANSPORT SAFETY.xlsx,Table 8.9,A2:J11
data_raw/bitre/yearbook/bitre-yearbook-2025/8. TRANSPORT SAFETY.xlsx,Table 8.10,A2:O36
data_raw/bitre/yearbook/bitre-yearbook-2025/8. TRANSPORT SAFETY.xlsx,Table 8.11a-b,A1:L121
data_raw/bitre/yearbook/bitre-yearbook-2025/8. TRANSPORT SAFETY.xlsx,Table 8.12,A1:L123
data_raw/bitre/yearbook/bitre-yearbook-2025/8. TRANSPORT SAFETY.xlsx,Sheet1,A1
data_raw/bitre/yearbook/bitre-yearbook-2025/9. TRANSPORT ENERGY AND ENVIRONEMENT.xlsx,Index,A7:O47
data_raw/bitre/yearbook/bitre-yearbook-2025/9. TRANSPORT ENERGY AND ENVIRONEMENT.xlsx,Table 9.1,A2:K60
data_raw/bitre/yearbook/bitre-yearbook-2025/9. TRANSPORT ENERGY AND ENVIRONEMENT.xlsx,Table 9.2a-b,A2:I55
data_raw/bitre/yearbook/bitre-yearbook-2025/9. TRANSPORT ENERGY AND ENVIRONEMENT.xlsx,Table 9.3,A1:Z59
data_raw/bitre/yearbook/bitre-yearbook-2025/9. TRANSPORT ENERGY AND ENVIRONEMENT.xlsx,Table 9.4,A1:Q46
data_raw/bitre/yearbook/bitre-yearbook-2025/9. TRANSPORT ENERGY AND ENVIRONEMENT.xlsx,Table 9.5,A2:N59
data_raw/bitre/yearbook/bitre-yearbook-2025/9. TRANSPORT ENERGY AND ENVIRONEMENT.xlsx,Table 9.6,A2:M23
data_raw/bitre/yearbook/bitre-yearbook-2025/9. TRANSPORT ENERGY AND ENVIRONEMENT.xlsx,Table 9.7,A2:H23
data_raw/bitre/yearbook/bitre-yearbook-2025/9. TRANSPORT ENERGY AND ENVIRONEMENT.xlsx,Table 9.8,A2:N59
data_raw/bitre/yearbook/bitre-yearbook-2025/9. TRANSPORT ENERGY AND ENVIRONEMENT.xlsx,Table 9.9,A2:J59
data_raw/bitre/yearbook/bitre-yearbook-2025/9. TRANSPORT ENERGY AND ENVIRONEMENT.xlsx,Table 9.10,A1:I60
data_raw/bitre/yearbook/bitre-yearbook-2025/9. TRANSPORT ENERGY AND ENVIRONEMENT.xlsx,Table 9.11,A2:R23
data_raw/energy/table_o/aes-2026-supplementary-statistics-on-grid-off-grid-electricity generation.xlsx,Title page,A1:A3
data_raw/energy/table_o/aes-2026-supplementary-statistics-on-grid-off-grid-electricity generation.xlsx,Method note,A1:A12
data_raw/energy/table_o/aes-2026-supplementary-statistics-on-grid-off-grid-electricity generation.xlsx,FY on-grid generation,A1:U58
data_raw/energy/table_o/aes-2026-supplementary-statistics-on-grid-off-grid-electricity generation.xlsx,CY on-grid generation,A1:S60
data_raw/energy/table_o/aes-2026-supplementary-statistics-on-grid-off-grid-electricity generation.xlsx,FY off-grid generation,A1:U57
data_raw/energy/table_o/aes-2026-supplementary-statistics-on-grid-off-grid-electricity generation.xlsx,CY off-grid generation,A1:Q57
data_raw/energy/table_o/australian-energy-statistics-2026-supplementary-statistics-act-generation.xlsx,Title page,A1:A7
data_raw/energy/table_o/australian-energy-statistics-2026-supplementary-statistics-act-generation.xlsx,Method note,A1:A14
data_raw/energy/table_o/australian-energy-statistics-2026-supplementary-statistics-act-generation.xlsx,ACT,A1:J15
data_raw/energy/table_o/table-o-electricity-generation-by-fuel type-2024-25-and-2025.xlsx,Title page,A1:A3
data_raw/energy/table_o/table-o-electricity-generation-by-fuel type-2024-25-and-2025.xlsx,Method note,A1:A9
data_raw/energy/table_o/table-o-electricity-generation-by-fuel type-2024-25-and-2025.xlsx,Index,A1:H8
data_raw/energy/table_o/table-o-electricity-generation-by-fuel type-2024-25-and-2025.xlsx,AUS FY,A1:AK21
data_raw/energy/table_o/table-o-electricity-generation-by-fuel type-2024-25-and-2025.xlsx,NSW FY,A1:R22
data_raw/energy/table_o/table-o-electricity-generation-by-fuel type-2024-25-and-2025.xlsx,VIC FY,A1:R23
data_raw/energy/table_o/table-o-electricity-generation-by-fuel type-2024-25-and-2025.xlsx,QLD FY,A1:R21
data_raw/energy/table_o/table-o-electricity-generation-by-fuel type-2024-25-and-2025.xlsx,WA FY,A1:R22
data_raw/energy/table_o/table-o-electricity-generation-by-fuel type-2024-25-and-2025.xlsx,SA FY,A1:R21
data_raw/energy/table_o/table-o-electricity-generation-by-fuel type-2024-25-and-2025.xlsx,TAS FY,A1:R21
data_raw/energy/table_o/table-o-electricity-generation-by-fuel type-2024-25-and-2025.xlsx,NT FY,A1:R21
data_raw/energy/table_o/table-o-electricity-generation-by-fuel type-2024-25-and-2025.xlsx,State summary 2024-25,A1:I20
data_raw/energy/table_o/table-o-electricity-generation-by-fuel type-2024-25-and-2025.xlsx,Bioenergy breakdown FY,A1:K13
data_raw/energy/table_o/table-o-electricity-generation-by-fuel type-2024-25-and-2025.xlsx,Industry breakdown FY,A1:J13
data_raw/energy/table_o/table-o-electricity-generation-by-fuel type-2024-25-and-2025.xlsx,Industry and state FY,A1:I12
data_raw/energy/table_o/table-o-electricity-generation-by-fuel type-2024-25-and-2025.xlsx,AUS CY,A1:L18
data_raw/energy/table_o/table-o-electricity-generation-by-fuel type-2024-25-and-2025.xlsx,NSW CY,A1:L18
data_raw/energy/table_o/table-o-electricity-generation-by-fuel type-2024-25-and-2025.xlsx,VIC CY,A1:L19
data_raw/energy/table_o/table-o-electricity-generation-by-fuel type-2024-25-and-2025.xlsx,QLD CY,A1:L18
data_raw/energy/table_o/table-o-electricity-generation-by-fuel type-2024-25-and-2025.xlsx,WA CY,A1:L18
data_raw/energy/table_o/table-o-electricity-generation-by-fuel type-2024-25-and-2025.xlsx,SA CY,A1:L18
data_raw/energy/table_o/table-o-electricity-generation-by-fuel type-2024-25-and-2025.xlsx,TAS CY,A1:L18
data_raw/energy/table_o/table-o-electricity-generation-by-fuel type-2024-25-and-2025.xlsx,NT CY,A1:L18
data_raw/energy/table_o/table-o-electricity-generation-by-fuel type-2024-25-and-2025.xlsx,State summary 2025,A1:I18
