source_workbook,release_year,table,vehicle_type,year,jurisdiction,vehicles
93090DO001_31201501.xls,2015,Table 1,Articulated trucks,2010,ACT,196.0
93090DO001_31201501.xls,2015,Table 1,Articulated trucks,2010,AUS,82436.0
93090DO001_31201501.xls,2015,Table 1,Articulated trucks,2010,NSW,16907.0
93090DO001_31201501.xls,2015,Table 1,Articulated trucks,2010,NT,1033.0
93090DO001_31201501.xls,2015,Table 1,Articulated trucks,2010,QLD,18648.0
93090DO001_31201501.xls,2015,Table 1,Articulated trucks,2010,SA,7310.0
93090DO001_31201501.xls,2015,Table 1,Articulated trucks,2010,TAS,1637.0
93090DO001_31201501.xls,2015,Table 1,Articulated trucks,2010,VIC,24476.0
93090DO001_31201501.xls,2015,Table 1,Articulated trucks,2010,WA,12229.0
93090do001_2016.xls,2016,Table 1,Articulated trucks,2011,ACT,183.0
93090do001_2016.xls,2016,Table 1,Articulated trucks,2011,AUS,85965.0
93090do001_2016.xls,2016,Table 1,Articulated trucks,2011,NSW,18578.0
93090do001_2016.xls,2016,Table 1,Articulated trucks,2011,NT,1069.0
93090do001_2016.xls,2016,Table 1,Articulated trucks,2011,QLD,18899.0
93090do001_2016.xls,2016,Table 1,Articulated trucks,2011,SA,7835.0
93090do001_2016.xls,2016,Table 1,Articulated trucks,2011,TAS,1677.0
93090do001_2016.xls,2016,Table 1,Articulated trucks,2011,VIC,25134.0
93090do001_2016.xls,2016,Table 1,Articulated trucks,2011,WA,12590.0
93090do001_2017.xls,2017,Table 1,Articulated trucks,2012,ACT,169.0
93090do001_2017.xls,2017,Table 1,Articulated trucks,2012,AUS,87995.0
93090do001_2017.xls,2017,Table 1,Articulated trucks,2012,NSW,19009.0
93090do001_2017.xls,2017,Table 1,Articulated trucks,2012,NT,1099.0
93090do001_2017.xls,2017,Table 1,Articulated trucks,2012,QLD,19595.0
93090do001_2017.xls,2017,Table 1,Articulated trucks,2012,SA,8016.0
93090do001_2017.xls,2017,Table 1,Articulated trucks,2012,TAS,1625.0
93090do001_2017.xls,2017,Table 1,Articulated trucks,2012,VIC,25265.0
93090do001_2017.xls,2017,Table 1,Articulated trucks,2012,WA,13217.0
93090do001_2018.xls,2018,Table 1,Articulated trucks,2013,ACT,161.0
93090do001_2018.xls,2018,Table 1,Articulated trucks,2013,AUS,90904.0
93090do001_2018.xls,2018,Table 1,Articulated trucks,2013,NSW,19505.0
93090do001_2018.xls,2018,Table 1,Articulated trucks,2013,NT,1181.0
93090do001_2018.xls,2018,Table 1,Articulated trucks,2013,QLD,20720.0
93090do001_2018.xls,2018,Table 1,Articulated trucks,2013,SA,7988.0
93090do001_2018.xls,2018,Table 1,Articulated trucks,2013,TAS,1563.0
93090do001_2018.xls,2018,Table 1,Articulated trucks,2013,VIC,25560.0
93090do001_2018.xls,2018,Table 1,Articulated trucks,2013,WA,14226.0
93090do001_2019.xls,2019,Table 1,Articulated trucks,2014,ACT,147.0
93090do001_2019.xls,2019,Table 1,Articulated trucks,2014,AUS,93853.0
93090do001_2019.xls,2019,Table 1,Articulated trucks,2014,NSW,19906.0
93090do001_2019.xls,2019,Table 1,Articulated trucks,2014,NT,1233.0
93090do001_2019.xls,2019,Table 1,Articulated trucks,2014,QLD,21496.0
93090do001_2019.xls,2019,Table 1,Articulated trucks,2014,SA,8326.0
93090do001_2019.xls,2019,Table 1,Articulated trucks,2014,TAS,1584.0
93090do001_2019.xls,2019,Table 1,Articulated trucks,2014,VIC,26107.0
93090do001_2019.xls,2019,Table 1,Articulated trucks,2014,WA,15054.0
93090do001_2020.xls,2020,Table 1,Articulated trucks,2015,ACT,143.0
93090do001_2020.xls,2020,Table 1,Articulated trucks,2015,AUS,94975.0
93090do001_2020.xls,2020,Table 1,Articulated trucks,2015,NSW,20622.0
93090do001_2020.xls,2020,Table 1,Articulated trucks,2015,NT,1229.0
93090do001_2020.xls,2020,Table 1,Articulated trucks,2015,QLD,21060.0
93090do001_2020.xls,2020,Table 1,Articulated trucks,2015,SA,8429.0
93090do001_2020.xls,2020,Table 1,Articulated trucks,2015,TAS,1652.0
93090do001_2020.xls,2020,Table 1,Articulated trucks,2015,VIC,26160.0
93090do001_2020.xls,2020,Table 1,Articulated trucks,2015,WA,15680.0
93090do001_2021.xls,2021,Table 1,Articulated trucks,2016,ACT,160.0
93090do001_2021.xls,2021,Table 1,Articulated trucks,2016,AUS,96185.0
93090do001_2021.xls,2021,Table 1,Articulated trucks,2016,NSW,21450.0
93090do001_2021.xls,2021,Table 1,Articulated trucks,2016,NT,1259.0
93090do001_2021.xls,2021,Table 1,Articulated trucks,2016,QLD,20784.0
93090do001_2021.xls,2021,Table 1,Articulated trucks,2016,SA,8423.0
93090do001_2021.xls,2021,Table 1,Articulated trucks,2016,TAS,1721.0
93090do001_2021.xls,2021,Table 1,Articulated trucks,2016,VIC,26779.0
93090do001_2021.xls,2021,Table 1,Articulated trucks,2016,WA,15609.0
93090do001_2018.xls,2018,Table 1,Articulated trucks,2017,ACT,169.0
93090do001_2018.xls,2018,Table 1,Articulated trucks,2017,AUS,98108.0
93090do001_2018.xls,2018,Table 1,Articulated trucks,2017,NSW,22472.0
93090do001_2018.xls,2018,Table 1,Articulated trucks,2017,NT,1145.0
93090do001_2018.xls,2018,Table 1,Articulated trucks,2017,QLD,21162.0
93090do001_2018.xls,2018,Table 1,Articulated trucks,2017,SA,8638.0
93090do001_2018.xls,2018,Table 1,Articulated trucks,2017,TAS,1808.0
93090do001_2018.xls,2018,Table 1,Articulated trucks,2017,VIC,27472.0
93090do001_2018.xls,2018,Table 1,Articulated trucks,2017,WA,15242.0
93090do001_2019.xls,2019,Table 1,Articulated trucks,2018,ACT,168.0
93090do001_2019.xls,2019,Table 1,Articulated trucks,2018,AUS,100694.0
93090do001_2019.xls,2019,Table 1,Articulated trucks,2018,NSW,22795.0
93090do001_2019.xls,2019,Table 1,Articulated trucks,2018,NT,1149.0
93090do001_2019.xls,2019,Table 1,Articulated trucks,2018,QLD,22061.0
93090do001_2019.xls,2019,Table 1,Articulated trucks,2018,SA,8797.0
93090do001_2019.xls,2019,Table 1,Articulated trucks,2018,TAS,1900.0
93090do001_2019.xls,2019,Table 1,Articulated trucks,2018,VIC,28456.0
93090do001_2019.xls,2019,Table 1,Articulated trucks,2018,WA,15368.0
93090do001_2020.xls,2020,Table 1,Articulated trucks,2019,ACT,184.0
93090do001_2020.xls,2020,Table 1,Articulated trucks,2019,AUS,103038.0
93090do001_2020.xls,2020,Table 1,Articulated trucks,2019,NSW,23084.0
93090do001_2020.xls,2020,Table 1,Articulated trucks,2019,NT,1163.0
93090do001_2020.xls,2020,Table 1,Articulated trucks,2019,QLD,22633.0
93090do001_2020.xls,2020,Table 1,Articulated trucks,2019,SA,8892.0
93090do001_2020.xls,2020,Table 1,Articulated trucks,2019,TAS,2057.0
93090do001_2020.xls,2020,Table 1,Articulated trucks,2019,VIC,29192.0
93090do001_2020.xls,2020,Table 1,Articulated trucks,2019,WA,15833.0
93090do001_2021.xls,2021,Table 1,Articulated trucks,2020,ACT,192.0
93090do001_2021.xls,2021,Table 1,Articulated trucks,2020,AUS,105137.0
93090do001_2021.xls,2021,Table 1,Articulated trucks,2020,NSW,23475.0
93090do001_2021.xls,2021,Table 1,Articulated trucks,2020,NT,1171.0
93090do001_2021.xls,2021,Table 1,Articulated trucks,2020,QLD,23106.0
93090do001_2021.xls,2021,Table 1,Articulated trucks,2020,SA,8837.0
93090do001_2021.xls,2021,Table 1,Articulated trucks,2020,TAS,2140.0
93090do001_2021.xls,2021,Table 1,Articulated trucks,2020,VIC,30010.0
93090do001_2021.xls,2021,Table 1,Articulated trucks,2020,WA,16206.0
93090do001_2021.xls,2021,Table 1,Articulated trucks,2021,ACT,201.0
93090do001_2021.xls,2021,Table 1,Articulated trucks,2021,AUS,109927.0
93090do001_2021.xls,2021,Table 1,Articulated trucks,2021,NSW,25358.0
93090do001_2021.xls,2021,Table 1,Articulated trucks,2021,NT,1221.0
93090do001_2021.xls,2021,Table 1,Articulated trucks,2021,QLD,23541.0
93090do001_2021.xls,2021,Table 1,Articulated trucks,2021,SA,9021.0
93090do001_2021.xls,2021,Table 1,Articulated trucks,2021,TAS,2245.0
93090do001_2021.xls,2021,Table 1,Articulated trucks,2021,VIC,31254.0
93090do001_2021.xls,2021,Table 1,Articulated trucks,2021,WA,17086.0
93090DO001_31201501.xls,2015,Table 1,Buses,2010,ACT,1031.0
93090DO001_31201501.xls,2015,Table 1,Buses,2010,AUS,86367.0
93090DO001_31201501.xls,2015,Table 1,Buses,2010,NSW,22865.0
93090DO001_31201501.xls,2015,Table 1,Buses,2010,NT,3577.0
93090DO001_31201501.xls,2015,Table 1,Buses,2010,QLD,19403.0
93090DO001_31201501.xls,2015,Table 1,Buses,2010,SA,5118.0
93090DO001_31201501.xls,2015,Table 1,Buses,2010,TAS,2548.0
93090DO001_31201501.xls,2015,Table 1,Buses,2010,VIC,18407.0
93090DO001_31201501.xls,2015,Table 1,Buses,2010,WA,13418.0
93090do001_2016.xls,2016,Table 1,Buses,2011,ACT,1080.0
93090do001_2016.xls,2016,Table 1,Buses,2011,AUS,87883.0
93090do001_2016.xls,2016,Table 1,Buses,2011,NSW,23390.0
93090do001_2016.xls,2016,Table 1,Buses,2011,NT,3592.0
93090do001_2016.xls,2016,Table 1,Buses,2011,QLD,19542.0
93090do001_2016.xls,2016,Table 1,Buses,2011,SA,5271.0
93090do001_2016.xls,2016,Table 1,Buses,2011,TAS,2594.0
93090do001_2016.xls,2016,Table 1,Buses,2011,VIC,18817.0
93090do001_2016.xls,2016,Table 1,Buses,2011,WA,13597.0
93090do001_2017.xls,2017,Table 1,Buses,2012,ACT,1069.0
93090do001_2017.xls,2017,Table 1,Buses,2012,AUS,90599.0
93090do001_2017.xls,2017,Table 1,Buses,2012,NSW,23762.0
93090do001_2017.xls,2017,Table 1,Buses,2012,NT,3660.0
93090do001_2017.xls,2017,Table 1,Buses,2012,QLD,20220.0
93090do001_2017.xls,2017,Table 1,Buses,2012,SA,5462.0
93090do001_2017.xls,2017,Table 1,Buses,2012,TAS,2701.0
93090do001_2017.xls,2017,Table 1,Buses,2012,VIC,19354.0
93090do001_2017.xls,2017,Table 1,Buses,2012,WA,14371.0
93090do001_2018.xls,2018,Table 1,Buses,2013,ACT,1073.0
93090do001_2018.xls,2018,Table 1,Buses,2013,AUS,93034.0
93090do001_2018.xls,2018,Table 1,Buses,2013,NSW,24210.0
93090do001_2018.xls,2018,Table 1,Buses,2013,NT,3810.0
93090do001_2018.xls,2018,Table 1,Buses,2013,QLD,21026.0
93090do001_2018.xls,2018,Table 1,Buses,2013,SA,5529.0
93090do001_2018.xls,2018,Table 1,Buses,2013,TAS,2744.0
93090do001_2018.xls,2018,Table 1,Buses,2013,VIC,19509.0
93090do001_2018.xls,2018,Table 1,Buses,2013,WA,15133.0
93090do001_2019.xls,2019,Table 1,Buses,2014,ACT,1061.0
93090do001_2019.xls,2019,Table 1,Buses,2014,AUS,94131.0
93090do001_2019.xls,2019,Table 1,Buses,2014,NSW,24617.0
93090do001_2019.xls,2019,Table 1,Buses,2014,NT,3882.0
93090do001_2019.xls,2019,Table 1,Buses,2014,QLD,21337.0
93090do001_2019.xls,2019,Table 1,Buses,2014,SA,5622.0
93090do001_2019.xls,2019,Table 1,Buses,2014,TAS,2667.0
93090do001_2019.xls,2019,Table 1,Buses,2014,VIC,19623.0
93090do001_2019.xls,2019,Table 1,Buses,2014,WA,15322.0
93090do001_2020.xls,2020,Table 1,Buses,2015,ACT,1041.0
93090do001_2020.xls,2020,Table 1,Buses,2015,AUS,95149.0
93090do001_2020.xls,2020,Table 1,Buses,2015,NSW,25249.0
93090do001_2020.xls,2020,Table 1,Buses,2015,NT,3888.0
93090do001_2020.xls,2020,Table 1,Buses,2015,QLD,21432.0
93090do001_2020.xls,2020,Table 1,Buses,2015,SA,5554.0
93090do001_2020.xls,2020,Table 1,Buses,2015,TAS,2690.0
93090do001_2020.xls,2020,Table 1,Buses,2015,VIC,19832.0
93090do001_2020.xls,2020,Table 1,Buses,2015,WA,15463.0
93090do001_2021.xls,2021,Table 1,Buses,2016,ACT,1051.0
93090do001_2021.xls,2021,Table 1,Buses,2016,AUS,96582.0
93090do001_2021.xls,2021,Table 1,Buses,2016,NSW,25939.0
93090do001_2021.xls,2021,Table 1,Buses,2016,NT,3964.0
93090do001_2021.xls,2021,Table 1,Buses,2016,QLD,21455.0
93090do001_2021.xls,2021,Table 1,Buses,2016,SA,5691.0
93090do001_2021.xls,2021,Table 1,Buses,2016,TAS,2818.0
93090do001_2021.xls,2021,Table 1,Buses,2016,VIC,20302.0
93090do001_2021.xls,2021,Table 1,Buses,2016,WA,15362.0
93090do001_2018.xls,2018,Table 1,Buses,2017,ACT,1043.0
93090do001_2018.xls,2018,Table 1,Buses,2017,AUS,96930.0
93090do001_2018.xls,2018,Table 1,Buses,2017,NSW,26761.0
93090do001_2018.xls,2018,Table 1,Buses,2017,NT,3768.0
93090do001_2018.xls,2018,Table 1,Buses,2017,QLD,21361.0
93090do001_2018.xls,2018,Table 1,Buses,2017,SA,5766.0
93090do001_2018.xls,2018,Table 1,Buses,2017,TAS,2859.0
93090do001_2018.xls,2018,Table 1,Buses,2017,VIC,20626.0
93090do001_2018.xls,2018,Table 1,Buses,2017,WA,14746.0
93090do001_2019.xls,2019,Table 1,Buses,2018,ACT,1080.0
93090do001_2019.xls,2019,Table 1,Buses,2018,AUS,98565.0
93090do001_2019.xls,2019,Table 1,Buses,2018,NSW,27166.0
93090do001_2019.xls,2019,Table 1,Buses,2018,NT,3911.0
93090do001_2019.xls,2019,Table 1,Buses,2018,QLD,21831.0
93090do001_2019.xls,2019,Table 1,Buses,2018,SA,5947.0
93090do001_2019.xls,2019,Table 1,Buses,2018,TAS,2906.0
93090do001_2019.xls,2019,Table 1,Buses,2018,VIC,21063.0
93090do001_2019.xls,2019,Table 1,Buses,2018,WA,14661.0
93090do001_2020.xls,2020,Table 1,Buses,2019,ACT,1136.0
93090do001_2020.xls,2020,Table 1,Buses,2019,AUS,99379.0
93090do001_2020.xls,2020,Table 1,Buses,2019,NSW,27605.0
93090do001_2020.xls,2020,Table 1,Buses,2019,NT,3647.0
93090do001_2020.xls,2020,Table 1,Buses,2019,QLD,21944.0
93090do001_2020.xls,2020,Table 1,Buses,2019,SA,5909.0
93090do001_2020.xls,2020,Table 1,Buses,2019,TAS,3008.0
93090do001_2020.xls,2020,Table 1,Buses,2019,VIC,21432.0
93090do001_2020.xls,2020,Table 1,Buses,2019,WA,14698.0
93090do001_2021.xls,2021,Table 1,Buses,2020,ACT,1127.0
93090do001_2021.xls,2021,Table 1,Buses,2020,AUS,100473.0
93090do001_2021.xls,2021,Table 1,Buses,2020,NSW,27838.0
93090do001_2021.xls,2021,Table 1,Buses,2020,NT,3532.0
93090do001_2021.xls,2021,Table 1,Buses,2020,QLD,21989.0
93090do001_2021.xls,2021,Table 1,Buses,2020,SA,6077.0
93090do001_2021.xls,2021,Table 1,Buses,2020,TAS,3112.0
93090do001_2021.xls,2021,Table 1,Buses,2020,VIC,21853.0
93090do001_2021.xls,2021,Table 1,Buses,2020,WA,14945.0
93090do001_2021.xls,2021,Table 1,Buses,2021,ACT,1047.0
93090do001_2021.xls,2021,Table 1,Buses,2021,AUS,97060.0
93090do001_2021.xls,2021,Table 1,Buses,2021,NSW,26548.0
93090do001_2021.xls,2021,Table 1,Buses,2021,NT,3328.0
93090do001_2021.xls,2021,Table 1,Buses,2021,QLD,21196.0
93090do001_2021.xls,2021,Table 1,Buses,2021,SA,6008.0
93090do001_2021.xls,2021,Table 1,Buses,2021,TAS,3042.0
93090do001_2021.xls,2021,Table 1,Buses,2021,VIC,20849.0
93090do001_2021.xls,2021,Table 1,Buses,2021,WA,15042.0
93090DO001_31201501.xls,2015,Table 1,Campervans,2010,ACT,452.0
93090DO001_31201501.xls,2015,Table 1,Campervans,2010,AUS,48504.0
93090DO001_31201501.xls,2015,Table 1,Campervans,2010,NSW,9963.0
93090DO001_31201501.xls,2015,Table 1,Campervans,2010,NT,242.0
93090DO001_31201501.xls,2015,Table 1,Campervans,2010,QLD,11365.0
93090DO001_31201501.xls,2015,Table 1,Campervans,2010,SA,4071.0
93090DO001_31201501.xls,2015,Table 1,Campervans,2010,TAS,4079.0
93090DO001_31201501.xls,2015,Table 1,Campervans,2010,VIC,10721.0
93090DO001_31201501.xls,2015,Table 1,Campervans,2010,WA,7611.0
93090do001_2016.xls,2016,Table 1,Campervans,2011,ACT,456.0
93090do001_2016.xls,2016,Table 1,Campervans,2011,AUS,50653.0
93090do001_2016.xls,2016,Table 1,Campervans,2011,NSW,10537.0
93090do001_2016.xls,2016,Table 1,Campervans,2011,NT,251.0
93090do001_2016.xls,2016,Table 1,Campervans,2011,QLD,11978.0
93090do001_2016.xls,2016,Table 1,Campervans,2011,SA,4059.0
93090do001_2016.xls,2016,Table 1,Campervans,2011,TAS,4284.0
93090do001_2016.xls,2016,Table 1,Campervans,2011,VIC,11147.0
93090do001_2016.xls,2016,Table 1,Campervans,2011,WA,7941.0
93090do001_2017.xls,2017,Table 1,Campervans,2012,ACT,460.0
93090do001_2017.xls,2017,Table 1,Campervans,2012,AUS,52600.0
93090do001_2017.xls,2017,Table 1,Campervans,2012,NSW,11183.0
93090do001_2017.xls,2017,Table 1,Campervans,2012,NT,244.0
93090do001_2017.xls,2017,Table 1,Campervans,2012,QLD,12449.0
93090do001_2017.xls,2017,Table 1,Campervans,2012,SA,4002.0
93090do001_2017.xls,2017,Table 1,Campervans,2012,TAS,4503.0
93090do001_2017.xls,2017,Table 1,Campervans,2012,VIC,11632.0
93090do001_2017.xls,2017,Table 1,Campervans,2012,WA,8127.0
93090do001_2018.xls,2018,Table 1,Campervans,2013,ACT,464.0
93090do001_2018.xls,2018,Table 1,Campervans,2013,AUS,54101.0
93090do001_2018.xls,2018,Table 1,Campervans,2013,NSW,11885.0
93090do001_2018.xls,2018,Table 1,Campervans,2013,NT,248.0
93090do001_2018.xls,2018,Table 1,Campervans,2013,QLD,12859.0
93090do001_2018.xls,2018,Table 1,Campervans,2013,SA,3983.0
93090do001_2018.xls,2018,Table 1,Campervans,2013,TAS,4529.0
93090do001_2018.xls,2018,Table 1,Campervans,2013,VIC,11918.0
93090do001_2018.xls,2018,Table 1,Campervans,2013,WA,8215.0
93090do001_2019.xls,2019,Table 1,Campervans,2014,ACT,430.0
93090do001_2019.xls,2019,Table 1,Campervans,2014,AUS,55757.0
93090do001_2019.xls,2019,Table 1,Campervans,2014,NSW,12538.0
93090do001_2019.xls,2019,Table 1,Campervans,2014,NT,234.0
93090do001_2019.xls,2019,Table 1,Campervans,2014,QLD,13311.0
93090do001_2019.xls,2019,Table 1,Campervans,2014,SA,4052.0
93090do001_2019.xls,2019,Table 1,Campervans,2014,TAS,4574.0
93090do001_2019.xls,2019,Table 1,Campervans,2014,VIC,12360.0
93090do001_2019.xls,2019,Table 1,Campervans,2014,WA,8258.0
93090do001_2020.xls,2020,Table 1,Campervans,2015,ACT,430.0
93090do001_2020.xls,2020,Table 1,Campervans,2015,AUS,58288.0
93090do001_2020.xls,2020,Table 1,Campervans,2015,NSW,13913.0
93090do001_2020.xls,2020,Table 1,Campervans,2015,NT,229.0
93090do001_2020.xls,2020,Table 1,Campervans,2015,QLD,14071.0
93090do001_2020.xls,2020,Table 1,Campervans,2015,SA,4142.0
93090do001_2020.xls,2020,Table 1,Campervans,2015,TAS,4602.0
93090do001_2020.xls,2020,Table 1,Campervans,2015,VIC,12687.0
93090do001_2020.xls,2020,Table 1,Campervans,2015,WA,8214.0
93090do001_2021.xls,2021,Table 1,Campervans,2016,ACT,444.0
93090do001_2021.xls,2021,Table 1,Campervans,2016,AUS,60900.0
93090do001_2021.xls,2021,Table 1,Campervans,2016,NSW,15345.0
93090do001_2021.xls,2021,Table 1,Campervans,2016,NT,223.0
93090do001_2021.xls,2021,Table 1,Campervans,2016,QLD,14864.0
93090do001_2021.xls,2021,Table 1,Campervans,2016,SA,4164.0
93090do001_2021.xls,2021,Table 1,Campervans,2016,TAS,4588.0
93090do001_2021.xls,2021,Table 1,Campervans,2016,VIC,13118.0
93090do001_2021.xls,2021,Table 1,Campervans,2016,WA,8154.0
93090do001_2018.xls,2018,Table 1,Campervans,2017,ACT,436.0
93090do001_2018.xls,2018,Table 1,Campervans,2017,AUS,63650.0
93090do001_2018.xls,2018,Table 1,Campervans,2017,NSW,16612.0
93090do001_2018.xls,2018,Table 1,Campervans,2017,NT,214.0
93090do001_2018.xls,2018,Table 1,Campervans,2017,QLD,15848.0
93090do001_2018.xls,2018,Table 1,Campervans,2017,SA,4223.0
93090do001_2018.xls,2018,Table 1,Campervans,2017,TAS,4714.0
93090do001_2018.xls,2018,Table 1,Campervans,2017,VIC,13583.0
93090do001_2018.xls,2018,Table 1,Campervans,2017,WA,8020.0
93090do001_2019.xls,2019,Table 1,Campervans,2018,ACT,452.0
93090do001_2019.xls,2019,Table 1,Campervans,2018,AUS,66594.0
93090do001_2019.xls,2019,Table 1,Campervans,2018,NSW,17831.0
93090do001_2019.xls,2019,Table 1,Campervans,2018,NT,218.0
93090do001_2019.xls,2019,Table 1,Campervans,2018,QLD,16607.0
93090do001_2019.xls,2019,Table 1,Campervans,2018,SA,4400.0
93090do001_2019.xls,2019,Table 1,Campervans,2018,TAS,4883.0
93090do001_2019.xls,2019,Table 1,Campervans,2018,VIC,14210.0
93090do001_2019.xls,2019,Table 1,Campervans,2018,WA,7993.0
93090do001_2020.xls,2020,Table 1,Campervans,2019,ACT,473.0
93090do001_2020.xls,2020,Table 1,Campervans,2019,AUS,69753.0
93090do001_2020.xls,2020,Table 1,Campervans,2019,NSW,18916.0
93090do001_2020.xls,2020,Table 1,Campervans,2019,NT,193.0
93090do001_2020.xls,2020,Table 1,Campervans,2019,QLD,17444.0
93090do001_2020.xls,2020,Table 1,Campervans,2019,SA,4929.0
93090do001_2020.xls,2020,Table 1,Campervans,2019,TAS,5021.0
93090do001_2020.xls,2020,Table 1,Campervans,2019,VIC,14783.0
93090do001_2020.xls,2020,Table 1,Campervans,2019,WA,7994.0
93090do001_2021.xls,2021,Table 1,Campervans,2020,ACT,488.0
93090do001_2021.xls,2021,Table 1,Campervans,2020,AUS,72220.0
93090do001_2021.xls,2021,Table 1,Campervans,2020,NSW,19601.0
93090do001_2021.xls,2021,Table 1,Campervans,2020,NT,189.0
93090do001_2021.xls,2021,Table 1,Campervans,2020,QLD,18131.0
93090do001_2021.xls,2021,Table 1,Campervans,2020,SA,5050.0
93090do001_2021.xls,2021,Table 1,Campervans,2020,TAS,5157.0
93090do001_2021.xls,2021,Table 1,Campervans,2020,VIC,15268.0
93090do001_2021.xls,2021,Table 1,Campervans,2020,WA,8336.0
93090do001_2021.xls,2021,Table 1,Campervans,2021,ACT,511.0
93090do001_2021.xls,2021,Table 1,Campervans,2021,AUS,74324.0
93090do001_2021.xls,2021,Table 1,Campervans,2021,NSW,20699.0
93090do001_2021.xls,2021,Table 1,Campervans,2021,NT,211.0
93090do001_2021.xls,2021,Table 1,Campervans,2021,QLD,18608.0
93090do001_2021.xls,2021,Table 1,Campervans,2021,SA,5452.0
93090do001_2021.xls,2021,Table 1,Campervans,2021,TAS,5283.0
93090do001_2021.xls,2021,Table 1,Campervans,2021,VIC,15155.0
93090do001_2021.xls,2021,Table 1,Campervans,2021,WA,8405.0
93090DO001_31201501.xls,2015,Table 1,Heavy rigid trucks,2010,ACT,1698.0
93090DO001_31201501.xls,2015,Table 1,Heavy rigid trucks,2010,AUS,315433.0
93090DO001_31201501.xls,2015,Table 1,Heavy rigid trucks,2010,NSW,83267.0
93090DO001_31201501.xls,2015,Table 1,Heavy rigid trucks,2010,NT,3888.0
93090DO001_31201501.xls,2015,Table 1,Heavy rigid trucks,2010,QLD,69999.0
93090DO001_31201501.xls,2015,Table 1,Heavy rigid trucks,2010,SA,23241.0
93090DO001_31201501.xls,2015,Table 1,Heavy rigid trucks,2010,TAS,8384.0
93090DO001_31201501.xls,2015,Table 1,Heavy rigid trucks,2010,VIC,76604.0
93090DO001_31201501.xls,2015,Table 1,Heavy rigid trucks,2010,WA,48352.0
93090do001_2016.xls,2016,Table 1,Heavy rigid trucks,2011,ACT,1727.0
93090do001_2016.xls,2016,Table 1,Heavy rigid trucks,2011,AUS,318223.0
93090do001_2016.xls,2016,Table 1,Heavy rigid trucks,2011,NSW,84401.0
93090do001_2016.xls,2016,Table 1,Heavy rigid trucks,2011,NT,4116.0
93090do001_2016.xls,2016,Table 1,Heavy rigid trucks,2011,QLD,69262.0
93090do001_2016.xls,2016,Table 1,Heavy rigid trucks,2011,SA,23692.0
93090do001_2016.xls,2016,Table 1,Heavy rigid trucks,2011,TAS,8597.0
93090do001_2016.xls,2016,Table 1,Heavy rigid trucks,2011,VIC,77339.0
93090do001_2016.xls,2016,Table 1,Heavy rigid trucks,2011,WA,49089.0
93090do001_2017.xls,2017,Table 1,Heavy rigid trucks,2012,ACT,1746.0
93090do001_2017.xls,2017,Table 1,Heavy rigid trucks,2012,AUS,322115.0
93090do001_2017.xls,2017,Table 1,Heavy rigid trucks,2012,NSW,85087.0
93090do001_2017.xls,2017,Table 1,Heavy rigid trucks,2012,NT,4207.0
93090do001_2017.xls,2017,Table 1,Heavy rigid trucks,2012,QLD,70124.0
93090do001_2017.xls,2017,Table 1,Heavy rigid trucks,2012,SA,23566.0
93090do001_2017.xls,2017,Table 1,Heavy rigid trucks,2012,TAS,8578.0
93090do001_2017.xls,2017,Table 1,Heavy rigid trucks,2012,VIC,78324.0
93090do001_2017.xls,2017,Table 1,Heavy rigid trucks,2012,WA,50483.0
93090do001_2018.xls,2018,Table 1,Heavy rigid trucks,2013,ACT,1712.0
93090do001_2018.xls,2018,Table 1,Heavy rigid trucks,2013,AUS,325998.0
93090do001_2018.xls,2018,Table 1,Heavy rigid trucks,2013,NSW,85807.0
93090do001_2018.xls,2018,Table 1,Heavy rigid trucks,2013,NT,4359.0
93090do001_2018.xls,2018,Table 1,Heavy rigid trucks,2013,QLD,71366.0
93090do001_2018.xls,2018,Table 1,Heavy rigid trucks,2013,SA,23326.0
93090do001_2018.xls,2018,Table 1,Heavy rigid trucks,2013,TAS,8720.0
93090do001_2018.xls,2018,Table 1,Heavy rigid trucks,2013,VIC,78490.0
93090do001_2018.xls,2018,Table 1,Heavy rigid trucks,2013,WA,52218.0
93090do001_2019.xls,2019,Table 1,Heavy rigid trucks,2014,ACT,1704.0
93090do001_2019.xls,2019,Table 1,Heavy rigid trucks,2014,AUS,329464.0
93090do001_2019.xls,2019,Table 1,Heavy rigid trucks,2014,NSW,86973.0
93090do001_2019.xls,2019,Table 1,Heavy rigid trucks,2014,NT,4478.0
93090do001_2019.xls,2019,Table 1,Heavy rigid trucks,2014,QLD,72362.0
93090do001_2019.xls,2019,Table 1,Heavy rigid trucks,2014,SA,23134.0
93090do001_2019.xls,2019,Table 1,Heavy rigid trucks,2014,TAS,8698.0
93090do001_2019.xls,2019,Table 1,Heavy rigid trucks,2014,VIC,78376.0
93090do001_2019.xls,2019,Table 1,Heavy rigid trucks,2014,WA,53739.0
93090do001_2020.xls,2020,Table 1,Heavy rigid trucks,2015,ACT,1644.0
93090do001_2020.xls,2020,Table 1,Heavy rigid trucks,2015,AUS,331699.0
93090do001_2020.xls,2020,Table 1,Heavy rigid trucks,2015,NSW,88977.0
93090do001_2020.xls,2020,Table 1,Heavy rigid trucks,2015,NT,4600.0
93090do001_2020.xls,2020,Table 1,Heavy rigid trucks,2015,QLD,71911.0
93090do001_2020.xls,2020,Table 1,Heavy rigid trucks,2015,SA,22982.0
93090do001_2020.xls,2020,Table 1,Heavy rigid trucks,2015,TAS,8773.0
93090do001_2020.xls,2020,Table 1,Heavy rigid trucks,2015,VIC,78446.0
93090do001_2020.xls,2020,Table 1,Heavy rigid trucks,2015,WA,54366.0
93090do001_2021.xls,2021,Table 1,Heavy rigid trucks,2016,ACT,1621.0
93090do001_2021.xls,2021,Table 1,Heavy rigid trucks,2016,AUS,334812.0
93090do001_2021.xls,2021,Table 1,Heavy rigid trucks,2016,NSW,91242.0
93090do001_2021.xls,2021,Table 1,Heavy rigid trucks,2016,NT,4724.0
93090do001_2021.xls,2021,Table 1,Heavy rigid trucks,2016,QLD,71776.0
93090do001_2021.xls,2021,Table 1,Heavy rigid trucks,2016,SA,22886.0
93090do001_2021.xls,2021,Table 1,Heavy rigid trucks,2016,TAS,8838.0
93090do001_2021.xls,2021,Table 1,Heavy rigid trucks,2016,VIC,79506.0
93090do001_2021.xls,2021,Table 1,Heavy rigid trucks,2016,WA,54219.0
93090do001_2018.xls,2018,Table 1,Heavy rigid trucks,2017,ACT,1614.0
93090do001_2018.xls,2018,Table 1,Heavy rigid trucks,2017,AUS,341179.0
93090do001_2018.xls,2018,Table 1,Heavy rigid trucks,2017,NSW,94933.0
93090do001_2018.xls,2018,Table 1,Heavy rigid trucks,2017,NT,4633.0
93090do001_2018.xls,2018,Table 1,Heavy rigid trucks,2017,QLD,72544.0
93090do001_2018.xls,2018,Table 1,Heavy rigid trucks,2017,SA,23096.0
93090do001_2018.xls,2018,Table 1,Heavy rigid trucks,2017,TAS,8999.0
93090do001_2018.xls,2018,Table 1,Heavy rigid trucks,2017,VIC,81461.0
93090do001_2018.xls,2018,Table 1,Heavy rigid trucks,2017,WA,53899.0
93090do001_2019.xls,2019,Table 1,Heavy rigid trucks,2018,ACT,1610.0
93090do001_2019.xls,2019,Table 1,Heavy rigid trucks,2018,AUS,346966.0
93090do001_2019.xls,2019,Table 1,Heavy rigid trucks,2018,NSW,97953.0
93090do001_2019.xls,2019,Table 1,Heavy rigid trucks,2018,NT,4718.0
93090do001_2019.xls,2019,Table 1,Heavy rigid trucks,2018,QLD,73896.0
93090do001_2019.xls,2019,Table 1,Heavy rigid trucks,2018,SA,22918.0
93090do001_2019.xls,2019,Table 1,Heavy rigid trucks,2018,TAS,9271.0
93090do001_2019.xls,2019,Table 1,Heavy rigid trucks,2018,VIC,83233.0
93090do001_2019.xls,2019,Table 1,Heavy rigid trucks,2018,WA,53367.0
93090do001_2020.xls,2020,Table 1,Heavy rigid trucks,2019,ACT,1651.0
93090do001_2020.xls,2020,Table 1,Heavy rigid trucks,2019,AUS,353759.0
93090do001_2020.xls,2020,Table 1,Heavy rigid trucks,2019,NSW,100546.0
93090do001_2020.xls,2020,Table 1,Heavy rigid trucks,2019,NT,4638.0
93090do001_2020.xls,2020,Table 1,Heavy rigid trucks,2019,QLD,75255.0
93090do001_2020.xls,2020,Table 1,Heavy rigid trucks,2019,SA,22828.0
93090do001_2020.xls,2020,Table 1,Heavy rigid trucks,2019,TAS,9510.0
93090do001_2020.xls,2020,Table 1,Heavy rigid trucks,2019,VIC,86103.0
93090do001_2020.xls,2020,Table 1,Heavy rigid trucks,2019,WA,53228.0
93090do001_2021.xls,2021,Table 1,Heavy rigid trucks,2020,ACT,1583.0
93090do001_2021.xls,2021,Table 1,Heavy rigid trucks,2020,AUS,358834.0
93090do001_2021.xls,2021,Table 1,Heavy rigid trucks,2020,NSW,101814.0
93090do001_2021.xls,2021,Table 1,Heavy rigid trucks,2020,NT,4593.0
93090do001_2021.xls,2021,Table 1,Heavy rigid trucks,2020,QLD,76083.0
93090do001_2021.xls,2021,Table 1,Heavy rigid trucks,2020,SA,22713.0
93090do001_2021.xls,2021,Table 1,Heavy rigid trucks,2020,TAS,9761.0
93090do001_2021.xls,2021,Table 1,Heavy rigid trucks,2020,VIC,88175.0
93090do001_2021.xls,2021,Table 1,Heavy rigid trucks,2020,WA,54112.0
93090do001_2021.xls,2021,Table 1,Heavy rigid trucks,2021,ACT,1649.0
93090do001_2021.xls,2021,Table 1,Heavy rigid trucks,2021,AUS,364989.0
93090do001_2021.xls,2021,Table 1,Heavy rigid trucks,2021,NSW,103743.0
93090do001_2021.xls,2021,Table 1,Heavy rigid trucks,2021,NT,4647.0
93090do001_2021.xls,2021,Table 1,Heavy rigid trucks,2021,QLD,77569.0
93090do001_2021.xls,2021,Table 1,Heavy rigid trucks,2021,SA,22874.0
93090do001_2021.xls,2021,Table 1,Heavy rigid trucks,2021,TAS,10042.0
93090do001_2021.xls,2021,Table 1,Heavy rigid trucks,2021,VIC,89747.0
93090do001_2021.xls,2021,Table 1,Heavy rigid trucks,2021,WA,54718.0
93090DO001_31201501.xls,2015,Table 1,Light commercial vehicles,2010,ACT,24194.0
93090DO001_31201501.xls,2015,Table 1,Light commercial vehicles,2010,AUS,2460568.0
93090DO001_31201501.xls,2015,Table 1,Light commercial vehicles,2010,NSW,656233.0
93090DO001_31201501.xls,2015,Table 1,Light commercial vehicles,2010,NT,34864.0
93090DO001_31201501.xls,2015,Table 1,Light commercial vehicles,2010,QLD,638801.0
93090DO001_31201501.xls,2015,Table 1,Light commercial vehicles,2010,SA,167251.0
93090DO001_31201501.xls,2015,Table 1,Light commercial vehicles,2010,TAS,84811.0
93090DO001_31201501.xls,2015,Table 1,Light commercial vehicles,2010,VIC,545898.0
93090DO001_31201501.xls,2015,Table 1,Light commercial vehicles,2010,WA,308516.0
93090do001_2016.xls,2016,Table 1,Light commercial vehicles,2011,ACT,25338.0
93090do001_2016.xls,2016,Table 1,Light commercial vehicles,2011,AUS,2530630.0
93090do001_2016.xls,2016,Table 1,Light commercial vehicles,2011,NSW,675152.0
93090do001_2016.xls,2016,Table 1,Light commercial vehicles,2011,NT,36005.0
93090do001_2016.xls,2016,Table 1,Light commercial vehicles,2011,QLD,653400.0
93090do001_2016.xls,2016,Table 1,Light commercial vehicles,2011,SA,172631.0
93090do001_2016.xls,2016,Table 1,Light commercial vehicles,2011,TAS,87113.0
93090do001_2016.xls,2016,Table 1,Light commercial vehicles,2011,VIC,562844.0
93090do001_2016.xls,2016,Table 1,Light commercial vehicles,2011,WA,318147.0
93090do001_2017.xls,2017,Table 1,Light commercial vehicles,2012,ACT,26435.0
93090do001_2017.xls,2017,Table 1,Light commercial vehicles,2012,AUS,2617799.0
93090do001_2017.xls,2017,Table 1,Light commercial vehicles,2012,NSW,694775.0
93090do001_2017.xls,2017,Table 1,Light commercial vehicles,2012,NT,37537.0
93090do001_2017.xls,2017,Table 1,Light commercial vehicles,2012,QLD,678393.0
93090do001_2017.xls,2017,Table 1,Light commercial vehicles,2012,SA,176834.0
93090do001_2017.xls,2017,Table 1,Light commercial vehicles,2012,TAS,90681.0
93090do001_2017.xls,2017,Table 1,Light commercial vehicles,2012,VIC,580727.0
93090do001_2017.xls,2017,Table 1,Light commercial vehicles,2012,WA,332417.0
93090do001_2018.xls,2018,Table 1,Light commercial vehicles,2013,ACT,27347.0
93090do001_2018.xls,2018,Table 1,Light commercial vehicles,2013,AUS,2717673.0
93090do001_2018.xls,2018,Table 1,Light commercial vehicles,2013,NSW,720854.0
93090do001_2018.xls,2018,Table 1,Light commercial vehicles,2013,NT,40292.0
93090do001_2018.xls,2018,Table 1,Light commercial vehicles,2013,QLD,710842.0
93090do001_2018.xls,2018,Table 1,Light commercial vehicles,2013,SA,181792.0
93090do001_2018.xls,2018,Table 1,Light commercial vehicles,2013,TAS,92196.0
93090do001_2018.xls,2018,Table 1,Light commercial vehicles,2013,VIC,596530.0
93090do001_2018.xls,2018,Table 1,Light commercial vehicles,2013,WA,347820.0
93090do001_2019.xls,2019,Table 1,Light commercial vehicles,2014,ACT,28464.0
93090do001_2019.xls,2019,Table 1,Light commercial vehicles,2014,AUS,2824052.0
93090do001_2019.xls,2019,Table 1,Light commercial vehicles,2014,NSW,747280.0
93090do001_2019.xls,2019,Table 1,Light commercial vehicles,2014,NT,42323.0
93090do001_2019.xls,2019,Table 1,Light commercial vehicles,2014,QLD,740554.0
93090do001_2019.xls,2019,Table 1,Light commercial vehicles,2014,SA,188196.0
93090do001_2019.xls,2019,Table 1,Light commercial vehicles,2014,TAS,94437.0
93090do001_2019.xls,2019,Table 1,Light commercial vehicles,2014,VIC,616579.0
93090do001_2019.xls,2019,Table 1,Light commercial vehicles,2014,WA,366219.0
93090do001_2020.xls,2020,Table 1,Light commercial vehicles,2015,ACT,29177.0
93090do001_2020.xls,2020,Table 1,Light commercial vehicles,2015,AUS,2907006.0
93090do001_2020.xls,2020,Table 1,Light commercial vehicles,2015,NSW,776171.0
93090do001_2020.xls,2020,Table 1,Light commercial vehicles,2015,NT,43470.0
93090do001_2020.xls,2020,Table 1,Light commercial vehicles,2015,QLD,758520.0
93090do001_2020.xls,2020,Table 1,Light commercial vehicles,2015,SA,194244.0
93090do001_2020.xls,2020,Table 1,Light commercial vehicles,2015,TAS,96916.0
93090do001_2020.xls,2020,Table 1,Light commercial vehicles,2015,VIC,632496.0
93090do001_2020.xls,2020,Table 1,Light commercial vehicles,2015,WA,376012.0
93090do001_2021.xls,2021,Table 1,Light commercial vehicles,2016,ACT,29817.0
93090do001_2021.xls,2021,Table 1,Light commercial vehicles,2016,AUS,2985592.0
93090do001_2021.xls,2021,Table 1,Light commercial vehicles,2016,NSW,804665.0
93090do001_2021.xls,2021,Table 1,Light commercial vehicles,2016,NT,44419.0
93090do001_2021.xls,2021,Table 1,Light commercial vehicles,2016,QLD,775864.0
93090do001_2021.xls,2021,Table 1,Light commercial vehicles,2016,SA,199058.0
93090do001_2021.xls,2021,Table 1,Light commercial vehicles,2016,TAS,99346.0
93090do001_2021.xls,2021,Table 1,Light commercial vehicles,2016,VIC,652020.0
93090do001_2021.xls,2021,Table 1,Light commercial vehicles,2016,WA,380403.0
93090do001_2018.xls,2018,Table 1,Light commercial vehicles,2017,ACT,30696.0
93090do001_2018.xls,2018,Table 1,Light commercial vehicles,2017,AUS,3079590.0
93090do001_2018.xls,2018,Table 1,Light commercial vehicles,2017,NSW,839451.0
93090do001_2018.xls,2018,Table 1,Light commercial vehicles,2017,NT,43854.0
93090do001_2018.xls,2018,Table 1,Light commercial vehicles,2017,QLD,797839.0
93090do001_2018.xls,2018,Table 1,Light commercial vehicles,2017,SA,205786.0
93090do001_2018.xls,2018,Table 1,Light commercial vehicles,2017,TAS,102580.0
93090do001_2018.xls,2018,Table 1,Light commercial vehicles,2017,VIC,675606.0
93090do001_2018.xls,2018,Table 1,Light commercial vehicles,2017,WA,383778.0
93090do001_2019.xls,2019,Table 1,Light commercial vehicles,2018,ACT,31927.0
93090do001_2019.xls,2019,Table 1,Light commercial vehicles,2018,AUS,3187131.0
93090do001_2019.xls,2019,Table 1,Light commercial vehicles,2018,NSW,875215.0
93090do001_2019.xls,2019,Table 1,Light commercial vehicles,2018,NT,44730.0
93090do001_2019.xls,2019,Table 1,Light commercial vehicles,2018,QLD,824950.0
93090do001_2019.xls,2019,Table 1,Light commercial vehicles,2018,SA,212739.0
93090do001_2019.xls,2019,Table 1,Light commercial vehicles,2018,TAS,106102.0
93090do001_2019.xls,2019,Table 1,Light commercial vehicles,2018,VIC,703290.0
93090do001_2019.xls,2019,Table 1,Light commercial vehicles,2018,WA,388178.0
93090do001_2020.xls,2020,Table 1,Light commercial vehicles,2019,ACT,32864.0
93090do001_2020.xls,2020,Table 1,Light commercial vehicles,2019,AUS,3313418.0
93090do001_2020.xls,2020,Table 1,Light commercial vehicles,2019,NSW,915953.0
93090do001_2020.xls,2020,Table 1,Light commercial vehicles,2019,NT,44975.0
93090do001_2020.xls,2020,Table 1,Light commercial vehicles,2019,QLD,864268.0
93090do001_2020.xls,2020,Table 1,Light commercial vehicles,2019,SA,220456.0
93090do001_2020.xls,2020,Table 1,Light commercial vehicles,2019,TAS,110109.0
93090do001_2020.xls,2020,Table 1,Light commercial vehicles,2019,VIC,731084.0
93090do001_2020.xls,2020,Table 1,Light commercial vehicles,2019,WA,393709.0
93090do001_2021.xls,2021,Table 1,Light commercial vehicles,2020,ACT,33500.0
93090do001_2021.xls,2021,Table 1,Light commercial vehicles,2020,AUS,3407016.0
93090do001_2021.xls,2021,Table 1,Light commercial vehicles,2020,NSW,941140.0
93090do001_2021.xls,2021,Table 1,Light commercial vehicles,2020,NT,44762.0
93090do001_2021.xls,2021,Table 1,Light commercial vehicles,2020,QLD,887239.0
93090do001_2021.xls,2021,Table 1,Light commercial vehicles,2020,SA,226726.0
93090do001_2021.xls,2021,Table 1,Light commercial vehicles,2020,TAS,114299.0
93090do001_2021.xls,2021,Table 1,Light commercial vehicles,2020,VIC,753341.0
93090do001_2021.xls,2021,Table 1,Light commercial vehicles,2020,WA,406009.0
93090do001_2021.xls,2021,Table 1,Light commercial vehicles,2021,ACT,34829.0
93090do001_2021.xls,2021,Table 1,Light commercial vehicles,2021,AUS,3519457.0
93090do001_2021.xls,2021,Table 1,Light commercial vehicles,2021,NSW,975509.0
93090do001_2021.xls,2021,Table 1,Light commercial vehicles,2021,NT,45502.0
93090do001_2021.xls,2021,Table 1,Light commercial vehicles,2021,QLD,917546.0
93090do001_2021.xls,2021,Table 1,Light commercial vehicles,2021,SA,235666.0
93090do001_2021.xls,2021,Table 1,Light commercial vehicles,2021,TAS,118901.0
93090do001_2021.xls,2021,Table 1,Light commercial vehicles,2021,VIC,774389.0
93090do001_2021.xls,2021,Table 1,Light commercial vehicles,2021,WA,417115.0
93090DO001_31201501.xls,2015,Table 1,Light rigid trucks,2010,ACT,785.0
93090DO001_31201501.xls,2015,Table 1,Light rigid trucks,2010,AUS,115845.0
93090DO001_31201501.xls,2015,Table 1,Light rigid trucks,2010,NSW,38341.0
93090DO001_31201501.xls,2015,Table 1,Light rigid trucks,2010,NT,674.0
93090DO001_31201501.xls,2015,Table 1,Light rigid trucks,2010,QLD,30158.0
93090DO001_31201501.xls,2015,Table 1,Light rigid trucks,2010,SA,6018.0
93090DO001_31201501.xls,2015,Table 1,Light rigid trucks,2010,TAS,2610.0
93090DO001_31201501.xls,2015,Table 1,Light rigid trucks,2010,VIC,24821.0
93090DO001_31201501.xls,2015,Table 1,Light rigid trucks,2010,WA,12438.0
93090do001_2016.xls,2016,Table 1,Light rigid trucks,2011,ACT,837.0
93090do001_2016.xls,2016,Table 1,Light rigid trucks,2011,AUS,119539.0
93090do001_2016.xls,2016,Table 1,Light rigid trucks,2011,NSW,39460.0
93090do001_2016.xls,2016,Table 1,Light rigid trucks,2011,NT,645.0
93090do001_2016.xls,2016,Table 1,Light rigid trucks,2011,QLD,30970.0
93090do001_2016.xls,2016,Table 1,Light rigid trucks,2011,SA,6196.0
93090do001_2016.xls,2016,Table 1,Light rigid trucks,2011,TAS,2705.0
93090do001_2016.xls,2016,Table 1,Light rigid trucks,2011,VIC,25566.0
93090do001_2016.xls,2016,Table 1,Light rigid trucks,2011,WA,13160.0
93090do001_2017.xls,2017,Table 1,Light rigid trucks,2012,ACT,872.0
93090do001_2017.xls,2017,Table 1,Light rigid trucks,2012,AUS,124291.0
93090do001_2017.xls,2017,Table 1,Light rigid trucks,2012,NSW,40674.0
93090do001_2017.xls,2017,Table 1,Light rigid trucks,2012,NT,626.0
93090do001_2017.xls,2017,Table 1,Light rigid trucks,2012,QLD,32154.0
93090do001_2017.xls,2017,Table 1,Light rigid trucks,2012,SA,6412.0
93090do001_2017.xls,2017,Table 1,Light rigid trucks,2012,TAS,2838.0
93090do001_2017.xls,2017,Table 1,Light rigid trucks,2012,VIC,26457.0
93090do001_2017.xls,2017,Table 1,Light rigid trucks,2012,WA,14258.0
93090do001_2018.xls,2018,Table 1,Light rigid trucks,2013,ACT,909.0
93090do001_2018.xls,2018,Table 1,Light rigid trucks,2013,AUS,131147.0
93090do001_2018.xls,2018,Table 1,Light rigid trucks,2013,NSW,41929.0
93090do001_2018.xls,2018,Table 1,Light rigid trucks,2013,NT,609.0
93090do001_2018.xls,2018,Table 1,Light rigid trucks,2013,QLD,33424.0
93090do001_2018.xls,2018,Table 1,Light rigid trucks,2013,SA,6645.0
93090do001_2018.xls,2018,Table 1,Light rigid trucks,2013,TAS,2898.0
93090do001_2018.xls,2018,Table 1,Light rigid trucks,2013,VIC,29411.0
93090do001_2018.xls,2018,Table 1,Light rigid trucks,2013,WA,15322.0
93090do001_2019.xls,2019,Table 1,Light rigid trucks,2014,ACT,944.0
93090do001_2019.xls,2019,Table 1,Light rigid trucks,2014,AUS,135658.0
93090do001_2019.xls,2019,Table 1,Light rigid trucks,2014,NSW,43412.0
93090do001_2019.xls,2019,Table 1,Light rigid trucks,2014,NT,601.0
93090do001_2019.xls,2019,Table 1,Light rigid trucks,2014,QLD,34432.0
93090do001_2019.xls,2019,Table 1,Light rigid trucks,2014,SA,6898.0
93090do001_2019.xls,2019,Table 1,Light rigid trucks,2014,TAS,3034.0
93090do001_2019.xls,2019,Table 1,Light rigid trucks,2014,VIC,29910.0
93090do001_2019.xls,2019,Table 1,Light rigid trucks,2014,WA,16427.0
93090do001_2020.xls,2020,Table 1,Light rigid trucks,2015,ACT,977.0
93090do001_2020.xls,2020,Table 1,Light rigid trucks,2015,AUS,140625.0
93090do001_2020.xls,2020,Table 1,Light rigid trucks,2015,NSW,46387.0
93090do001_2020.xls,2020,Table 1,Light rigid trucks,2015,NT,614.0
93090do001_2020.xls,2020,Table 1,Light rigid trucks,2015,QLD,35025.0
93090do001_2020.xls,2020,Table 1,Light rigid trucks,2015,SA,7038.0
93090do001_2020.xls,2020,Table 1,Light rigid trucks,2015,TAS,3174.0
93090do001_2020.xls,2020,Table 1,Light rigid trucks,2015,VIC,30575.0
93090do001_2020.xls,2020,Table 1,Light rigid trucks,2015,WA,16835.0
93090do001_2021.xls,2021,Table 1,Light rigid trucks,2016,ACT,1044.0
93090do001_2021.xls,2021,Table 1,Light rigid trucks,2016,AUS,145426.0
93090do001_2021.xls,2021,Table 1,Light rigid trucks,2016,NSW,48788.0
93090do001_2021.xls,2021,Table 1,Light rigid trucks,2016,NT,623.0
93090do001_2021.xls,2021,Table 1,Light rigid trucks,2016,QLD,35909.0
93090do001_2021.xls,2021,Table 1,Light rigid trucks,2016,SA,7104.0
93090do001_2021.xls,2021,Table 1,Light rigid trucks,2016,TAS,3356.0
93090do001_2021.xls,2021,Table 1,Light rigid trucks,2016,VIC,31309.0
93090do001_2021.xls,2021,Table 1,Light rigid trucks,2016,WA,17293.0
93090do001_2018.xls,2018,Table 1,Light rigid trucks,2017,ACT,1190.0
93090do001_2018.xls,2018,Table 1,Light rigid trucks,2017,AUS,150370.0
93090do001_2018.xls,2018,Table 1,Light rigid trucks,2017,NSW,50616.0
93090do001_2018.xls,2018,Table 1,Light rigid trucks,2017,NT,633.0
93090do001_2018.xls,2018,Table 1,Light rigid trucks,2017,QLD,36637.0
93090do001_2018.xls,2018,Table 1,Light rigid trucks,2017,SA,7172.0
93090do001_2018.xls,2018,Table 1,Light rigid trucks,2017,TAS,3581.0
93090do001_2018.xls,2018,Table 1,Light rigid trucks,2017,VIC,33039.0
93090do001_2018.xls,2018,Table 1,Light rigid trucks,2017,WA,17502.0
93090do001_2019.xls,2019,Table 1,Light rigid trucks,2018,ACT,1309.0
93090do001_2019.xls,2019,Table 1,Light rigid trucks,2018,AUS,158032.0
93090do001_2019.xls,2019,Table 1,Light rigid trucks,2018,NSW,52376.0
93090do001_2019.xls,2019,Table 1,Light rigid trucks,2018,NT,723.0
93090do001_2019.xls,2019,Table 1,Light rigid trucks,2018,QLD,38704.0
93090do001_2019.xls,2019,Table 1,Light rigid trucks,2018,SA,7394.0
93090do001_2019.xls,2019,Table 1,Light rigid trucks,2018,TAS,3773.0
93090do001_2019.xls,2019,Table 1,Light rigid trucks,2018,VIC,35646.0
93090do001_2019.xls,2019,Table 1,Light rigid trucks,2018,WA,18107.0
93090do001_2020.xls,2020,Table 1,Light rigid trucks,2019,ACT,1390.0
93090do001_2020.xls,2020,Table 1,Light rigid trucks,2019,AUS,166972.0
93090do001_2020.xls,2020,Table 1,Light rigid trucks,2019,NSW,55378.0
93090do001_2020.xls,2020,Table 1,Light rigid trucks,2019,NT,860.0
93090do001_2020.xls,2020,Table 1,Light rigid trucks,2019,QLD,40895.0
93090do001_2020.xls,2020,Table 1,Light rigid trucks,2019,SA,7676.0
93090do001_2020.xls,2020,Table 1,Light rigid trucks,2019,TAS,4053.0
93090do001_2020.xls,2020,Table 1,Light rigid trucks,2019,VIC,37826.0
93090do001_2020.xls,2020,Table 1,Light rigid trucks,2019,WA,18894.0
93090do001_2021.xls,2021,Table 1,Light rigid trucks,2020,ACT,1384.0
93090do001_2021.xls,2021,Table 1,Light rigid trucks,2020,AUS,176680.0
93090do001_2021.xls,2021,Table 1,Light rigid trucks,2020,NSW,58530.0
93090do001_2021.xls,2021,Table 1,Light rigid trucks,2020,NT,769.0
93090do001_2021.xls,2021,Table 1,Light rigid trucks,2020,QLD,43220.0
93090do001_2021.xls,2021,Table 1,Light rigid trucks,2020,SA,7947.0
93090do001_2021.xls,2021,Table 1,Light rigid trucks,2020,TAS,4281.0
93090do001_2021.xls,2021,Table 1,Light rigid trucks,2020,VIC,41478.0
93090do001_2021.xls,2021,Table 1,Light rigid trucks,2020,WA,19071.0
93090do001_2021.xls,2021,Table 1,Light rigid trucks,2021,ACT,1655.0
93090do001_2021.xls,2021,Table 1,Light rigid trucks,2021,AUS,187329.0
93090do001_2021.xls,2021,Table 1,Light rigid trucks,2021,NSW,62567.0
93090do001_2021.xls,2021,Table 1,Light rigid trucks,2021,NT,799.0
93090do001_2021.xls,2021,Table 1,Light rigid trucks,2021,QLD,45628.0
93090do001_2021.xls,2021,Table 1,Light rigid trucks,2021,SA,8267.0
93090do001_2021.xls,2021,Table 1,Light rigid trucks,2021,TAS,4543.0
93090do001_2021.xls,2021,Table 1,Light rigid trucks,2021,VIC,43883.0
93090do001_2021.xls,2021,Table 1,Light rigid trucks,2021,WA,19987.0
93090DO001_31201501.xls,2015,Table 1,Motor cycles,2010,ACT,12093.0
93090DO001_31201501.xls,2015,Table 1,Motor cycles,2010,AUS,660107.0
93090DO001_31201501.xls,2015,Table 1,Motor cycles,2010,NSW,175292.0
93090DO001_31201501.xls,2015,Table 1,Motor cycles,2010,NT,5936.0
93090DO001_31201501.xls,2015,Table 1,Motor cycles,2010,QLD,155420.0
93090DO001_31201501.xls,2015,Table 1,Motor cycles,2010,SA,46754.0
93090DO001_31201501.xls,2015,Table 1,Motor cycles,2010,TAS,14321.0
93090DO001_31201501.xls,2015,Table 1,Motor cycles,2010,VIC,156390.0
93090DO001_31201501.xls,2015,Table 1,Motor cycles,2010,WA,93901.0
93090do001_2016.xls,2016,Table 1,Motor cycles,2011,ACT,12166.0
93090do001_2016.xls,2016,Table 1,Motor cycles,2011,AUS,678790.0
93090do001_2016.xls,2016,Table 1,Motor cycles,2011,NSW,181107.0
93090do001_2016.xls,2016,Table 1,Motor cycles,2011,NT,5861.0
93090do001_2016.xls,2016,Table 1,Motor cycles,2011,QLD,156825.0
93090do001_2016.xls,2016,Table 1,Motor cycles,2011,SA,47753.0
93090do001_2016.xls,2016,Table 1,Motor cycles,2011,TAS,15052.0
93090do001_2016.xls,2016,Table 1,Motor cycles,2011,VIC,160634.0
93090do001_2016.xls,2016,Table 1,Motor cycles,2011,WA,99392.0
93090do001_2017.xls,2017,Table 1,Motor cycles,2012,ACT,12836.0
93090do001_2017.xls,2017,Table 1,Motor cycles,2012,AUS,709288.0
93090do001_2017.xls,2017,Table 1,Motor cycles,2012,NSW,188469.0
93090do001_2017.xls,2017,Table 1,Motor cycles,2012,NT,6103.0
93090do001_2017.xls,2017,Table 1,Motor cycles,2012,QLD,164752.0
93090do001_2017.xls,2017,Table 1,Motor cycles,2012,SA,48709.0
93090do001_2017.xls,2017,Table 1,Motor cycles,2012,TAS,16446.0
93090do001_2017.xls,2017,Table 1,Motor cycles,2012,VIC,164778.0
93090do001_2017.xls,2017,Table 1,Motor cycles,2012,WA,107195.0
93090do001_2018.xls,2018,Table 1,Motor cycles,2013,ACT,13077.0
93090do001_2018.xls,2018,Table 1,Motor cycles,2013,AUS,744732.0
93090do001_2018.xls,2018,Table 1,Motor cycles,2013,NSW,199847.0
93090do001_2018.xls,2018,Table 1,Motor cycles,2013,NT,6640.0
93090do001_2018.xls,2018,Table 1,Motor cycles,2013,QLD,173775.0
93090do001_2018.xls,2018,Table 1,Motor cycles,2013,SA,50678.0
93090do001_2018.xls,2018,Table 1,Motor cycles,2013,TAS,17457.0
93090do001_2018.xls,2018,Table 1,Motor cycles,2013,VIC,169406.0
93090do001_2018.xls,2018,Table 1,Motor cycles,2013,WA,113852.0
93090do001_2019.xls,2019,Table 1,Motor cycles,2014,ACT,13040.0
93090do001_2019.xls,2019,Table 1,Motor cycles,2014,AUS,780174.0
93090do001_2019.xls,2019,Table 1,Motor cycles,2014,NSW,211040.0
93090do001_2019.xls,2019,Table 1,Motor cycles,2014,NT,6932.0
93090do001_2019.xls,2019,Table 1,Motor cycles,2014,QLD,181683.0
93090do001_2019.xls,2019,Table 1,Motor cycles,2014,SA,52090.0
93090do001_2019.xls,2019,Table 1,Motor cycles,2014,TAS,18058.0
93090do001_2019.xls,2019,Table 1,Motor cycles,2014,VIC,174336.0
93090do001_2019.xls,2019,Table 1,Motor cycles,2014,WA,122995.0
93090do001_2020.xls,2020,Table 1,Motor cycles,2015,ACT,13093.0
93090do001_2020.xls,2020,Table 1,Motor cycles,2015,AUS,807215.0
93090do001_2020.xls,2020,Table 1,Motor cycles,2015,NSW,222111.0
93090do001_2020.xls,2020,Table 1,Motor cycles,2015,NT,7144.0
93090do001_2020.xls,2020,Table 1,Motor cycles,2015,QLD,187167.0
93090do001_2020.xls,2020,Table 1,Motor cycles,2015,SA,53010.0
93090do001_2020.xls,2020,Table 1,Motor cycles,2015,TAS,18640.0
93090do001_2020.xls,2020,Table 1,Motor cycles,2015,VIC,178905.0
93090do001_2020.xls,2020,Table 1,Motor cycles,2015,WA,127145.0
93090do001_2021.xls,2021,Table 1,Motor cycles,2016,ACT,13102.0
93090do001_2021.xls,2021,Table 1,Motor cycles,2016,AUS,828965.0
93090do001_2021.xls,2021,Table 1,Motor cycles,2016,NSW,229296.0
93090do001_2021.xls,2021,Table 1,Motor cycles,2016,NT,6941.0
93090do001_2021.xls,2021,Table 1,Motor cycles,2016,QLD,192942.0
93090do001_2021.xls,2021,Table 1,Motor cycles,2016,SA,53724.0
93090do001_2021.xls,2021,Table 1,Motor cycles,2016,TAS,19093.0
93090do001_2021.xls,2021,Table 1,Motor cycles,2016,VIC,185248.0
93090do001_2021.xls,2021,Table 1,Motor cycles,2016,WA,128619.0
93090do001_2018.xls,2018,Table 1,Motor cycles,2017,ACT,13179.0
93090do001_2018.xls,2018,Table 1,Motor cycles,2017,AUS,849265.0
93090do001_2018.xls,2018,Table 1,Motor cycles,2017,NSW,237965.0
93090do001_2018.xls,2018,Table 1,Motor cycles,2017,NT,6616.0
93090do001_2018.xls,2018,Table 1,Motor cycles,2017,QLD,200260.0
93090do001_2018.xls,2018,Table 1,Motor cycles,2017,SA,54389.0
93090do001_2018.xls,2018,Table 1,Motor cycles,2017,TAS,19780.0
93090do001_2018.xls,2018,Table 1,Motor cycles,2017,VIC,189217.0
93090do001_2018.xls,2018,Table 1,Motor cycles,2017,WA,127859.0
93090do001_2019.xls,2019,Table 1,Motor cycles,2018,ACT,13111.0
93090do001_2019.xls,2019,Table 1,Motor cycles,2018,AUS,860700.0
93090do001_2019.xls,2019,Table 1,Motor cycles,2018,NSW,244236.0
93090do001_2019.xls,2019,Table 1,Motor cycles,2018,NT,6571.0
93090do001_2019.xls,2019,Table 1,Motor cycles,2018,QLD,204434.0
93090do001_2019.xls,2019,Table 1,Motor cycles,2018,SA,54325.0
93090do001_2019.xls,2019,Table 1,Motor cycles,2018,TAS,20248.0
93090do001_2019.xls,2019,Table 1,Motor cycles,2018,VIC,192128.0
93090do001_2019.xls,2019,Table 1,Motor cycles,2018,WA,125647.0
93090do001_2020.xls,2020,Table 1,Motor cycles,2019,ACT,13072.0
93090do001_2020.xls,2020,Table 1,Motor cycles,2019,AUS,870105.0
93090do001_2020.xls,2020,Table 1,Motor cycles,2019,NSW,248430.0
93090do001_2020.xls,2020,Table 1,Motor cycles,2019,NT,6096.0
93090do001_2020.xls,2020,Table 1,Motor cycles,2019,QLD,207587.0
93090do001_2020.xls,2020,Table 1,Motor cycles,2019,SA,55223.0
93090do001_2020.xls,2020,Table 1,Motor cycles,2019,TAS,20430.0
93090do001_2020.xls,2020,Table 1,Motor cycles,2019,VIC,195780.0
93090do001_2020.xls,2020,Table 1,Motor cycles,2019,WA,123487.0
93090do001_2021.xls,2021,Table 1,Motor cycles,2020,ACT,12932.0
93090do001_2021.xls,2021,Table 1,Motor cycles,2020,AUS,880881.0
93090do001_2021.xls,2021,Table 1,Motor cycles,2020,NSW,254722.0
93090do001_2021.xls,2021,Table 1,Motor cycles,2020,NT,5759.0
93090do001_2021.xls,2021,Table 1,Motor cycles,2020,QLD,210033.0
93090do001_2021.xls,2021,Table 1,Motor cycles,2020,SA,55320.0
93090do001_2021.xls,2021,Table 1,Motor cycles,2020,TAS,20719.0
93090do001_2021.xls,2021,Table 1,Motor cycles,2020,VIC,198151.0
93090do001_2021.xls,2021,Table 1,Motor cycles,2020,WA,123245.0
93090do001_2021.xls,2021,Table 1,Motor cycles,2021,ACT,13357.0
93090do001_2021.xls,2021,Table 1,Motor cycles,2021,AUS,913803.0
93090do001_2021.xls,2021,Table 1,Motor cycles,2021,NSW,269518.0
93090do001_2021.xls,2021,Table 1,Motor cycles,2021,NT,5878.0
93090do001_2021.xls,2021,Table 1,Motor cycles,2021,QLD,218920.0
93090do001_2021.xls,2021,Table 1,Motor cycles,2021,SA,57524.0
93090do001_2021.xls,2021,Table 1,Motor cycles,2021,TAS,21372.0
93090do001_2021.xls,2021,Table 1,Motor cycles,2021,VIC,203317.0
93090do001_2021.xls,2021,Table 1,Motor cycles,2021,WA,123917.0
93090DO001_31201501.xls,2015,Table 1,Non-freight carrying vehicles,2010,ACT,82.0
93090DO001_31201501.xls,2015,Table 1,Non-freight carrying vehicles,2010,AUS,22533.0
93090DO001_31201501.xls,2015,Table 1,Non-freight carrying vehicles,2010,NSW,3440.0
93090DO001_31201501.xls,2015,Table 1,Non-freight carrying vehicles,2010,NT,319.0
93090DO001_31201501.xls,2015,Table 1,Non-freight carrying vehicles,2010,QLD,5154.0
93090DO001_31201501.xls,2015,Table 1,Non-freight carrying vehicles,2010,SA,1868.0
93090DO001_31201501.xls,2015,Table 1,Non-freight carrying vehicles,2010,TAS,1027.0
93090DO001_31201501.xls,2015,Table 1,Non-freight carrying vehicles,2010,VIC,6173.0
93090DO001_31201501.xls,2015,Table 1,Non-freight carrying vehicles,2010,WA,4470.0
93090do001_2016.xls,2016,Table 1,Non-freight carrying vehicles,2011,ACT,97.0
93090do001_2016.xls,2016,Table 1,Non-freight carrying vehicles,2011,AUS,22656.0
93090do001_2016.xls,2016,Table 1,Non-freight carrying vehicles,2011,NSW,3320.0
93090do001_2016.xls,2016,Table 1,Non-freight carrying vehicles,2011,NT,327.0
93090do001_2016.xls,2016,Table 1,Non-freight carrying vehicles,2011,QLD,5226.0
93090do001_2016.xls,2016,Table 1,Non-freight carrying vehicles,2011,SA,1864.0
93090do001_2016.xls,2016,Table 1,Non-freight carrying vehicles,2011,TAS,1032.0
93090do001_2016.xls,2016,Table 1,Non-freight carrying vehicles,2011,VIC,6208.0
93090do001_2016.xls,2016,Table 1,Non-freight carrying vehicles,2011,WA,4582.0
93090do001_2017.xls,2017,Table 1,Non-freight carrying vehicles,2012,ACT,105.0
93090do001_2017.xls,2017,Table 1,Non-freight carrying vehicles,2012,AUS,22722.0
93090do001_2017.xls,2017,Table 1,Non-freight carrying vehicles,2012,NSW,3111.0
93090do001_2017.xls,2017,Table 1,Non-freight carrying vehicles,2012,NT,341.0
93090do001_2017.xls,2017,Table 1,Non-freight carrying vehicles,2012,QLD,5358.0
93090do001_2017.xls,2017,Table 1,Non-freight carrying vehicles,2012,SA,1908.0
93090do001_2017.xls,2017,Table 1,Non-freight carrying vehicles,2012,TAS,997.0
93090do001_2017.xls,2017,Table 1,Non-freight carrying vehicles,2012,VIC,6183.0
93090do001_2017.xls,2017,Table 1,Non-freight carrying vehicles,2012,WA,4719.0
93090do001_2018.xls,2018,Table 1,Non-freight carrying vehicles,2013,ACT,121.0
93090do001_2018.xls,2018,Table 1,Non-freight carrying vehicles,2013,AUS,22986.0
93090do001_2018.xls,2018,Table 1,Non-freight carrying vehicles,2013,NSW,3005.0
93090do001_2018.xls,2018,Table 1,Non-freight carrying vehicles,2013,NT,359.0
93090do001_2018.xls,2018,Table 1,Non-freight carrying vehicles,2013,QLD,5528.0
93090do001_2018.xls,2018,Table 1,Non-freight carrying vehicles,2013,SA,1873.0
93090do001_2018.xls,2018,Table 1,Non-freight carrying vehicles,2013,TAS,979.0
93090do001_2018.xls,2018,Table 1,Non-freight carrying vehicles,2013,VIC,6262.0
93090do001_2018.xls,2018,Table 1,Non-freight carrying vehicles,2013,WA,4859.0
93090do001_2019.xls,2019,Table 1,Non-freight carrying vehicles,2014,ACT,123.0
93090do001_2019.xls,2019,Table 1,Non-freight carrying vehicles,2014,AUS,23144.0
93090do001_2019.xls,2019,Table 1,Non-freight carrying vehicles,2014,NSW,2931.0
93090do001_2019.xls,2019,Table 1,Non-freight carrying vehicles,2014,NT,344.0
93090do001_2019.xls,2019,Table 1,Non-freight carrying vehicles,2014,QLD,5577.0
93090do001_2019.xls,2019,Table 1,Non-freight carrying vehicles,2014,SA,1862.0
93090do001_2019.xls,2019,Table 1,Non-freight carrying vehicles,2014,TAS,968.0
93090do001_2019.xls,2019,Table 1,Non-freight carrying vehicles,2014,VIC,6316.0
93090do001_2019.xls,2019,Table 1,Non-freight carrying vehicles,2014,WA,5023.0
93090do001_2020.xls,2020,Table 1,Non-freight carrying vehicles,2015,ACT,126.0
93090do001_2020.xls,2020,Table 1,Non-freight carrying vehicles,2015,AUS,23361.0
93090do001_2020.xls,2020,Table 1,Non-freight carrying vehicles,2015,NSW,2896.0
93090do001_2020.xls,2020,Table 1,Non-freight carrying vehicles,2015,NT,362.0
93090do001_2020.xls,2020,Table 1,Non-freight carrying vehicles,2015,QLD,5627.0
93090do001_2020.xls,2020,Table 1,Non-freight carrying vehicles,2015,SA,1869.0
93090do001_2020.xls,2020,Table 1,Non-freight carrying vehicles,2015,TAS,963.0
93090do001_2020.xls,2020,Table 1,Non-freight carrying vehicles,2015,VIC,6398.0
93090do001_2020.xls,2020,Table 1,Non-freight carrying vehicles,2015,WA,5120.0
93090do001_2021.xls,2021,Table 1,Non-freight carrying vehicles,2016,ACT,132.0
93090do001_2021.xls,2021,Table 1,Non-freight carrying vehicles,2016,AUS,23567.0
93090do001_2021.xls,2021,Table 1,Non-freight carrying vehicles,2016,NSW,2908.0
93090do001_2021.xls,2021,Table 1,Non-freight carrying vehicles,2016,NT,368.0
93090do001_2021.xls,2021,Table 1,Non-freight carrying vehicles,2016,QLD,5556.0
93090do001_2021.xls,2021,Table 1,Non-freight carrying vehicles,2016,SA,1874.0
93090do001_2021.xls,2021,Table 1,Non-freight carrying vehicles,2016,TAS,965.0
93090do001_2021.xls,2021,Table 1,Non-freight carrying vehicles,2016,VIC,6550.0
93090do001_2021.xls,2021,Table 1,Non-freight carrying vehicles,2016,WA,5214.0
93090do001_2018.xls,2018,Table 1,Non-freight carrying vehicles,2017,ACT,135.0
93090do001_2018.xls,2018,Table 1,Non-freight carrying vehicles,2017,AUS,23475.0
93090do001_2018.xls,2018,Table 1,Non-freight carrying vehicles,2017,NSW,2900.0
93090do001_2018.xls,2018,Table 1,Non-freight carrying vehicles,2017,NT,357.0
93090do001_2018.xls,2018,Table 1,Non-freight carrying vehicles,2017,QLD,5405.0
93090do001_2018.xls,2018,Table 1,Non-freight carrying vehicles,2017,SA,1853.0
93090do001_2018.xls,2018,Table 1,Non-freight carrying vehicles,2017,TAS,972.0
93090do001_2018.xls,2018,Table 1,Non-freight carrying vehicles,2017,VIC,6609.0
93090do001_2018.xls,2018,Table 1,Non-freight carrying vehicles,2017,WA,5244.0
93090do001_2019.xls,2019,Table 1,Non-freight carrying vehicles,2018,ACT,140.0
93090do001_2019.xls,2019,Table 1,Non-freight carrying vehicles,2018,AUS,24165.0
93090do001_2019.xls,2019,Table 1,Non-freight carrying vehicles,2018,NSW,3332.0
93090do001_2019.xls,2019,Table 1,Non-freight carrying vehicles,2018,NT,362.0
93090do001_2019.xls,2019,Table 1,Non-freight carrying vehicles,2018,QLD,5371.0
93090do001_2019.xls,2019,Table 1,Non-freight carrying vehicles,2018,SA,1868.0
93090do001_2019.xls,2019,Table 1,Non-freight carrying vehicles,2018,TAS,942.0
93090do001_2019.xls,2019,Table 1,Non-freight carrying vehicles,2018,VIC,6873.0
93090do001_2019.xls,2019,Table 1,Non-freight carrying vehicles,2018,WA,5277.0
93090do001_2020.xls,2020,Table 1,Non-freight carrying vehicles,2019,ACT,141.0
93090do001_2020.xls,2020,Table 1,Non-freight carrying vehicles,2019,AUS,24669.0
93090do001_2020.xls,2020,Table 1,Non-freight carrying vehicles,2019,NSW,3490.0
93090do001_2020.xls,2020,Table 1,Non-freight carrying vehicles,2019,NT,376.0
93090do001_2020.xls,2020,Table 1,Non-freight carrying vehicles,2019,QLD,5558.0
93090do001_2020.xls,2020,Table 1,Non-freight carrying vehicles,2019,SA,1875.0
93090do001_2020.xls,2020,Table 1,Non-freight carrying vehicles,2019,TAS,941.0
93090do001_2020.xls,2020,Table 1,Non-freight carrying vehicles,2019,VIC,7134.0
93090do001_2020.xls,2020,Table 1,Non-freight carrying vehicles,2019,WA,5154.0
93090do001_2021.xls,2021,Table 1,Non-freight carrying vehicles,2020,ACT,141.0
93090do001_2021.xls,2021,Table 1,Non-freight carrying vehicles,2020,AUS,24841.0
93090do001_2021.xls,2021,Table 1,Non-freight carrying vehicles,2020,NSW,3490.0
93090do001_2021.xls,2021,Table 1,Non-freight carrying vehicles,2020,NT,388.0
93090do001_2021.xls,2021,Table 1,Non-freight carrying vehicles,2020,QLD,5444.0
93090do001_2021.xls,2021,Table 1,Non-freight carrying vehicles,2020,SA,1863.0
93090do001_2021.xls,2021,Table 1,Non-freight carrying vehicles,2020,TAS,993.0
93090do001_2021.xls,2021,Table 1,Non-freight carrying vehicles,2020,VIC,7466.0
93090do001_2021.xls,2021,Table 1,Non-freight carrying vehicles,2020,WA,5056.0
93090do001_2021.xls,2021,Table 1,Non-freight carrying vehicles,2021,ACT,146.0
93090do001_2021.xls,2021,Table 1,Non-freight carrying vehicles,2021,AUS,25378.0
93090do001_2021.xls,2021,Table 1,Non-freight carrying vehicles,2021,NSW,3591.0
93090do001_2021.xls,2021,Table 1,Non-freight carrying vehicles,2021,NT,379.0
93090do001_2021.xls,2021,Table 1,Non-freight carrying vehicles,2021,QLD,5476.0
93090do001_2021.xls,2021,Table 1,Non-freight carrying vehicles,2021,SA,1888.0
93090do001_2021.xls,2021,Table 1,Non-freight carrying vehicles,2021,TAS,1064.0
93090do001_2021.xls,2021,Table 1,Non-freight carrying vehicles,2021,VIC,7734.0
93090do001_2021.xls,2021,Table 1,Non-freight carrying vehicles,2021,WA,5100.0
93090DO001_31201501.xls,2015,Table 1,Passenger vehicles,2010,ACT,213317.0
93090DO001_31201501.xls,2015,Table 1,Passenger vehicles,2010,AUS,12269305.0
93090DO001_31201501.xls,2015,Table 1,Passenger vehicles,2010,NSW,3675163.0
93090DO001_31201501.xls,2015,Table 1,Passenger vehicles,2010,NT,84167.0
93090DO001_31201501.xls,2015,Table 1,Passenger vehicles,2010,QLD,2409273.0
93090DO001_31201501.xls,2015,Table 1,Passenger vehicles,2010,SA,978041.0
93090DO001_31201501.xls,2015,Table 1,Passenger vehicles,2010,TAS,290793.0
93090DO001_31201501.xls,2015,Table 1,Passenger vehicles,2010,VIC,3249418.0
93090DO001_31201501.xls,2015,Table 1,Passenger vehicles,2010,WA,1369133.0
93090do001_2016.xls,2016,Table 1,Passenger vehicles,2011,ACT,217020.0
93090do001_2016.xls,2016,Table 1,Passenger vehicles,2011,AUS,12474044.0
93090do001_2016.xls,2016,Table 1,Passenger vehicles,2011,NSW,3742476.0
93090do001_2016.xls,2016,Table 1,Passenger vehicles,2011,NT,85216.0
93090do001_2016.xls,2016,Table 1,Passenger vehicles,2011,QLD,2435830.0
93090do001_2016.xls,2016,Table 1,Passenger vehicles,2011,SA,992624.0
93090do001_2016.xls,2016,Table 1,Passenger vehicles,2011,TAS,295955.0
93090do001_2016.xls,2016,Table 1,Passenger vehicles,2011,VIC,3310682.0
93090do001_2016.xls,2016,Table 1,Passenger vehicles,2011,WA,1394241.0
93090do001_2017.xls,2017,Table 1,Passenger vehicles,2012,ACT,223472.0
93090do001_2017.xls,2017,Table 1,Passenger vehicles,2012,AUS,12714235.0
93090do001_2017.xls,2017,Table 1,Passenger vehicles,2012,NSW,3803926.0
93090do001_2017.xls,2017,Table 1,Passenger vehicles,2012,NT,87284.0
93090do001_2017.xls,2017,Table 1,Passenger vehicles,2012,QLD,2489266.0
93090do001_2017.xls,2017,Table 1,Passenger vehicles,2012,SA,1000132.0
93090do001_2017.xls,2017,Table 1,Passenger vehicles,2012,TAS,303622.0
93090do001_2017.xls,2017,Table 1,Passenger vehicles,2012,VIC,3373564.0
93090do001_2017.xls,2017,Table 1,Passenger vehicles,2012,WA,1432969.0
93090do001_2018.xls,2018,Table 1,Passenger vehicles,2013,ACT,229060.0
93090do001_2018.xls,2018,Table 1,Passenger vehicles,2013,AUS,13000021.0
93090do001_2018.xls,2018,Table 1,Passenger vehicles,2013,NSW,3877515.0
93090do001_2018.xls,2018,Table 1,Passenger vehicles,2013,NT,91071.0
93090do001_2018.xls,2018,Table 1,Passenger vehicles,2013,QLD,2556581.0
93090do001_2018.xls,2018,Table 1,Passenger vehicles,2013,SA,1016590.0
93090do001_2018.xls,2018,Table 1,Passenger vehicles,2013,TAS,305913.0
93090do001_2018.xls,2018,Table 1,Passenger vehicles,2013,VIC,3446548.0
93090do001_2018.xls,2018,Table 1,Passenger vehicles,2013,WA,1476743.0
93090do001_2019.xls,2019,Table 1,Passenger vehicles,2014,ACT,233439.0
93090do001_2019.xls,2019,Table 1,Passenger vehicles,2014,AUS,13297260.0
93090do001_2019.xls,2019,Table 1,Passenger vehicles,2014,NSW,3953655.0
93090do001_2019.xls,2019,Table 1,Passenger vehicles,2014,NT,92150.0
93090do001_2019.xls,2019,Table 1,Passenger vehicles,2014,QLD,2614648.0
93090do001_2019.xls,2019,Table 1,Passenger vehicles,2014,SA,1036052.0
93090do001_2019.xls,2019,Table 1,Passenger vehicles,2014,TAS,308555.0
93090do001_2019.xls,2019,Table 1,Passenger vehicles,2014,VIC,3519491.0
93090do001_2019.xls,2019,Table 1,Passenger vehicles,2014,WA,1539270.0
93090do001_2020.xls,2020,Table 1,Passenger vehicles,2015,ACT,236941.0
93090do001_2020.xls,2020,Table 1,Passenger vehicles,2015,AUS,13549449.0
93090do001_2020.xls,2020,Table 1,Passenger vehicles,2015,NSW,4050873.0
93090do001_2020.xls,2020,Table 1,Passenger vehicles,2015,NT,93499.0
93090do001_2020.xls,2020,Table 1,Passenger vehicles,2015,QLD,2656508.0
93090do001_2020.xls,2020,Table 1,Passenger vehicles,2015,SA,1050246.0
93090do001_2020.xls,2020,Table 1,Passenger vehicles,2015,TAS,312993.0
93090do001_2020.xls,2020,Table 1,Passenger vehicles,2015,VIC,3581815.0
93090do001_2020.xls,2020,Table 1,Passenger vehicles,2015,WA,1566574.0
93090do001_2021.xls,2021,Table 1,Passenger vehicles,2016,ACT,240946.0
93090do001_2021.xls,2021,Table 1,Passenger vehicles,2016,AUS,13815107.0
93090do001_2021.xls,2021,Table 1,Passenger vehicles,2016,NSW,4134786.0
93090do001_2021.xls,2021,Table 1,Passenger vehicles,2016,NT,95196.0
93090do001_2021.xls,2021,Table 1,Passenger vehicles,2016,QLD,2715055.0
93090do001_2021.xls,2021,Table 1,Passenger vehicles,2016,SA,1061776.0
93090do001_2021.xls,2021,Table 1,Passenger vehicles,2016,TAS,316904.0
93090do001_2021.xls,2021,Table 1,Passenger vehicles,2016,VIC,3666505.0
93090do001_2021.xls,2021,Table 1,Passenger vehicles,2016,WA,1583939.0
93090do001_2018.xls,2018,Table 1,Passenger vehicles,2017,ACT,247171.0
93090do001_2018.xls,2018,Table 1,Passenger vehicles,2017,AUS,14078566.0
93090do001_2018.xls,2018,Table 1,Passenger vehicles,2017,NSW,4217400.0
93090do001_2018.xls,2018,Table 1,Passenger vehicles,2017,NT,94142.0
93090do001_2018.xls,2018,Table 1,Passenger vehicles,2017,QLD,2777113.0
93090do001_2018.xls,2018,Table 1,Passenger vehicles,2017,SA,1075081.0
93090do001_2018.xls,2018,Table 1,Passenger vehicles,2017,TAS,324174.0
93090do001_2018.xls,2018,Table 1,Passenger vehicles,2017,VIC,3750484.0
93090do001_2018.xls,2018,Table 1,Passenger vehicles,2017,WA,1593001.0
93090do001_2019.xls,2019,Table 1,Passenger vehicles,2018,ACT,252771.0
93090do001_2019.xls,2019,Table 1,Passenger vehicles,2018,AUS,14330432.0
93090do001_2019.xls,2019,Table 1,Passenger vehicles,2018,NSW,4277481.0
93090do001_2019.xls,2019,Table 1,Passenger vehicles,2018,NT,100118.0
93090do001_2019.xls,2019,Table 1,Passenger vehicles,2018,QLD,2837481.0
93090do001_2019.xls,2019,Table 1,Passenger vehicles,2018,SA,1090572.0
93090do001_2019.xls,2019,Table 1,Passenger vehicles,2018,TAS,330910.0
93090do001_2019.xls,2019,Table 1,Passenger vehicles,2018,VIC,3838133.0
93090do001_2019.xls,2019,Table 1,Passenger vehicles,2018,WA,1602966.0
93090do001_2020.xls,2020,Table 1,Passenger vehicles,2019,ACT,257950.0
93090do001_2020.xls,2020,Table 1,Passenger vehicles,2019,AUS,14504148.0
93090do001_2020.xls,2020,Table 1,Passenger vehicles,2019,NSW,4308798.0
93090do001_2020.xls,2020,Table 1,Passenger vehicles,2019,NT,99687.0
93090do001_2020.xls,2020,Table 1,Passenger vehicles,2019,QLD,2878798.0
93090do001_2020.xls,2020,Table 1,Passenger vehicles,2019,SA,1101140.0
93090do001_2020.xls,2020,Table 1,Passenger vehicles,2019,TAS,338229.0
93090do001_2020.xls,2020,Table 1,Passenger vehicles,2019,VIC,3907572.0
93090do001_2020.xls,2020,Table 1,Passenger vehicles,2019,WA,1611974.0
93090do001_2021.xls,2021,Table 1,Passenger vehicles,2020,ACT,259701.0
93090do001_2021.xls,2021,Table 1,Passenger vehicles,2020,AUS,14679249.0
93090do001_2021.xls,2021,Table 1,Passenger vehicles,2020,NSW,4348429.0
93090do001_2021.xls,2021,Table 1,Passenger vehicles,2020,NT,99311.0
93090do001_2021.xls,2021,Table 1,Passenger vehicles,2020,QLD,2919855.0
93090do001_2021.xls,2021,Table 1,Passenger vehicles,2020,SA,1110427.0
93090do001_2021.xls,2021,Table 1,Passenger vehicles,2020,TAS,345929.0
93090do001_2021.xls,2021,Table 1,Passenger vehicles,2020,VIC,3963818.0
93090do001_2021.xls,2021,Table 1,Passenger vehicles,2020,WA,1631779.0
93090do001_2021.xls,2021,Table 1,Passenger vehicles,2021,ACT,264753.0
93090do001_2021.xls,2021,Table 1,Passenger vehicles,2021,AUS,14850675.0
93090do001_2021.xls,2021,Table 1,Passenger vehicles,2021,NSW,4404673.0
93090do001_2021.xls,2021,Table 1,Passenger vehicles,2021,NT,100676.0
93090do001_2021.xls,2021,Table 1,Passenger vehicles,2021,QLD,2975229.0
93090do001_2021.xls,2021,Table 1,Passenger vehicles,2021,SA,1131199.0
93090do001_2021.xls,2021,Table 1,Passenger vehicles,2021,TAS,349959.0
93090do001_2021.xls,2021,Table 1,Passenger vehicles,2021,VIC,3970844.0
93090do001_2021.xls,2021,Table 1,Passenger vehicles,2021,WA,1653342.0
93090DO001_31201501.xls,2015,Table 1,Total motor vehicles,2010,ACT,253848.0
93090DO001_31201501.xls,2015,Table 1,Total motor vehicles,2010,AUS,16061098.0
93090DO001_31201501.xls,2015,Table 1,Total motor vehicles,2010,NSW,4681471.0
93090DO001_31201501.xls,2015,Table 1,Total motor vehicles,2010,NT,134700.0
93090DO001_31201501.xls,2015,Table 1,Total motor vehicles,2010,QLD,3358221.0
93090DO001_31201501.xls,2015,Table 1,Total motor vehicles,2010,SA,1239672.0
93090DO001_31201501.xls,2015,Table 1,Total motor vehicles,2010,TAS,410210.0
93090DO001_31201501.xls,2015,Table 1,Total motor vehicles,2010,VIC,4112908.0
93090DO001_31201501.xls,2015,Table 1,Total motor vehicles,2010,WA,1870068.0
93090do001_2016.xls,2016,Table 1,Total motor vehicles,2011,ACT,258904.0
93090do001_2016.xls,2016,Table 1,Total motor vehicles,2011,AUS,16368383.0
93090do001_2016.xls,2016,Table 1,Total motor vehicles,2011,NSW,4778421.0
93090do001_2016.xls,2016,Table 1,Total motor vehicles,2011,NT,137082.0
93090do001_2016.xls,2016,Table 1,Total motor vehicles,2011,QLD,3401932.0
93090do001_2016.xls,2016,Table 1,Total motor vehicles,2011,SA,1261925.0
93090do001_2016.xls,2016,Table 1,Total motor vehicles,2011,TAS,419009.0
93090do001_2016.xls,2016,Table 1,Total motor vehicles,2011,VIC,4198371.0
93090do001_2016.xls,2016,Table 1,Total motor vehicles,2011,WA,1912739.0
93090do001_2017.xls,2017,Table 1,Total motor vehicles,2012,ACT,267164.0
93090do001_2017.xls,2017,Table 1,Total motor vehicles,2012,AUS,16741644.0
93090do001_2017.xls,2017,Table 1,Total motor vehicles,2012,NSW,4869996.0
93090do001_2017.xls,2017,Table 1,Total motor vehicles,2012,NT,141101.0
93090do001_2017.xls,2017,Table 1,Total motor vehicles,2012,QLD,3492311.0
93090do001_2017.xls,2017,Table 1,Total motor vehicles,2012,SA,1275041.0
93090do001_2017.xls,2017,Table 1,Total motor vehicles,2012,TAS,431991.0
93090do001_2017.xls,2017,Table 1,Total motor vehicles,2012,VIC,4286284.0
93090do001_2017.xls,2017,Table 1,Total motor vehicles,2012,WA,1977756.0
93090do001_2018.xls,2018,Table 1,Total motor vehicles,2013,ACT,273924.0
93090do001_2018.xls,2018,Table 1,Total motor vehicles,2013,AUS,17180596.0
93090do001_2018.xls,2018,Table 1,Total motor vehicles,2013,NSW,4984557.0
93090do001_2018.xls,2018,Table 1,Total motor vehicles,2013,NT,148569.0
93090do001_2018.xls,2018,Table 1,Total motor vehicles,2013,QLD,3606121.0
93090do001_2018.xls,2018,Table 1,Total motor vehicles,2013,SA,1298404.0
93090do001_2018.xls,2018,Table 1,Total motor vehicles,2013,TAS,436999.0
93090do001_2018.xls,2018,Table 1,Total motor vehicles,2013,VIC,4383634.0
93090do001_2018.xls,2018,Table 1,Total motor vehicles,2013,WA,2048388.0
93090do001_2019.xls,2019,Table 1,Total motor vehicles,2014,ACT,279352.0
93090do001_2019.xls,2019,Table 1,Total motor vehicles,2014,AUS,17633493.0
93090do001_2019.xls,2019,Table 1,Total motor vehicles,2014,NSW,5102352.0
93090do001_2019.xls,2019,Table 1,Total motor vehicles,2014,NT,152177.0
93090do001_2019.xls,2019,Table 1,Total motor vehicles,2014,QLD,3705400.0
93090do001_2019.xls,2019,Table 1,Total motor vehicles,2014,SA,1326232.0
93090do001_2019.xls,2019,Table 1,Total motor vehicles,2014,TAS,442575.0
93090do001_2019.xls,2019,Table 1,Total motor vehicles,2014,VIC,4483098.0
93090do001_2019.xls,2019,Table 1,Total motor vehicles,2014,WA,2142307.0
93090do001_2020.xls,2020,Table 1,Total motor vehicles,2015,ACT,283572.0
93090do001_2020.xls,2020,Table 1,Total motor vehicles,2015,AUS,18007767.0
93090do001_2020.xls,2020,Table 1,Total motor vehicles,2015,NSW,5247199.0
93090do001_2020.xls,2020,Table 1,Total motor vehicles,2015,NT,155035.0
93090do001_2020.xls,2020,Table 1,Total motor vehicles,2015,QLD,3771321.0
93090do001_2020.xls,2020,Table 1,Total motor vehicles,2015,SA,1347514.0
93090do001_2020.xls,2020,Table 1,Total motor vehicles,2015,TAS,450403.0
93090do001_2020.xls,2020,Table 1,Total motor vehicles,2015,VIC,4567314.0
93090do001_2020.xls,2020,Table 1,Total motor vehicles,2015,WA,2185409.0
93090do001_2021.xls,2021,Table 1,Total motor vehicles,2016,ACT,288317.0
93090do001_2021.xls,2021,Table 1,Total motor vehicles,2016,AUS,18387136.0
93090do001_2021.xls,2021,Table 1,Total motor vehicles,2016,NSW,5374419.0
93090do001_2021.xls,2021,Table 1,Total motor vehicles,2016,NT,157717.0
93090do001_2021.xls,2021,Table 1,Total motor vehicles,2016,QLD,3854205.0
93090do001_2021.xls,2021,Table 1,Total motor vehicles,2016,SA,1364700.0
93090do001_2021.xls,2021,Table 1,Total motor vehicles,2016,TAS,457629.0
93090do001_2021.xls,2021,Table 1,Total motor vehicles,2016,VIC,4681337.0
93090do001_2021.xls,2021,Table 1,Total motor vehicles,2016,WA,2208812.0
93090do001_2018.xls,2018,Table 1,Total motor vehicles,2017,ACT,295633.0
93090do001_2018.xls,2018,Table 1,Total motor vehicles,2017,AUS,18781133.0
93090do001_2018.xls,2018,Table 1,Total motor vehicles,2017,NSW,5509110.0
93090do001_2018.xls,2018,Table 1,Total motor vehicles,2017,NT,155362.0
93090do001_2018.xls,2018,Table 1,Total motor vehicles,2017,QLD,3948169.0
93090do001_2018.xls,2018,Table 1,Total motor vehicles,2017,SA,1386004.0
93090do001_2018.xls,2018,Table 1,Total motor vehicles,2017,TAS,469467.0
93090do001_2018.xls,2018,Table 1,Total motor vehicles,2017,VIC,4798097.0
93090do001_2018.xls,2018,Table 1,Total motor vehicles,2017,WA,2219291.0
93090do001_2019.xls,2019,Table 1,Total motor vehicles,2018,ACT,302568.0
93090do001_2019.xls,2019,Table 1,Total motor vehicles,2018,AUS,19173279.0
93090do001_2019.xls,2019,Table 1,Total motor vehicles,2018,NSW,5618385.0
93090do001_2019.xls,2019,Table 1,Total motor vehicles,2018,NT,162500.0
93090do001_2019.xls,2019,Table 1,Total motor vehicles,2018,QLD,4045335.0
93090do001_2019.xls,2019,Table 1,Total motor vehicles,2018,SA,1408960.0
93090do001_2019.xls,2019,Table 1,Total motor vehicles,2018,TAS,480935.0
93090do001_2019.xls,2019,Table 1,Total motor vehicles,2018,VIC,4923032.0
93090do001_2019.xls,2019,Table 1,Total motor vehicles,2018,WA,2231564.0
93090do001_2020.xls,2020,Table 1,Total motor vehicles,2019,ACT,308861.0
93090do001_2020.xls,2020,Table 1,Total motor vehicles,2019,AUS,19505241.0
93090do001_2020.xls,2020,Table 1,Total motor vehicles,2019,NSW,5702200.0
93090do001_2020.xls,2020,Table 1,Total motor vehicles,2019,NT,161635.0
93090do001_2020.xls,2020,Table 1,Total motor vehicles,2019,QLD,4134382.0
93090do001_2020.xls,2020,Table 1,Total motor vehicles,2019,SA,1428928.0
93090do001_2020.xls,2020,Table 1,Total motor vehicles,2019,TAS,493358.0
93090do001_2020.xls,2020,Table 1,Total motor vehicles,2019,VIC,5030906.0
93090do001_2020.xls,2020,Table 1,Total motor vehicles,2019,WA,2244971.0
93090do001_2021.xls,2021,Table 1,Total motor vehicles,2020,ACT,311048.0
93090do001_2021.xls,2021,Table 1,Total motor vehicles,2020,AUS,19805331.0
93090do001_2021.xls,2021,Table 1,Total motor vehicles,2020,NSW,5779039.0
93090do001_2021.xls,2021,Table 1,Total motor vehicles,2020,NT,160474.0
93090do001_2021.xls,2021,Table 1,Total motor vehicles,2020,QLD,4205100.0
93090do001_2021.xls,2021,Table 1,Total motor vehicles,2020,SA,1444960.0
93090do001_2021.xls,2021,Table 1,Total motor vehicles,2020,TAS,506391.0
93090do001_2021.xls,2021,Table 1,Total motor vehicles,2020,VIC,5119560.0
93090do001_2021.xls,2021,Table 1,Total motor vehicles,2020,WA,2278759.0
93090do001_2021.xls,2021,Table 1,Total motor vehicles,2021,ACT,318148.0
93090do001_2021.xls,2021,Table 1,Total motor vehicles,2021,AUS,20142942.0
93090do001_2021.xls,2021,Table 1,Total motor vehicles,2021,NSW,5892206.0
93090do001_2021.xls,2021,Table 1,Total motor vehicles,2021,NT,162641.0
93090do001_2021.xls,2021,Table 1,Total motor vehicles,2021,QLD,4303713.0
93090do001_2021.xls,2021,Table 1,Total motor vehicles,2021,SA,1477899.0
93090do001_2021.xls,2021,Table 1,Total motor vehicles,2021,TAS,516451.0
93090do001_2021.xls,2021,Table 1,Total motor vehicles,2021,VIC,5157172.0
93090do001_2021.xls,2021,Table 1,Total motor vehicles,2021,WA,2314712.0
