source_workbook,release_year,table,jurisdiction,year,fuel_type,vehicles
93090DO001_31201501.xls,2015,Table 5,ACT,2010,diesel,18451.0
93090DO001_31201501.xls,2015,Table 5,ACT,2010,other,6507.0
93090DO001_31201501.xls,2015,Table 5,ACT,2010,petrol_leaded,8668.0
93090DO001_31201501.xls,2015,Table 5,ACT,2010,petrol_total,228890.0
93090DO001_31201501.xls,2015,Table 5,ACT,2010,petrol_unleaded,220222.0
93090DO001_31201501.xls,2015,Table 5,ACT,2010,total,253848.0
93090do001_2016.xls,2016,Table 5,ACT,2011,diesel,21483.0
93090do001_2016.xls,2016,Table 5,ACT,2011,other,6567.0
93090do001_2016.xls,2016,Table 5,ACT,2011,petrol_leaded,7641.0
93090do001_2016.xls,2016,Table 5,ACT,2011,petrol_total,230854.0
93090do001_2016.xls,2016,Table 5,ACT,2011,petrol_unleaded,223213.0
93090do001_2016.xls,2016,Table 5,ACT,2011,total,258904.0
93090do001_2017.xls,2017,Table 5,ACT,2012,diesel,25405.0
93090do001_2017.xls,2017,Table 5,ACT,2012,other,6529.0
93090do001_2017.xls,2017,Table 5,ACT,2012,petrol_leaded,6718.0
93090do001_2017.xls,2017,Table 5,ACT,2012,petrol_total,235230.0
93090do001_2017.xls,2017,Table 5,ACT,2012,petrol_unleaded,228512.0
93090do001_2017.xls,2017,Table 5,ACT,2012,total,267164.0
93090do001_2018.xls,2018,Table 5,ACT,2013,diesel,29815.0
93090do001_2018.xls,2018,Table 5,ACT,2013,other,6556.0
93090do001_2018.xls,2018,Table 5,ACT,2013,petrol_leaded,5888.0
93090do001_2018.xls,2018,Table 5,ACT,2013,petrol_total,237553.0
93090do001_2018.xls,2018,Table 5,ACT,2013,petrol_unleaded,231665.0
93090do001_2018.xls,2018,Table 5,ACT,2013,total,273924.0
93090do001_2019.xls,2019,Table 5,ACT,2014,diesel,34325.0
93090do001_2019.xls,2019,Table 5,ACT,2014,other,6447.0
93090do001_2019.xls,2019,Table 5,ACT,2014,petrol_leaded,5335.0
93090do001_2019.xls,2019,Table 5,ACT,2014,petrol_total,238580.0
93090do001_2019.xls,2019,Table 5,ACT,2014,petrol_unleaded,233245.0
93090do001_2019.xls,2019,Table 5,ACT,2014,total,279352.0
93090do001_2020.xls,2020,Table 5,ACT,2015,diesel,38543.0
93090do001_2020.xls,2020,Table 5,ACT,2015,other,6177.0
93090do001_2020.xls,2020,Table 5,ACT,2015,petrol_leaded,4898.0
93090do001_2020.xls,2020,Table 5,ACT,2015,petrol_total,238852.0
93090do001_2020.xls,2020,Table 5,ACT,2015,petrol_unleaded,233954.0
93090do001_2020.xls,2020,Table 5,ACT,2015,total,283572.0
93090do001_2021.xls,2021,Table 5,ACT,2016,diesel,42822.0
93090do001_2021.xls,2021,Table 5,ACT,2016,other,5885.0
93090do001_2021.xls,2021,Table 5,ACT,2016,petrol_leaded,4534.0
93090do001_2021.xls,2021,Table 5,ACT,2016,petrol_total,239610.0
93090do001_2021.xls,2021,Table 5,ACT,2016,petrol_unleaded,235076.0
93090do001_2021.xls,2021,Table 5,ACT,2016,total,288317.0
93090do001_2018.xls,2018,Table 5,ACT,2017,diesel,47612.0
93090do001_2018.xls,2018,Table 5,ACT,2017,other,5833.0
93090do001_2018.xls,2018,Table 5,ACT,2017,petrol_leaded,4222.0
93090do001_2018.xls,2018,Table 5,ACT,2017,petrol_total,242188.0
93090do001_2018.xls,2018,Table 5,ACT,2017,petrol_unleaded,237966.0
93090do001_2018.xls,2018,Table 5,ACT,2017,total,295633.0
93090do001_2019.xls,2019,Table 5,ACT,2018,diesel,52067.0
93090do001_2019.xls,2019,Table 5,ACT,2018,other,5720.0
93090do001_2019.xls,2019,Table 5,ACT,2018,petrol_leaded,3883.0
93090do001_2019.xls,2019,Table 5,ACT,2018,petrol_total,244781.0
93090do001_2019.xls,2019,Table 5,ACT,2018,petrol_unleaded,240898.0
93090do001_2019.xls,2019,Table 5,ACT,2018,total,302568.0
93090do001_2020.xls,2020,Table 5,ACT,2019,diesel,55938.0
93090do001_2020.xls,2020,Table 5,ACT,2019,other,5649.0
93090do001_2020.xls,2020,Table 5,ACT,2019,petrol_leaded,3629.0
93090do001_2020.xls,2020,Table 5,ACT,2019,petrol_total,247274.0
93090do001_2020.xls,2020,Table 5,ACT,2019,petrol_unleaded,243645.0
93090do001_2020.xls,2020,Table 5,ACT,2019,total,308861.0
93090do001_2021.xls,2021,Table 5,ACT,2020,diesel,58456.0
93090do001_2021.xls,2021,Table 5,ACT,2020,other,6436.0
93090do001_2021.xls,2021,Table 5,ACT,2020,petrol_leaded,3364.0
93090do001_2021.xls,2021,Table 5,ACT,2020,petrol_total,246156.0
93090do001_2021.xls,2021,Table 5,ACT,2020,petrol_unleaded,242792.0
93090do001_2021.xls,2021,Table 5,ACT,2020,total,311048.0
93090do001_2021.xls,2021,Table 5,ACT,2021,diesel,61500.0
93090do001_2021.xls,2021,Table 5,ACT,2021,other,8821.0
93090do001_2021.xls,2021,Table 5,ACT,2021,petrol_leaded,3207.0
93090do001_2021.xls,2021,Table 5,ACT,2021,petrol_total,247827.0
93090do001_2021.xls,2021,Table 5,ACT,2021,petrol_unleaded,244620.0
93090do001_2021.xls,2021,Table 5,ACT,2021,total,318148.0
93090DO001_31201501.xls,2015,Table 5,AUS,2010,diesel,2220662.0
93090DO001_31201501.xls,2015,Table 5,AUS,2010,other,511535.0
93090DO001_31201501.xls,2015,Table 5,AUS,2010,petrol_leaded,682864.0
93090DO001_31201501.xls,2015,Table 5,AUS,2010,petrol_total,13328901.0
93090DO001_31201501.xls,2015,Table 5,AUS,2010,petrol_unleaded,12646037.0
93090DO001_31201501.xls,2015,Table 5,AUS,2010,total,16061098.0
93090do001_2016.xls,2016,Table 5,AUS,2011,diesel,2410277.0
93090do001_2016.xls,2016,Table 5,AUS,2011,other,513562.0
93090do001_2016.xls,2016,Table 5,AUS,2011,petrol_leaded,614345.0
93090do001_2016.xls,2016,Table 5,AUS,2011,petrol_total,13444544.0
93090do001_2016.xls,2016,Table 5,AUS,2011,petrol_unleaded,12830199.0
93090do001_2016.xls,2016,Table 5,AUS,2011,total,16368383.0
93090do001_2017.xls,2017,Table 5,AUS,2012,diesel,2654505.0
93090do001_2017.xls,2017,Table 5,AUS,2012,other,510644.0
93090do001_2017.xls,2017,Table 5,AUS,2012,petrol_leaded,547127.0
93090do001_2017.xls,2017,Table 5,AUS,2012,petrol_total,13576495.0
93090do001_2017.xls,2017,Table 5,AUS,2012,petrol_unleaded,13029368.0
93090do001_2017.xls,2017,Table 5,AUS,2012,total,16741644.0
93090do001_2018.xls,2018,Table 5,AUS,2013,diesel,2952327.0
93090do001_2018.xls,2018,Table 5,AUS,2013,other,501020.0
93090do001_2018.xls,2018,Table 5,AUS,2013,petrol_leaded,495942.0
93090do001_2018.xls,2018,Table 5,AUS,2013,petrol_total,13727249.0
93090do001_2018.xls,2018,Table 5,AUS,2013,petrol_unleaded,13231307.0
93090do001_2018.xls,2018,Table 5,AUS,2013,total,17180596.0
93090do001_2019.xls,2019,Table 5,AUS,2014,diesel,3264541.0
93090do001_2019.xls,2019,Table 5,AUS,2014,other,479419.0
93090do001_2019.xls,2019,Table 5,AUS,2014,petrol_leaded,453330.0
93090do001_2019.xls,2019,Table 5,AUS,2014,petrol_total,13889533.0
93090do001_2019.xls,2019,Table 5,AUS,2014,petrol_unleaded,13436203.0
93090do001_2019.xls,2019,Table 5,AUS,2014,total,17633493.0
93090do001_2020.xls,2020,Table 5,AUS,2015,diesel,3555227.0
93090do001_2020.xls,2020,Table 5,AUS,2015,other,451820.0
93090do001_2020.xls,2020,Table 5,AUS,2015,petrol_leaded,418010.0
93090do001_2020.xls,2020,Table 5,AUS,2015,petrol_total,14000720.0
93090do001_2020.xls,2020,Table 5,AUS,2015,petrol_unleaded,13582710.0
93090do001_2020.xls,2020,Table 5,AUS,2015,total,18007767.0
93090do001_2021.xls,2021,Table 5,AUS,2016,diesel,3848444.0
93090do001_2021.xls,2021,Table 5,AUS,2016,other,423635.0
93090do001_2021.xls,2021,Table 5,AUS,2016,petrol_leaded,390767.0
93090do001_2021.xls,2021,Table 5,AUS,2016,petrol_total,14115057.0
93090do001_2021.xls,2021,Table 5,AUS,2016,petrol_unleaded,13724290.0
93090do001_2021.xls,2021,Table 5,AUS,2016,total,18387136.0
93090do001_2018.xls,2018,Table 5,AUS,2017,diesel,4161995.0
93090do001_2018.xls,2018,Table 5,AUS,2017,other,396719.0
93090do001_2018.xls,2018,Table 5,AUS,2017,petrol_leaded,365524.0
93090do001_2018.xls,2018,Table 5,AUS,2017,petrol_total,14222419.0
93090do001_2018.xls,2018,Table 5,AUS,2017,petrol_unleaded,13856895.0
93090do001_2018.xls,2018,Table 5,AUS,2017,total,18781133.0
93090do001_2019.xls,2019,Table 5,AUS,2018,diesel,4491140.0
93090do001_2019.xls,2019,Table 5,AUS,2018,other,369520.0
93090do001_2019.xls,2019,Table 5,AUS,2018,petrol_leaded,344144.0
93090do001_2019.xls,2019,Table 5,AUS,2018,petrol_total,14312619.0
93090do001_2019.xls,2019,Table 5,AUS,2018,petrol_unleaded,13968475.0
93090do001_2019.xls,2019,Table 5,AUS,2018,total,19173279.0
93090do001_2020.xls,2020,Table 5,AUS,2019,diesel,4794739.0
93090do001_2020.xls,2020,Table 5,AUS,2019,other,357287.0
93090do001_2020.xls,2020,Table 5,AUS,2019,petrol_leaded,326713.0
93090do001_2020.xls,2020,Table 5,AUS,2019,petrol_total,14353215.0
93090do001_2020.xls,2020,Table 5,AUS,2019,petrol_unleaded,14026502.0
93090do001_2020.xls,2020,Table 5,AUS,2019,total,19505241.0
93090do001_2021.xls,2021,Table 5,AUS,2020,diesel,5061680.0
93090do001_2021.xls,2021,Table 5,AUS,2020,other,354506.0
93090do001_2021.xls,2021,Table 5,AUS,2020,petrol_leaded,314834.0
93090do001_2021.xls,2021,Table 5,AUS,2020,petrol_total,14389145.0
93090do001_2021.xls,2021,Table 5,AUS,2020,petrol_unleaded,14074311.0
93090do001_2021.xls,2021,Table 5,AUS,2020,total,19805331.0
93090do001_2021.xls,2021,Table 5,AUS,2021,diesel,5321847.0
93090do001_2021.xls,2021,Table 5,AUS,2021,other,377187.0
93090do001_2021.xls,2021,Table 5,AUS,2021,petrol_leaded,308712.0
93090do001_2021.xls,2021,Table 5,AUS,2021,petrol_total,14443908.0
93090do001_2021.xls,2021,Table 5,AUS,2021,petrol_unleaded,14135196.0
93090do001_2021.xls,2021,Table 5,AUS,2021,total,20142942.0
93090DO001_31201501.xls,2015,Table 5,NSW,2010,diesel,560677.0
93090DO001_31201501.xls,2015,Table 5,NSW,2010,other,120059.0
93090DO001_31201501.xls,2015,Table 5,NSW,2010,petrol_leaded,144287.0
93090DO001_31201501.xls,2015,Table 5,NSW,2010,petrol_total,4000735.0
93090DO001_31201501.xls,2015,Table 5,NSW,2010,petrol_unleaded,3856448.0
93090DO001_31201501.xls,2015,Table 5,NSW,2010,total,4681471.0
93090do001_2016.xls,2016,Table 5,NSW,2011,diesel,612969.0
93090do001_2016.xls,2016,Table 5,NSW,2011,other,123369.0
93090do001_2016.xls,2016,Table 5,NSW,2011,petrol_leaded,129692.0
93090do001_2016.xls,2016,Table 5,NSW,2011,petrol_total,4042083.0
93090do001_2016.xls,2016,Table 5,NSW,2011,petrol_unleaded,3912391.0
93090do001_2016.xls,2016,Table 5,NSW,2011,total,4778421.0
93090do001_2017.xls,2017,Table 5,NSW,2012,diesel,676449.0
93090do001_2017.xls,2017,Table 5,NSW,2012,other,123042.0
93090do001_2017.xls,2017,Table 5,NSW,2012,petrol_leaded,115736.0
93090do001_2017.xls,2017,Table 5,NSW,2012,petrol_total,4070505.0
93090do001_2017.xls,2017,Table 5,NSW,2012,petrol_unleaded,3954769.0
93090do001_2017.xls,2017,Table 5,NSW,2012,total,4869996.0
93090do001_2018.xls,2018,Table 5,NSW,2013,diesel,756836.0
93090do001_2018.xls,2018,Table 5,NSW,2013,other,126289.0
93090do001_2018.xls,2018,Table 5,NSW,2013,petrol_leaded,105828.0
93090do001_2018.xls,2018,Table 5,NSW,2013,petrol_total,4101432.0
93090do001_2018.xls,2018,Table 5,NSW,2013,petrol_unleaded,3995604.0
93090do001_2018.xls,2018,Table 5,NSW,2013,total,4984557.0
93090do001_2019.xls,2019,Table 5,NSW,2014,diesel,843083.0
93090do001_2019.xls,2019,Table 5,NSW,2014,other,121546.0
93090do001_2019.xls,2019,Table 5,NSW,2014,petrol_leaded,97381.0
93090do001_2019.xls,2019,Table 5,NSW,2014,petrol_total,4137723.0
93090do001_2019.xls,2019,Table 5,NSW,2014,petrol_unleaded,4040342.0
93090do001_2019.xls,2019,Table 5,NSW,2014,total,5102352.0
93090do001_2020.xls,2020,Table 5,NSW,2015,diesel,934180.0
93090do001_2020.xls,2020,Table 5,NSW,2015,other,115619.0
93090do001_2020.xls,2020,Table 5,NSW,2015,petrol_leaded,92865.0
93090do001_2020.xls,2020,Table 5,NSW,2015,petrol_total,4197400.0
93090do001_2020.xls,2020,Table 5,NSW,2015,petrol_unleaded,4104535.0
93090do001_2020.xls,2020,Table 5,NSW,2015,total,5247199.0
93090do001_2021.xls,2021,Table 5,NSW,2016,diesel,1030701.0
93090do001_2021.xls,2021,Table 5,NSW,2016,other,108529.0
93090do001_2021.xls,2021,Table 5,NSW,2016,petrol_leaded,86694.0
93090do001_2021.xls,2021,Table 5,NSW,2016,petrol_total,4235189.0
93090do001_2021.xls,2021,Table 5,NSW,2016,petrol_unleaded,4148495.0
93090do001_2021.xls,2021,Table 5,NSW,2016,total,5374419.0
93090do001_2018.xls,2018,Table 5,NSW,2017,diesel,1134554.0
93090do001_2018.xls,2018,Table 5,NSW,2017,other,102771.0
93090do001_2018.xls,2018,Table 5,NSW,2017,petrol_leaded,78299.0
93090do001_2018.xls,2018,Table 5,NSW,2017,petrol_total,4271785.0
93090do001_2018.xls,2018,Table 5,NSW,2017,petrol_unleaded,4193486.0
93090do001_2018.xls,2018,Table 5,NSW,2017,total,5509110.0
93090do001_2019.xls,2019,Table 5,NSW,2018,diesel,1235886.0
93090do001_2019.xls,2019,Table 5,NSW,2018,other,96913.0
93090do001_2019.xls,2019,Table 5,NSW,2018,petrol_leaded,69880.0
93090do001_2019.xls,2019,Table 5,NSW,2018,petrol_total,4285586.0
93090do001_2019.xls,2019,Table 5,NSW,2018,petrol_unleaded,4215706.0
93090do001_2019.xls,2019,Table 5,NSW,2018,total,5618385.0
93090do001_2020.xls,2020,Table 5,NSW,2019,diesel,1318150.0
93090do001_2020.xls,2020,Table 5,NSW,2019,other,103874.0
93090do001_2020.xls,2020,Table 5,NSW,2019,petrol_leaded,63294.0
93090do001_2020.xls,2020,Table 5,NSW,2019,petrol_total,4280176.0
93090do001_2020.xls,2020,Table 5,NSW,2019,petrol_unleaded,4216882.0
93090do001_2020.xls,2020,Table 5,NSW,2019,total,5702200.0
93090do001_2021.xls,2021,Table 5,NSW,2020,diesel,1393740.0
93090do001_2021.xls,2021,Table 5,NSW,2020,other,109095.0
93090do001_2021.xls,2021,Table 5,NSW,2020,petrol_leaded,58672.0
93090do001_2021.xls,2021,Table 5,NSW,2020,petrol_total,4276204.0
93090do001_2021.xls,2021,Table 5,NSW,2020,petrol_unleaded,4217532.0
93090do001_2021.xls,2021,Table 5,NSW,2020,total,5779039.0
93090do001_2021.xls,2021,Table 5,NSW,2021,diesel,1467320.0
93090do001_2021.xls,2021,Table 5,NSW,2021,other,127612.0
93090do001_2021.xls,2021,Table 5,NSW,2021,petrol_leaded,56327.0
93090do001_2021.xls,2021,Table 5,NSW,2021,petrol_total,4297274.0
93090do001_2021.xls,2021,Table 5,NSW,2021,petrol_unleaded,4240947.0
93090do001_2021.xls,2021,Table 5,NSW,2021,total,5892206.0
93090DO001_31201501.xls,2015,Table 5,NT,2010,diesel,39305.0
93090DO001_31201501.xls,2015,Table 5,NT,2010,other,1230.0
93090DO001_31201501.xls,2015,Table 5,NT,2010,petrol_leaded,3321.0
93090DO001_31201501.xls,2015,Table 5,NT,2010,petrol_total,94165.0
93090DO001_31201501.xls,2015,Table 5,NT,2010,petrol_unleaded,90844.0
93090DO001_31201501.xls,2015,Table 5,NT,2010,total,134700.0
93090do001_2016.xls,2016,Table 5,NT,2011,diesel,41466.0
93090do001_2016.xls,2016,Table 5,NT,2011,other,1214.0
93090do001_2016.xls,2016,Table 5,NT,2011,petrol_leaded,2851.0
93090do001_2016.xls,2016,Table 5,NT,2011,petrol_total,94402.0
93090do001_2016.xls,2016,Table 5,NT,2011,petrol_unleaded,91551.0
93090do001_2016.xls,2016,Table 5,NT,2011,total,137082.0
93090do001_2017.xls,2017,Table 5,NT,2012,diesel,44010.0
93090do001_2017.xls,2017,Table 5,NT,2012,other,1231.0
93090do001_2017.xls,2017,Table 5,NT,2012,petrol_leaded,2566.0
93090do001_2017.xls,2017,Table 5,NT,2012,petrol_total,95860.0
93090do001_2017.xls,2017,Table 5,NT,2012,petrol_unleaded,93294.0
93090do001_2017.xls,2017,Table 5,NT,2012,total,141101.0
93090do001_2018.xls,2018,Table 5,NT,2013,diesel,48453.0
93090do001_2018.xls,2018,Table 5,NT,2013,other,1237.0
93090do001_2018.xls,2018,Table 5,NT,2013,petrol_leaded,2234.0
93090do001_2018.xls,2018,Table 5,NT,2013,petrol_total,98879.0
93090do001_2018.xls,2018,Table 5,NT,2013,petrol_unleaded,96645.0
93090do001_2018.xls,2018,Table 5,NT,2013,total,148569.0
93090do001_2019.xls,2019,Table 5,NT,2014,diesel,51985.0
93090do001_2019.xls,2019,Table 5,NT,2014,other,1129.0
93090do001_2019.xls,2019,Table 5,NT,2014,petrol_leaded,1910.0
93090do001_2019.xls,2019,Table 5,NT,2014,petrol_total,99063.0
93090do001_2019.xls,2019,Table 5,NT,2014,petrol_unleaded,97153.0
93090do001_2019.xls,2019,Table 5,NT,2014,total,152177.0
93090do001_2020.xls,2020,Table 5,NT,2015,diesel,54904.0
93090do001_2020.xls,2020,Table 5,NT,2015,other,1010.0
93090do001_2020.xls,2020,Table 5,NT,2015,petrol_leaded,1686.0
93090do001_2020.xls,2020,Table 5,NT,2015,petrol_total,99121.0
93090do001_2020.xls,2020,Table 5,NT,2015,petrol_unleaded,97435.0
93090do001_2020.xls,2020,Table 5,NT,2015,total,155035.0
93090do001_2021.xls,2021,Table 5,NT,2016,diesel,57927.0
93090do001_2021.xls,2021,Table 5,NT,2016,other,912.0
93090do001_2021.xls,2021,Table 5,NT,2016,petrol_leaded,1587.0
93090do001_2021.xls,2021,Table 5,NT,2016,petrol_total,98878.0
93090do001_2021.xls,2021,Table 5,NT,2016,petrol_unleaded,97291.0
93090do001_2021.xls,2021,Table 5,NT,2016,total,157717.0
93090do001_2018.xls,2018,Table 5,NT,2017,diesel,58729.0
93090do001_2018.xls,2018,Table 5,NT,2017,other,784.0
93090do001_2018.xls,2018,Table 5,NT,2017,petrol_leaded,1434.0
93090do001_2018.xls,2018,Table 5,NT,2017,petrol_total,95849.0
93090do001_2018.xls,2018,Table 5,NT,2017,petrol_unleaded,94415.0
93090do001_2018.xls,2018,Table 5,NT,2017,total,155362.0
93090do001_2019.xls,2019,Table 5,NT,2018,diesel,62641.0
93090do001_2019.xls,2019,Table 5,NT,2018,other,733.0
93090do001_2019.xls,2019,Table 5,NT,2018,petrol_leaded,1329.0
93090do001_2019.xls,2019,Table 5,NT,2018,petrol_total,99126.0
93090do001_2019.xls,2019,Table 5,NT,2018,petrol_unleaded,97797.0
93090do001_2019.xls,2019,Table 5,NT,2018,total,162500.0
93090do001_2020.xls,2020,Table 5,NT,2019,diesel,64173.0
93090do001_2020.xls,2020,Table 5,NT,2019,other,611.0
93090do001_2020.xls,2020,Table 5,NT,2019,petrol_leaded,1245.0
93090do001_2020.xls,2020,Table 5,NT,2019,petrol_total,96851.0
93090do001_2020.xls,2020,Table 5,NT,2019,petrol_unleaded,95606.0
93090do001_2020.xls,2020,Table 5,NT,2019,total,161635.0
93090do001_2021.xls,2021,Table 5,NT,2020,diesel,65182.0
93090do001_2021.xls,2021,Table 5,NT,2020,other,539.0
93090do001_2021.xls,2021,Table 5,NT,2020,petrol_leaded,1142.0
93090do001_2021.xls,2021,Table 5,NT,2020,petrol_total,94753.0
93090do001_2021.xls,2021,Table 5,NT,2020,petrol_unleaded,93611.0
93090do001_2021.xls,2021,Table 5,NT,2020,total,160474.0
93090do001_2021.xls,2021,Table 5,NT,2021,diesel,67048.0
93090do001_2021.xls,2021,Table 5,NT,2021,other,500.0
93090do001_2021.xls,2021,Table 5,NT,2021,petrol_leaded,1143.0
93090do001_2021.xls,2021,Table 5,NT,2021,petrol_total,95093.0
93090do001_2021.xls,2021,Table 5,NT,2021,petrol_unleaded,93950.0
93090do001_2021.xls,2021,Table 5,NT,2021,total,162641.0
93090DO001_31201501.xls,2015,Table 5,QLD,2010,diesel,595490.0
93090DO001_31201501.xls,2015,Table 5,QLD,2010,other,55747.0
93090DO001_31201501.xls,2015,Table 5,QLD,2010,petrol_leaded,133277.0
93090DO001_31201501.xls,2015,Table 5,QLD,2010,petrol_total,2706984.0
93090DO001_31201501.xls,2015,Table 5,QLD,2010,petrol_unleaded,2573707.0
93090DO001_31201501.xls,2015,Table 5,QLD,2010,total,3358221.0
93090do001_2016.xls,2016,Table 5,QLD,2011,diesel,636558.0
93090do001_2016.xls,2016,Table 5,QLD,2011,other,56580.0
93090do001_2016.xls,2016,Table 5,QLD,2011,petrol_leaded,118413.0
93090do001_2016.xls,2016,Table 5,QLD,2011,petrol_total,2708794.0
93090do001_2016.xls,2016,Table 5,QLD,2011,petrol_unleaded,2590381.0
93090do001_2016.xls,2016,Table 5,QLD,2011,total,3401932.0
93090do001_2017.xls,2017,Table 5,QLD,2012,diesel,697605.0
93090do001_2017.xls,2017,Table 5,QLD,2012,other,58120.0
93090do001_2017.xls,2017,Table 5,QLD,2012,petrol_leaded,106029.0
93090do001_2017.xls,2017,Table 5,QLD,2012,petrol_total,2736586.0
93090do001_2017.xls,2017,Table 5,QLD,2012,petrol_unleaded,2630557.0
93090do001_2017.xls,2017,Table 5,QLD,2012,total,3492311.0
93090do001_2018.xls,2018,Table 5,QLD,2013,diesel,775091.0
93090do001_2018.xls,2018,Table 5,QLD,2013,other,58868.0
93090do001_2018.xls,2018,Table 5,QLD,2013,petrol_leaded,97056.0
93090do001_2018.xls,2018,Table 5,QLD,2013,petrol_total,2772162.0
93090do001_2018.xls,2018,Table 5,QLD,2013,petrol_unleaded,2675106.0
93090do001_2018.xls,2018,Table 5,QLD,2013,total,3606121.0
93090do001_2019.xls,2019,Table 5,QLD,2014,diesel,849537.0
93090do001_2019.xls,2019,Table 5,QLD,2014,other,58252.0
93090do001_2019.xls,2019,Table 5,QLD,2014,petrol_leaded,90241.0
93090do001_2019.xls,2019,Table 5,QLD,2014,petrol_total,2797611.0
93090do001_2019.xls,2019,Table 5,QLD,2014,petrol_unleaded,2707370.0
93090do001_2019.xls,2019,Table 5,QLD,2014,total,3705400.0
93090do001_2020.xls,2020,Table 5,QLD,2015,diesel,910394.0
93090do001_2020.xls,2020,Table 5,QLD,2015,other,56742.0
93090do001_2020.xls,2020,Table 5,QLD,2015,petrol_leaded,84845.0
93090do001_2020.xls,2020,Table 5,QLD,2015,petrol_total,2804185.0
93090do001_2020.xls,2020,Table 5,QLD,2015,petrol_unleaded,2719340.0
93090do001_2020.xls,2020,Table 5,QLD,2015,total,3771321.0
93090do001_2021.xls,2021,Table 5,QLD,2016,diesel,971446.0
93090do001_2021.xls,2021,Table 5,QLD,2016,other,55670.0
93090do001_2021.xls,2021,Table 5,QLD,2016,petrol_leaded,80870.0
93090do001_2021.xls,2021,Table 5,QLD,2016,petrol_total,2827089.0
93090do001_2021.xls,2021,Table 5,QLD,2016,petrol_unleaded,2746219.0
93090do001_2021.xls,2021,Table 5,QLD,2016,total,3854205.0
93090do001_2018.xls,2018,Table 5,QLD,2017,diesel,1038606.0
93090do001_2018.xls,2018,Table 5,QLD,2017,other,54216.0
93090do001_2018.xls,2018,Table 5,QLD,2017,petrol_leaded,78136.0
93090do001_2018.xls,2018,Table 5,QLD,2017,petrol_total,2855347.0
93090do001_2018.xls,2018,Table 5,QLD,2017,petrol_unleaded,2777211.0
93090do001_2018.xls,2018,Table 5,QLD,2017,total,3948169.0
93090do001_2019.xls,2019,Table 5,QLD,2018,diesel,1115679.0
93090do001_2019.xls,2019,Table 5,QLD,2018,other,52587.0
93090do001_2019.xls,2019,Table 5,QLD,2018,petrol_leaded,75393.0
93090do001_2019.xls,2019,Table 5,QLD,2018,petrol_total,2877069.0
93090do001_2019.xls,2019,Table 5,QLD,2018,petrol_unleaded,2801676.0
93090do001_2019.xls,2019,Table 5,QLD,2018,total,4045335.0
93090do001_2020.xls,2020,Table 5,QLD,2019,diesel,1189128.0
93090do001_2020.xls,2020,Table 5,QLD,2019,other,51535.0
93090do001_2020.xls,2020,Table 5,QLD,2019,petrol_leaded,73477.0
93090do001_2020.xls,2020,Table 5,QLD,2019,petrol_total,2893719.0
93090do001_2020.xls,2020,Table 5,QLD,2019,petrol_unleaded,2820242.0
93090do001_2020.xls,2020,Table 5,QLD,2019,total,4134382.0
93090do001_2021.xls,2021,Table 5,QLD,2020,diesel,1250032.0
93090do001_2021.xls,2021,Table 5,QLD,2020,other,55271.0
93090do001_2021.xls,2021,Table 5,QLD,2020,petrol_leaded,72525.0
93090do001_2021.xls,2021,Table 5,QLD,2020,petrol_total,2899797.0
93090do001_2021.xls,2021,Table 5,QLD,2020,petrol_unleaded,2827272.0
93090do001_2021.xls,2021,Table 5,QLD,2020,total,4205100.0
93090do001_2021.xls,2021,Table 5,QLD,2021,diesel,1314018.0
93090do001_2021.xls,2021,Table 5,QLD,2021,other,66296.0
93090do001_2021.xls,2021,Table 5,QLD,2021,petrol_leaded,72897.0
93090do001_2021.xls,2021,Table 5,QLD,2021,petrol_total,2923399.0
93090do001_2021.xls,2021,Table 5,QLD,2021,petrol_unleaded,2850502.0
93090do001_2021.xls,2021,Table 5,QLD,2021,total,4303713.0
93090DO001_31201501.xls,2015,Table 5,SA,2010,diesel,138660.0
93090DO001_31201501.xls,2015,Table 5,SA,2010,other,12092.0
93090DO001_31201501.xls,2015,Table 5,SA,2010,petrol_leaded,73811.0
93090DO001_31201501.xls,2015,Table 5,SA,2010,petrol_total,1088920.0
93090DO001_31201501.xls,2015,Table 5,SA,2010,petrol_unleaded,1015109.0
93090DO001_31201501.xls,2015,Table 5,SA,2010,total,1239672.0
93090do001_2016.xls,2016,Table 5,SA,2011,diesel,152531.0
93090do001_2016.xls,2016,Table 5,SA,2011,other,12099.0
93090do001_2016.xls,2016,Table 5,SA,2011,petrol_leaded,65816.0
93090do001_2016.xls,2016,Table 5,SA,2011,petrol_total,1097295.0
93090do001_2016.xls,2016,Table 5,SA,2011,petrol_unleaded,1031479.0
93090do001_2016.xls,2016,Table 5,SA,2011,total,1261925.0
93090do001_2017.xls,2017,Table 5,SA,2012,diesel,167585.0
93090do001_2017.xls,2017,Table 5,SA,2012,other,11909.0
93090do001_2017.xls,2017,Table 5,SA,2012,petrol_leaded,56335.0
93090do001_2017.xls,2017,Table 5,SA,2012,petrol_total,1095547.0
93090do001_2017.xls,2017,Table 5,SA,2012,petrol_unleaded,1039212.0
93090do001_2017.xls,2017,Table 5,SA,2012,total,1275041.0
93090do001_2018.xls,2018,Table 5,SA,2013,diesel,185135.0
93090do001_2018.xls,2018,Table 5,SA,2013,other,11856.0
93090do001_2018.xls,2018,Table 5,SA,2013,petrol_leaded,51502.0
93090do001_2018.xls,2018,Table 5,SA,2013,petrol_total,1101413.0
93090do001_2018.xls,2018,Table 5,SA,2013,petrol_unleaded,1049911.0
93090do001_2018.xls,2018,Table 5,SA,2013,total,1298404.0
93090do001_2019.xls,2019,Table 5,SA,2014,diesel,204270.0
93090do001_2019.xls,2019,Table 5,SA,2014,other,11590.0
93090do001_2019.xls,2019,Table 5,SA,2014,petrol_leaded,47113.0
93090do001_2019.xls,2019,Table 5,SA,2014,petrol_total,1110372.0
93090do001_2019.xls,2019,Table 5,SA,2014,petrol_unleaded,1063259.0
93090do001_2019.xls,2019,Table 5,SA,2014,total,1326232.0
93090do001_2020.xls,2020,Table 5,SA,2015,diesel,223516.0
93090do001_2020.xls,2020,Table 5,SA,2015,other,11048.0
93090do001_2020.xls,2020,Table 5,SA,2015,petrol_leaded,43495.0
93090do001_2020.xls,2020,Table 5,SA,2015,petrol_total,1112950.0
93090do001_2020.xls,2020,Table 5,SA,2015,petrol_unleaded,1069455.0
93090do001_2020.xls,2020,Table 5,SA,2015,total,1347514.0
93090do001_2021.xls,2021,Table 5,SA,2016,diesel,241974.0
93090do001_2021.xls,2021,Table 5,SA,2016,other,10564.0
93090do001_2021.xls,2021,Table 5,SA,2016,petrol_leaded,40608.0
93090do001_2021.xls,2021,Table 5,SA,2016,petrol_total,1112162.0
93090do001_2021.xls,2021,Table 5,SA,2016,petrol_unleaded,1071554.0
93090do001_2021.xls,2021,Table 5,SA,2016,total,1364700.0
93090do001_2018.xls,2018,Table 5,SA,2017,diesel,262978.0
93090do001_2018.xls,2018,Table 5,SA,2017,other,9935.0
93090do001_2018.xls,2018,Table 5,SA,2017,petrol_leaded,38736.0
93090do001_2018.xls,2018,Table 5,SA,2017,petrol_total,1113091.0
93090do001_2018.xls,2018,Table 5,SA,2017,petrol_unleaded,1074355.0
93090do001_2018.xls,2018,Table 5,SA,2017,total,1386004.0
93090do001_2019.xls,2019,Table 5,SA,2018,diesel,284465.0
93090do001_2019.xls,2019,Table 5,SA,2018,other,9231.0
93090do001_2019.xls,2019,Table 5,SA,2018,petrol_leaded,38774.0
93090do001_2019.xls,2019,Table 5,SA,2018,petrol_total,1115264.0
93090do001_2019.xls,2019,Table 5,SA,2018,petrol_unleaded,1076490.0
93090do001_2019.xls,2019,Table 5,SA,2018,total,1408960.0
93090do001_2020.xls,2020,Table 5,SA,2019,diesel,305794.0
93090do001_2020.xls,2020,Table 5,SA,2019,other,8572.0
93090do001_2020.xls,2020,Table 5,SA,2019,petrol_leaded,39363.0
93090do001_2020.xls,2020,Table 5,SA,2019,petrol_total,1114562.0
93090do001_2020.xls,2020,Table 5,SA,2019,petrol_unleaded,1075199.0
93090do001_2020.xls,2020,Table 5,SA,2019,total,1428928.0
93090do001_2021.xls,2021,Table 5,SA,2020,diesel,324656.0
93090do001_2021.xls,2021,Table 5,SA,2020,other,8354.0
93090do001_2021.xls,2021,Table 5,SA,2020,petrol_leaded,38479.0
93090do001_2021.xls,2021,Table 5,SA,2020,petrol_total,1111950.0
93090do001_2021.xls,2021,Table 5,SA,2020,petrol_unleaded,1073471.0
93090do001_2021.xls,2021,Table 5,SA,2020,total,1444960.0
93090do001_2021.xls,2021,Table 5,SA,2021,diesel,348264.0
93090do001_2021.xls,2021,Table 5,SA,2021,other,8142.0
93090do001_2021.xls,2021,Table 5,SA,2021,petrol_leaded,38163.0
93090do001_2021.xls,2021,Table 5,SA,2021,petrol_total,1121493.0
93090do001_2021.xls,2021,Table 5,SA,2021,petrol_unleaded,1083330.0
93090do001_2021.xls,2021,Table 5,SA,2021,total,1477899.0
93090DO001_31201501.xls,2015,Table 5,TAS,2010,diesel,66209.0
93090DO001_31201501.xls,2015,Table 5,TAS,2010,other,4178.0
93090DO001_31201501.xls,2015,Table 5,TAS,2010,petrol_leaded,31192.0
93090DO001_31201501.xls,2015,Table 5,TAS,2010,petrol_total,339823.0
93090DO001_31201501.xls,2015,Table 5,TAS,2010,petrol_unleaded,308631.0
93090DO001_31201501.xls,2015,Table 5,TAS,2010,total,410210.0
93090do001_2016.xls,2016,Table 5,TAS,2011,diesel,71236.0
93090do001_2016.xls,2016,Table 5,TAS,2011,other,4281.0
93090do001_2016.xls,2016,Table 5,TAS,2011,petrol_leaded,28140.0
93090do001_2016.xls,2016,Table 5,TAS,2011,petrol_total,343492.0
93090do001_2016.xls,2016,Table 5,TAS,2011,petrol_unleaded,315352.0
93090do001_2016.xls,2016,Table 5,TAS,2011,total,419009.0
93090do001_2017.xls,2017,Table 5,TAS,2012,diesel,77190.0
93090do001_2017.xls,2017,Table 5,TAS,2012,other,4390.0
93090do001_2017.xls,2017,Table 5,TAS,2012,petrol_leaded,26400.0
93090do001_2017.xls,2017,Table 5,TAS,2012,petrol_total,350411.0
93090do001_2017.xls,2017,Table 5,TAS,2012,petrol_unleaded,324011.0
93090do001_2017.xls,2017,Table 5,TAS,2012,total,431991.0
93090do001_2018.xls,2018,Table 5,TAS,2013,diesel,82425.0
93090do001_2018.xls,2018,Table 5,TAS,2013,other,3970.0
93090do001_2018.xls,2018,Table 5,TAS,2013,petrol_leaded,23985.0
93090do001_2018.xls,2018,Table 5,TAS,2013,petrol_total,350604.0
93090do001_2018.xls,2018,Table 5,TAS,2013,petrol_unleaded,326619.0
93090do001_2018.xls,2018,Table 5,TAS,2013,total,436999.0
93090do001_2019.xls,2019,Table 5,TAS,2014,diesel,89029.0
93090do001_2019.xls,2019,Table 5,TAS,2014,other,3540.0
93090do001_2019.xls,2019,Table 5,TAS,2014,petrol_leaded,21828.0
93090do001_2019.xls,2019,Table 5,TAS,2014,petrol_total,350006.0
93090do001_2019.xls,2019,Table 5,TAS,2014,petrol_unleaded,328178.0
93090do001_2019.xls,2019,Table 5,TAS,2014,total,442575.0
93090do001_2020.xls,2020,Table 5,TAS,2015,diesel,96185.0
93090do001_2020.xls,2020,Table 5,TAS,2015,other,3257.0
93090do001_2020.xls,2020,Table 5,TAS,2015,petrol_leaded,20294.0
93090do001_2020.xls,2020,Table 5,TAS,2015,petrol_total,350961.0
93090do001_2020.xls,2020,Table 5,TAS,2015,petrol_unleaded,330667.0
93090do001_2020.xls,2020,Table 5,TAS,2015,total,450403.0
93090do001_2021.xls,2021,Table 5,TAS,2016,diesel,104055.0
93090do001_2021.xls,2021,Table 5,TAS,2016,other,2994.0
93090do001_2021.xls,2021,Table 5,TAS,2016,petrol_leaded,18811.0
93090do001_2021.xls,2021,Table 5,TAS,2016,petrol_total,350580.0
93090do001_2021.xls,2021,Table 5,TAS,2016,petrol_unleaded,331769.0
93090do001_2021.xls,2021,Table 5,TAS,2016,total,457629.0
93090do001_2018.xls,2018,Table 5,TAS,2017,diesel,112315.0
93090do001_2018.xls,2018,Table 5,TAS,2017,other,2811.0
93090do001_2018.xls,2018,Table 5,TAS,2017,petrol_leaded,18027.0
93090do001_2018.xls,2018,Table 5,TAS,2017,petrol_total,354341.0
93090do001_2018.xls,2018,Table 5,TAS,2017,petrol_unleaded,336314.0
93090do001_2018.xls,2018,Table 5,TAS,2017,total,469467.0
93090do001_2019.xls,2019,Table 5,TAS,2018,diesel,121365.0
93090do001_2019.xls,2019,Table 5,TAS,2018,other,2536.0
93090do001_2019.xls,2019,Table 5,TAS,2018,petrol_leaded,17289.0
93090do001_2019.xls,2019,Table 5,TAS,2018,petrol_total,357034.0
93090do001_2019.xls,2019,Table 5,TAS,2018,petrol_unleaded,339745.0
93090do001_2019.xls,2019,Table 5,TAS,2018,total,480935.0
93090do001_2020.xls,2020,Table 5,TAS,2019,diesel,130629.0
93090do001_2020.xls,2020,Table 5,TAS,2019,other,2587.0
93090do001_2020.xls,2020,Table 5,TAS,2019,petrol_leaded,16438.0
93090do001_2020.xls,2020,Table 5,TAS,2019,petrol_total,360142.0
93090do001_2020.xls,2020,Table 5,TAS,2019,petrol_unleaded,343704.0
93090do001_2020.xls,2020,Table 5,TAS,2019,total,493358.0
93090do001_2021.xls,2021,Table 5,TAS,2020,diesel,139695.0
93090do001_2021.xls,2021,Table 5,TAS,2020,other,2302.0
93090do001_2021.xls,2021,Table 5,TAS,2020,petrol_leaded,16300.0
93090do001_2021.xls,2021,Table 5,TAS,2020,petrol_total,364394.0
93090do001_2021.xls,2021,Table 5,TAS,2020,petrol_unleaded,348094.0
93090do001_2021.xls,2021,Table 5,TAS,2020,total,506391.0
93090do001_2021.xls,2021,Table 5,TAS,2021,diesel,147970.0
93090do001_2021.xls,2021,Table 5,TAS,2021,other,2414.0
93090do001_2021.xls,2021,Table 5,TAS,2021,petrol_leaded,16396.0
93090do001_2021.xls,2021,Table 5,TAS,2021,petrol_total,366067.0
93090do001_2021.xls,2021,Table 5,TAS,2021,petrol_unleaded,349671.0
93090do001_2021.xls,2021,Table 5,TAS,2021,total,516451.0
93090DO001_31201501.xls,2015,Table 5,VIC,2010,diesel,462767.0
93090DO001_31201501.xls,2015,Table 5,VIC,2010,other,247019.0
93090DO001_31201501.xls,2015,Table 5,VIC,2010,petrol_leaded,198904.0
93090DO001_31201501.xls,2015,Table 5,VIC,2010,petrol_total,3403122.0
93090DO001_31201501.xls,2015,Table 5,VIC,2010,petrol_unleaded,3204218.0
93090DO001_31201501.xls,2015,Table 5,VIC,2010,total,4112908.0
93090do001_2016.xls,2016,Table 5,VIC,2011,diesel,509740.0
93090do001_2016.xls,2016,Table 5,VIC,2011,other,246319.0
93090do001_2016.xls,2016,Table 5,VIC,2011,petrol_leaded,179465.0
93090do001_2016.xls,2016,Table 5,VIC,2011,petrol_total,3442312.0
93090do001_2016.xls,2016,Table 5,VIC,2011,petrol_unleaded,3262847.0
93090do001_2016.xls,2016,Table 5,VIC,2011,total,4198371.0
93090do001_2017.xls,2017,Table 5,VIC,2012,diesel,568385.0
93090do001_2017.xls,2017,Table 5,VIC,2012,other,244482.0
93090do001_2017.xls,2017,Table 5,VIC,2012,petrol_leaded,155914.0
93090do001_2017.xls,2017,Table 5,VIC,2012,petrol_total,3473417.0
93090do001_2017.xls,2017,Table 5,VIC,2012,petrol_unleaded,3317503.0
93090do001_2017.xls,2017,Table 5,VIC,2012,total,4286284.0
93090do001_2018.xls,2018,Table 5,VIC,2013,diesel,636694.0
93090do001_2018.xls,2018,Table 5,VIC,2013,other,234382.0
93090do001_2018.xls,2018,Table 5,VIC,2013,petrol_leaded,136399.0
93090do001_2018.xls,2018,Table 5,VIC,2013,petrol_total,3512558.0
93090do001_2018.xls,2018,Table 5,VIC,2013,petrol_unleaded,3376159.0
93090do001_2018.xls,2018,Table 5,VIC,2013,total,4383634.0
93090do001_2019.xls,2019,Table 5,VIC,2014,diesel,709404.0
93090do001_2019.xls,2019,Table 5,VIC,2014,other,222002.0
93090do001_2019.xls,2019,Table 5,VIC,2014,petrol_leaded,119071.0
93090do001_2019.xls,2019,Table 5,VIC,2014,petrol_total,3551692.0
93090do001_2019.xls,2019,Table 5,VIC,2014,petrol_unleaded,3432621.0
93090do001_2019.xls,2019,Table 5,VIC,2014,total,4483098.0
93090do001_2020.xls,2020,Table 5,VIC,2015,diesel,780573.0
93090do001_2020.xls,2020,Table 5,VIC,2015,other,207440.0
93090do001_2020.xls,2020,Table 5,VIC,2015,petrol_leaded,102449.0
93090do001_2020.xls,2020,Table 5,VIC,2015,petrol_total,3579301.0
93090do001_2020.xls,2020,Table 5,VIC,2015,petrol_unleaded,3476852.0
93090do001_2020.xls,2020,Table 5,VIC,2015,total,4567314.0
93090do001_2021.xls,2021,Table 5,VIC,2016,diesel,856587.0
93090do001_2021.xls,2021,Table 5,VIC,2016,other,193224.0
93090do001_2021.xls,2021,Table 5,VIC,2016,petrol_leaded,93128.0
93090do001_2021.xls,2021,Table 5,VIC,2016,petrol_total,3631526.0
93090do001_2021.xls,2021,Table 5,VIC,2016,petrol_unleaded,3538398.0
93090do001_2021.xls,2021,Table 5,VIC,2016,total,4681337.0
93090do001_2018.xls,2018,Table 5,VIC,2017,diesel,940498.0
93090do001_2018.xls,2018,Table 5,VIC,2017,other,178952.0
93090do001_2018.xls,2018,Table 5,VIC,2017,petrol_leaded,85049.0
93090do001_2018.xls,2018,Table 5,VIC,2017,petrol_total,3678647.0
93090do001_2018.xls,2018,Table 5,VIC,2017,petrol_unleaded,3593598.0
93090do001_2018.xls,2018,Table 5,VIC,2017,total,4798097.0
93090do001_2019.xls,2019,Table 5,VIC,2018,diesel,1026102.0
93090do001_2019.xls,2019,Table 5,VIC,2018,other,164669.0
93090do001_2019.xls,2019,Table 5,VIC,2018,petrol_leaded,78537.0
93090do001_2019.xls,2019,Table 5,VIC,2018,petrol_total,3732261.0
93090do001_2019.xls,2019,Table 5,VIC,2018,petrol_unleaded,3653724.0
93090do001_2019.xls,2019,Table 5,VIC,2018,total,4923032.0
93090do001_2020.xls,2020,Table 5,VIC,2019,diesel,1109631.0
93090do001_2020.xls,2020,Table 5,VIC,2019,other,151414.0
93090do001_2020.xls,2020,Table 5,VIC,2019,petrol_leaded,72559.0
93090do001_2020.xls,2020,Table 5,VIC,2019,petrol_total,3769861.0
93090do001_2020.xls,2020,Table 5,VIC,2019,petrol_unleaded,3697302.0
93090do001_2020.xls,2020,Table 5,VIC,2019,total,5030906.0
93090do001_2021.xls,2021,Table 5,VIC,2020,diesel,1178911.0
93090do001_2021.xls,2021,Table 5,VIC,2020,other,141982.0
93090do001_2021.xls,2021,Table 5,VIC,2020,petrol_leaded,68372.0
93090do001_2021.xls,2021,Table 5,VIC,2020,petrol_total,3798667.0
93090do001_2021.xls,2021,Table 5,VIC,2020,petrol_unleaded,3730295.0
93090do001_2021.xls,2021,Table 5,VIC,2020,total,5119560.0
93090do001_2021.xls,2021,Table 5,VIC,2021,diesel,1228562.0
93090do001_2021.xls,2021,Table 5,VIC,2021,other,135298.0
93090do001_2021.xls,2021,Table 5,VIC,2021,petrol_leaded,65921.0
93090do001_2021.xls,2021,Table 5,VIC,2021,petrol_total,3793312.0
93090do001_2021.xls,2021,Table 5,VIC,2021,petrol_unleaded,3727391.0
93090do001_2021.xls,2021,Table 5,VIC,2021,total,5157172.0
93090DO001_31201501.xls,2015,Table 5,WA,2010,diesel,339103.0
93090DO001_31201501.xls,2015,Table 5,WA,2010,other,64703.0
93090DO001_31201501.xls,2015,Table 5,WA,2010,petrol_leaded,89404.0
93090DO001_31201501.xls,2015,Table 5,WA,2010,petrol_total,1466262.0
93090DO001_31201501.xls,2015,Table 5,WA,2010,petrol_unleaded,1376858.0
93090DO001_31201501.xls,2015,Table 5,WA,2010,total,1870068.0
93090do001_2016.xls,2016,Table 5,WA,2011,diesel,364294.0
93090do001_2016.xls,2016,Table 5,WA,2011,other,63133.0
93090do001_2016.xls,2016,Table 5,WA,2011,petrol_leaded,82327.0
93090do001_2016.xls,2016,Table 5,WA,2011,petrol_total,1485312.0
93090do001_2016.xls,2016,Table 5,WA,2011,petrol_unleaded,1402985.0
93090do001_2016.xls,2016,Table 5,WA,2011,total,1912739.0
93090do001_2017.xls,2017,Table 5,WA,2012,diesel,397876.0
93090do001_2017.xls,2017,Table 5,WA,2012,other,60941.0
93090do001_2017.xls,2017,Table 5,WA,2012,petrol_leaded,77429.0
93090do001_2017.xls,2017,Table 5,WA,2012,petrol_total,1518939.0
93090do001_2017.xls,2017,Table 5,WA,2012,petrol_unleaded,1441510.0
93090do001_2017.xls,2017,Table 5,WA,2012,total,1977756.0
93090do001_2018.xls,2018,Table 5,WA,2013,diesel,437878.0
93090do001_2018.xls,2018,Table 5,WA,2013,other,57862.0
93090do001_2018.xls,2018,Table 5,WA,2013,petrol_leaded,73050.0
93090do001_2018.xls,2018,Table 5,WA,2013,petrol_total,1552648.0
93090do001_2018.xls,2018,Table 5,WA,2013,petrol_unleaded,1479598.0
93090do001_2018.xls,2018,Table 5,WA,2013,total,2048388.0
93090do001_2019.xls,2019,Table 5,WA,2014,diesel,482908.0
93090do001_2019.xls,2019,Table 5,WA,2014,other,54913.0
93090do001_2019.xls,2019,Table 5,WA,2014,petrol_leaded,70451.0
93090do001_2019.xls,2019,Table 5,WA,2014,petrol_total,1604486.0
93090do001_2019.xls,2019,Table 5,WA,2014,petrol_unleaded,1534035.0
93090do001_2019.xls,2019,Table 5,WA,2014,total,2142307.0
93090do001_2020.xls,2020,Table 5,WA,2015,diesel,516932.0
93090do001_2020.xls,2020,Table 5,WA,2015,other,50527.0
93090do001_2020.xls,2020,Table 5,WA,2015,petrol_leaded,67478.0
93090do001_2020.xls,2020,Table 5,WA,2015,petrol_total,1617950.0
93090do001_2020.xls,2020,Table 5,WA,2015,petrol_unleaded,1550472.0
93090do001_2020.xls,2020,Table 5,WA,2015,total,2185409.0
93090do001_2021.xls,2021,Table 5,WA,2016,diesel,542932.0
93090do001_2021.xls,2021,Table 5,WA,2016,other,45857.0
93090do001_2021.xls,2021,Table 5,WA,2016,petrol_leaded,64535.0
93090do001_2021.xls,2021,Table 5,WA,2016,petrol_total,1620023.0
93090do001_2021.xls,2021,Table 5,WA,2016,petrol_unleaded,1555488.0
93090do001_2021.xls,2021,Table 5,WA,2016,total,2208812.0
93090do001_2018.xls,2018,Table 5,WA,2017,diesel,566703.0
93090do001_2018.xls,2018,Table 5,WA,2017,other,41417.0
93090do001_2018.xls,2018,Table 5,WA,2017,petrol_leaded,61621.0
93090do001_2018.xls,2018,Table 5,WA,2017,petrol_total,1611171.0
93090do001_2018.xls,2018,Table 5,WA,2017,petrol_unleaded,1549550.0
93090do001_2018.xls,2018,Table 5,WA,2017,total,2219291.0
93090do001_2019.xls,2019,Table 5,WA,2018,diesel,592935.0
93090do001_2019.xls,2019,Table 5,WA,2018,other,37131.0
93090do001_2019.xls,2019,Table 5,WA,2018,petrol_leaded,59059.0
93090do001_2019.xls,2019,Table 5,WA,2018,petrol_total,1601498.0
93090do001_2019.xls,2019,Table 5,WA,2018,petrol_unleaded,1542439.0
93090do001_2019.xls,2019,Table 5,WA,2018,total,2231564.0
93090do001_2020.xls,2020,Table 5,WA,2019,diesel,621296.0
93090do001_2020.xls,2020,Table 5,WA,2019,other,33045.0
93090do001_2020.xls,2020,Table 5,WA,2019,petrol_leaded,56708.0
93090do001_2020.xls,2020,Table 5,WA,2019,petrol_total,1590630.0
93090do001_2020.xls,2020,Table 5,WA,2019,petrol_unleaded,1533922.0
93090do001_2020.xls,2020,Table 5,WA,2019,total,2244971.0
93090do001_2021.xls,2021,Table 5,WA,2020,diesel,651008.0
93090do001_2021.xls,2021,Table 5,WA,2020,other,30527.0
93090do001_2021.xls,2021,Table 5,WA,2020,petrol_leaded,55980.0
93090do001_2021.xls,2021,Table 5,WA,2020,petrol_total,1597224.0
93090do001_2021.xls,2021,Table 5,WA,2020,petrol_unleaded,1541244.0
93090do001_2021.xls,2021,Table 5,WA,2020,total,2278759.0
93090do001_2021.xls,2021,Table 5,WA,2021,diesel,687165.0
93090do001_2021.xls,2021,Table 5,WA,2021,other,28104.0
93090do001_2021.xls,2021,Table 5,WA,2021,petrol_leaded,54658.0
93090do001_2021.xls,2021,Table 5,WA,2021,petrol_total,1599443.0
93090do001_2021.xls,2021,Table 5,WA,2021,petrol_unleaded,1544785.0
93090do001_2021.xls,2021,Table 5,WA,2021,total,2314712.0
