year,dependence,scenario_family,lever,n_samples,mean_loss,p90_loss,cvar90_loss,p95_loss,cvar95_loss,weak_alignment_probability,fossil_persistence_probability,emissions_pressure_probability,activity_pressure_probability
2026,independent,central,none,20000,0.1579057412136335,0.30295201569804897,0.3504927727467383,0.3415702767405302,0.3805116559026733,0.2498,0.65225,0.4936,0.4969
2026,independent,central,uptake_push,20000,0.1542076288111449,0.3074079223004014,0.3469077339538013,0.3391443697868312,0.37144655098125323,0.3818,0.5978,0.4936,0.4969
2026,independent,central,renewable_push,20000,0.1174740765287771,0.2356078723158812,0.2827168714768831,0.27332845583498144,0.3126406368435739,0.16375,0.65225,0.433,0.4969
2026,independent,central,fossil_reduction,20000,0.12676212523103836,0.26463587469578526,0.30209697204040437,0.29490975063822816,0.325018843646244,0.2498,0.5244,0.41375,0.4969
2026,independent,central,balanced_package,20000,0.11084556202930324,0.2463675682670827,0.28386548473469486,0.2768301609097453,0.3075457255222011,0.2576,0.582,0.41375,0.4969
2026,independent,central,delay_case,20000,0.17926019760651213,0.3171364394990934,0.3631654208932431,0.35458347888804104,0.39163963788406886,0.26195,0.78945,0.5399,0.4969
2027,independent,central,none,20000,0.15848748127149123,0.30329453536494977,0.3503676924592256,0.3417351661781371,0.3805593923951583,0.25315,0.6491,0.5002,0.49545
2027,independent,central,uptake_push,20000,0.15545001868977457,0.3083111600321759,0.34736405422477973,0.3386511210508462,0.37200288423353606,0.3875,0.59575,0.5002,0.49545
2027,independent,central,renewable_push,20000,0.11718276109617302,0.2348893800027674,0.2821475899010912,0.273284904693531,0.31204224287017435,0.16415,0.6491,0.43505,0.49545
2027,independent,central,fossil_reduction,20000,0.12738608751248176,0.26525542259431956,0.3020455942783183,0.2945652776938129,0.32469684440668756,0.25315,0.52215,0.41625,0.49545
2027,independent,central,balanced_package,20000,0.11210720921077047,0.24861105304071054,0.28417211957589017,0.27675011319104087,0.30696281792388036,0.2664,0.5804,0.41625,0.49545
2027,independent,central,delay_case,20000,0.18011779440642556,0.318063495225343,0.3627774054782617,0.35440354982593736,0.3911218732938879,0.26655,0.7904,0.5464,0.49545
2028,independent,central,none,20000,0.1573524372206737,0.3016194605377645,0.3502300021184162,0.33990648156963943,0.38062939416903524,0.2413,0.65325,0.5042,0.5007
2028,independent,central,uptake_push,20000,0.15393528853356409,0.3074053905805356,0.3466517130524046,0.33789099459788036,0.3717352080010908,0.37475,0.59755,0.5042,0.5007
2028,independent,central,renewable_push,20000,0.11719373720126096,0.2341696541774218,0.28257663530426635,0.27371960355979424,0.31301179814485713,0.1579,0.65325,0.4404,0.5007
2028,independent,central,fossil_reduction,20000,0.12593249976726212,0.2642076026682445,0.30241023505875414,0.2949954539517171,0.3255614281130178,0.2413,0.5271,0.4231,0.5007
2028,independent,central,balanced_package,20000,0.11108253555357805,0.24841681647685213,0.2851009805863858,0.27806434303323635,0.3083624275660949,0.25525,0.5821,0.4231,0.5007
2028,independent,central,delay_case,20000,0.1788184644405721,0.3164209640036961,0.3620900993114418,0.3526888110979933,0.3911237956165888,0.2545,0.79165,0.55205,0.5007
2029,independent,central,none,20000,0.15853748768874712,0.3033828401728603,0.3526846634536281,0.3424703302614843,0.3842756750070814,0.24985,0.6529,0.5028,0.50205
2029,independent,central,uptake_push,20000,0.15473129748288542,0.310713615928333,0.349911811990442,0.3412125962752718,0.37503856288957776,0.3799,0.5984,0.5028,0.50205
2029,independent,central,renewable_push,20000,0.11823616722786426,0.2361490919965101,0.2846699862886334,0.27452606591272133,0.31571319488712707,0.1651,0.6529,0.4381,0.50205
2029,independent,central,fossil_reduction,20000,0.1272321445531547,0.2659709873855016,0.30394174371882454,0.29626799581402863,0.32720889335022196,0.24985,0.52355,0.4193,0.50205
2029,independent,central,balanced_package,20000,0.11168317459665066,0.24886915811106483,0.2863893292164705,0.27891146218804946,0.31053806789553007,0.25895,0.5823,0.4193,0.50205
2029,independent,central,delay_case,20000,0.18039960779596595,0.31873394710006075,0.3664173392978655,0.35655732390629014,0.39672449944418847,0.26465,0.7923,0.5498,0.50205
2030,independent,central,none,20000,0.15822448806414258,0.30389965576203476,0.3515379026142433,0.34157396129785333,0.3812861705809416,0.2497,0.65305,0.50155,0.49845
2030,independent,central,uptake_push,20000,0.15506003329220425,0.3101824494032208,0.348513237641661,0.3394335423575846,0.3729317221204622,0.38415,0.59745,0.50155,0.49845
2030,independent,central,renewable_push,20000,0.11726701322990184,0.23575629491671335,0.28306292295126206,0.27308877206950466,0.31343801290744916,0.16225,0.65305,0.43845,0.49845
2030,independent,central,fossil_reduction,20000,0.12697919057177773,0.2657612185650301,0.30288238720176663,0.2958754112633373,0.3255615261434672,0.2497,0.52655,0.41925,0.49845
2030,independent,central,balanced_package,20000,0.11151126152488883,0.24909882460694324,0.2851423673226058,0.2771722071827287,0.30828648373930073,0.2609,0.5828,0.41925,0.49845
2030,independent,central,delay_case,20000,0.17986376957650926,0.3181858262795092,0.3633695124543836,0.3556911203078727,0.3908293043703116,0.2633,0.7921,0.54885,0.49845
2026,independent,conservative,none,20000,0.22732771790027032,0.29418189823658036,0.316936754993081,0.312605798423597,0.3313333593168488,0.0,1.0,1.0,1.0
2026,independent,conservative,uptake_push,20000,0.27234343731264754,0.3703490347684735,0.3932071982559469,0.3887402227140765,0.4076747750362916,0.66295,0.988,1.0,1.0
2026,independent,conservative,renewable_push,20000,0.17700679120102947,0.23505397981652426,0.25440839095929724,0.25057001197425477,0.26657913840607067,0.0,1.0,0.84245,1.0
2026,independent,conservative,fossil_reduction,20000,0.17009632665562777,0.22736156317900774,0.24703180417349493,0.2428222495739426,0.2595613624174797,0.0,0.95225,0.79715,1.0
2026,independent,conservative,balanced_package,20000,0.1739814301222045,0.29652265793163596,0.3215761535867578,0.31740719745485657,0.33687768073305296,0.29695,0.9832,0.79715,1.0
2026,independent,conservative,delay_case,20000,0.2570966134788289,0.31512270751875404,0.3349389085018074,0.331203304636409,0.34734474000221327,0.0,1.0,1.0,1.0
2027,independent,conservative,none,20000,0.2274641219174012,0.2955280933404738,0.31801654149224234,0.3131192139066441,0.3324103324358002,0.0,1.0,1.0,1.0
2027,independent,conservative,uptake_push,20000,0.2731350006075798,0.37161274714456005,0.3957120646471529,0.3911635022581948,0.4107021174571707,0.66685,0.9892,1.0,1.0
2027,independent,conservative,renewable_push,20000,0.17705093934753213,0.2356822210723935,0.2552312514430782,0.2512646372022488,0.2677880079934088,0.0,1.0,0.84335,1.0
2027,independent,conservative,fossil_reduction,20000,0.17019110862826345,0.22837138468341855,0.24761128785845388,0.2431246868430864,0.2601567792560656,0.0,0.95145,0.7982,1.0
2027,independent,conservative,balanced_package,20000,0.1754733690565887,0.2976864777798974,0.32397591383353685,0.3198089996372644,0.3400024485583449,0.3061,0.9841,0.7982,1.0
2027,independent,conservative,delay_case,20000,0.25723619255159774,0.3160612378345505,0.33591109408466535,0.33133986206895655,0.34843105328708224,0.0,1.0,1.0,1.0
2028,independent,conservative,none,20000,0.2276356390552338,0.2948154866042381,0.3179376958902376,0.31268811589205653,0.33283232023096915,0.0,1.0,1.0,1.0
2028,independent,conservative,uptake_push,20000,0.27327462189494844,0.3714321386228683,0.39483312820224087,0.39054288531437553,0.4094155865324797,0.6678,0.98935,1.0,1.0
2028,independent,conservative,renewable_push,20000,0.17739737331086566,0.2349369596407424,0.2554933798948244,0.25130322430709645,0.2685794570702475,0.0,1.0,0.84065,1.0
2028,independent,conservative,fossil_reduction,20000,0.17033625157690951,0.22785231177949475,0.24798827318599678,0.2432895925446349,0.2607072262759552,0.0,0.9542,0.7949,1.0
2028,independent,conservative,balanced_package,20000,0.17462569222224755,0.29749515955231703,0.32316088065882914,0.3189493909267054,0.3387595869986469,0.2992,0.98455,0.7949,1.0
2028,independent,conservative,delay_case,20000,0.25739900075378863,0.31596411907650684,0.3358781007872995,0.331262995676577,0.34880336513746496,0.0,1.0,1.0,1.0
2029,independent,conservative,none,20000,0.2271576582595611,0.2944701659309568,0.3174036415341993,0.31240320081152567,0.33206345524188624,0.0,1.0,1.0,1.0
2029,independent,conservative,uptake_push,20000,0.27298963967885564,0.37076922255587363,0.3934391067681462,0.38826207575735405,0.40775954944772574,0.66795,0.9893,1.0,1.0
2029,independent,conservative,renewable_push,20000,0.17683284464860208,0.2349500996825992,0.25491540587728223,0.25096255268892725,0.26772744056027015,0.0,1.0,0.8454,1.0
2029,independent,conservative,fossil_reduction,20000,0.1698900404710089,0.2275022045939339,0.24738307934255252,0.24295931681159572,0.26018797801340116,0.0,0.9534,0.79845,1.0
2029,independent,conservative,balanced_package,20000,0.1755987731494674,0.2978647066059718,0.32318250058368325,0.3187949628652207,0.3384044017544112,0.30865,0.98475,0.79845,1.0
2029,independent,conservative,delay_case,20000,0.25696262942390613,0.3152914199319035,0.33533781176432104,0.3313359534356019,0.34817308180065637,0.0,1.0,1.0,1.0
2030,independent,conservative,none,20000,0.22753565835597955,0.2950177940015112,0.3185351687834534,0.3134779681169807,0.33360993631714647,0.0,1.0,1.0,1.0
2030,independent,conservative,uptake_push,20000,0.27400308944976715,0.37292346081279343,0.3958823833601483,0.39084950109476735,0.41085440758762215,0.67205,0.98995,1.0,1.0
2030,independent,conservative,renewable_push,20000,0.17715778448044353,0.23571764218152128,0.2560881296904651,0.2518017480941265,0.2689197158363698,0.0,1.0,0.8415,1.0
2030,independent,conservative,fossil_reduction,20000,0.1702440006306058,0.2278791770446174,0.24835139149597416,0.24388013188711705,0.2614045756793439,0.0,0.9539,0.79185,1.0
2030,independent,conservative,balanced_package,20000,0.17573070672549373,0.297580326080115,0.3239485329501675,0.3194387514453972,0.33998253988519206,0.30715,0.9851,0.79185,1.0
2030,independent,conservative,delay_case,20000,0.2573063003227374,0.31575700318015704,0.33646018894050145,0.3322774158416277,0.3494759270858752,0.0,1.0,1.0,1.0
2026,independent,stress_tail,none,20000,0.37345407662145735,0.41132602867392987,0.42290592484191586,0.4209796989504208,0.4301529657201265,0.0,1.0,1.0,1.0
2026,independent,stress_tail,uptake_push,20000,0.3334590405922135,0.44907255797314166,0.4682107891939374,0.46537638631495143,0.47972407018199076,0.23065,1.0,1.0,1.0
2026,independent,stress_tail,renewable_push,20000,0.30413726867039437,0.33829971563005024,0.34883813314509055,0.3469162173653554,0.3553795051088453,0.0,1.0,1.0,1.0
2026,independent,stress_tail,fossil_reduction,20000,0.2969104463604698,0.3301282687769725,0.3402069160650517,0.33824690317673983,0.3464960294495407,0.0,1.0,1.0,1.0
2026,independent,stress_tail,balanced_package,20000,0.24514502245348632,0.2766857733769074,0.28633668844415366,0.2847135471278249,0.29236026691597533,0.0,1.0,1.0,1.0
2026,independent,stress_tail,delay_case,20000,0.3840788803008263,0.41695835650677976,0.42704988263552174,0.42532812929047886,0.4333405298107556,0.0,1.0,1.0,1.0
2027,independent,stress_tail,none,20000,0.37294140369369794,0.4112937492537108,0.4232453120604448,0.4208710781752714,0.4306680484447428,0.0,1.0,1.0,1.0
2027,independent,stress_tail,uptake_push,20000,0.33402251588441395,0.4505648378206576,0.470034941178112,0.46782962780365217,0.48132259783423825,0.2377,1.0,1.0,1.0
2027,independent,stress_tail,renewable_push,20000,0.30370423366533367,0.33825081705498045,0.3491333319300948,0.34716661350478173,0.3560185998270635,0.0,1.0,1.0,1.0
2027,independent,stress_tail,fossil_reduction,20000,0.2964368384025411,0.3300710423124395,0.3404668092448472,0.3382481655144011,0.347004154175856,0.0,1.0,1.0,1.0
2027,independent,stress_tail,balanced_package,20000,0.2447201220596129,0.2767464693689211,0.28663187017572384,0.2846727748721473,0.29287451698713474,0.0,1.0,1.0,1.0
2027,independent,stress_tail,delay_case,20000,0.383635365196621,0.41704098538238055,0.4273588136430077,0.4254250918448761,0.43385068161470847,0.0,1.0,1.0,1.0
2028,independent,stress_tail,none,20000,0.37361321784628465,0.4119837302639378,0.42353113732641806,0.42133242974944457,0.43077260859388183,0.0,1.0,1.0,1.0
2028,independent,stress_tail,uptake_push,20000,0.3339469184310336,0.44932512359320564,0.46884006950065465,0.4668081176492082,0.48016003268362956,0.23295,1.0,1.0,1.0
2028,independent,stress_tail,renewable_push,20000,0.30428588660225375,0.33883459406105176,0.34939869352890174,0.34748756605648207,0.3560347537273829,0.0,1.0,1.0,1.0
2028,independent,stress_tail,fossil_reduction,20000,0.29706478244006274,0.3306518817604056,0.3408029324598671,0.3388268726076227,0.3471910161943523,0.0,1.0,1.0,1.0
2028,independent,stress_tail,balanced_package,20000,0.24528789248816874,0.2771322881528341,0.2868659110603797,0.28513448150150195,0.29292519542602125,0.0,1.0,1.0,1.0
2028,independent,stress_tail,delay_case,20000,0.38422234567553853,0.41746906357074126,0.4275896160410078,0.42573467999994746,0.43390654301341997,0.0,1.0,1.0,1.0
2029,independent,stress_tail,none,20000,0.3731088466070993,0.41164897305839815,0.4230842378044379,0.4207774464066908,0.4301629854088189,0.0,1.0,1.0,1.0
2029,independent,stress_tail,uptake_push,20000,0.3331900694144397,0.4484571662792328,0.46784309820738057,0.4656909114929718,0.47918399966115616,0.23115,1.0,1.0,1.0
2029,independent,stress_tail,renewable_push,20000,0.3038773894431476,0.3383921878933334,0.34890507517012465,0.34695218511729603,0.3553818026193156,0.0,1.0,1.0,1.0
2029,independent,stress_tail,fossil_reduction,20000,0.29658988287970944,0.3306897633520687,0.34042434696183793,0.33864342560098853,0.3465933839848715,0.0,1.0,1.0,1.0
2029,independent,stress_tail,balanced_package,20000,0.24487046256134873,0.27693220196865764,0.2864591483304115,0.2846167861505924,0.2923562790040778,0.0,1.0,1.0,1.0
2029,independent,stress_tail,delay_case,20000,0.3837880240588169,0.41726893700190104,0.42718026243231594,0.42524898934243294,0.43334206092058797,0.0,1.0,1.0,1.0
2030,independent,stress_tail,none,20000,0.37376932083802195,0.41211508061990415,0.42333626436261,0.4214425529156817,0.4303162826197263,0.0,1.0,1.0,1.0
2030,independent,stress_tail,uptake_push,20000,0.33439709115875976,0.4490814903690306,0.46856990332275106,0.46599308606594037,0.47968291909166294,0.23495,1.0,1.0,1.0
2030,independent,stress_tail,renewable_push,20000,0.30440226927433084,0.3390117427077752,0.3492145014981359,0.34754503530278813,0.35548471833078643,0.0,1.0,1.0,1.0
2030,independent,stress_tail,fossil_reduction,20000,0.29715696306291256,0.3308974285890928,0.340682615696065,0.3389912709098411,0.34669172961493316,0.0,1.0,1.0,1.0
2030,independent,stress_tail,balanced_package,20000,0.2453890857618897,0.2772798163479854,0.2866754233123793,0.28511466333178864,0.29249285347181075,0.0,1.0,1.0,1.0
2030,independent,stress_tail,delay_case,20000,0.384338780281931,0.41763503483629416,0.42739761248764246,0.4257770863576569,0.43347627495541474,0.0,1.0,1.0,1.0
2026,gaussian,central,none,20000,0.15207875752061076,0.2880735771797255,0.3310588125510129,0.32381617261752144,0.35754005719715676,0.20555,0.71795,0.5062,0.50375
2026,gaussian,central,uptake_push,20000,0.14741328357679775,0.2995236712544102,0.3395688854171558,0.33290890842650317,0.3636886632923687,0.3466,0.65675,0.5062,0.50375
2026,gaussian,central,renewable_push,20000,0.11219153351099012,0.22417678124628745,0.2633377131323191,0.25582925223748587,0.2882793710004668,0.12475,0.71795,0.44105,0.50375
2026,gaussian,central,fossil_reduction,20000,0.12075665533656652,0.24832917298664356,0.2871388772189433,0.2815842417113158,0.30994546927614425,0.20555,0.565,0.4243,0.50375
2026,gaussian,central,balanced_package,20000,0.10389157812972988,0.229201438286039,0.26804355918481404,0.26243117678392835,0.2912282106249994,0.2187,0.6383,0.4243,0.50375
2026,gaussian,central,delay_case,20000,0.17578847422680366,0.3034453936037384,0.3437695287296475,0.33579167107726354,0.3694850169261536,0.2229,0.86715,0.55645,0.50375
2027,gaussian,central,none,20000,0.15098320373693433,0.28749076218234415,0.33140567615417454,0.32399567502944604,0.3577268318473005,0.2089,0.71465,0.50025,0.50725
2027,gaussian,central,uptake_push,20000,0.14648282102871021,0.29948453018871096,0.33902216102776356,0.3314910933609961,0.36335836399552013,0.34735,0.6482,0.50025,0.50725
2027,gaussian,central,renewable_push,20000,0.11147743318097746,0.22407511586673026,0.26424558664309816,0.2554469375108888,0.28897238673621395,0.1285,0.71465,0.4366,0.50725
2027,gaussian,central,fossil_reduction,20000,0.12003544515819263,0.24826868111032102,0.28766268283773905,0.2816239763903967,0.3112818578339945,0.2089,0.55305,0.41885,0.50725
2027,gaussian,central,balanced_package,20000,0.10393380066705103,0.23040072286786897,0.2681972895153501,0.2609287556679075,0.2913780040647095,0.22445,0.62735,0.41885,0.50725
2027,gaussian,central,delay_case,20000,0.17433553265797364,0.3017125608934333,0.34235932308669004,0.3354014948748454,0.3669196043283631,0.2251,0.86515,0.5477,0.50725
2028,gaussian,central,none,20000,0.1506734237714467,0.2859244028240526,0.32958599701230956,0.3231058504671982,0.35615173660728405,0.20565,0.7201,0.4936,0.4982
2028,gaussian,central,uptake_push,20000,0.1463847194269171,0.2964103197205212,0.3369371352876637,0.3295625173251629,0.36094997452743244,0.3469,0.65585,0.4936,0.4982
2028,gaussian,central,renewable_push,20000,0.11130503219486422,0.22358558659820932,0.26245011658442774,0.25454920915059326,0.2870341831271222,0.12605,0.7201,0.43255,0.4982
2028,gaussian,central,fossil_reduction,20000,0.11960379976362767,0.2462930335983347,0.2852955966923404,0.279059921414409,0.3091036156143105,0.20565,0.56575,0.4132,0.4982
2028,gaussian,central,balanced_package,20000,0.10312222786401237,0.2274690281138134,0.26586396854916955,0.25876799581402865,0.288195016503896,0.21885,0.6379,0.4132,0.4982
2028,gaussian,central,delay_case,20000,0.17373431950652105,0.3010995776100515,0.3420471098470059,0.3345706659477051,0.3672496849357901,0.22035,0.86375,0.54335,0.4982
2029,gaussian,central,none,20000,0.15253024730091333,0.2905867064845639,0.33167270913826835,0.3251392742624814,0.3565003066284087,0.212,0.71305,0.50105,0.49995
2029,gaussian,central,uptake_push,20000,0.14861529097061596,0.30096019554428527,0.3393313117326869,0.33200093805247166,0.36257311972100886,0.3552,0.65185,0.50105,0.49995
2029,gaussian,central,renewable_push,20000,0.11221205227057263,0.2258266359479287,0.2629483258351438,0.25544695312562915,0.2859895691878502,0.1295,0.71305,0.43885,0.49995
2029,gaussian,central,fossil_reduction,20000,0.12135331000379272,0.25113014602878725,0.28759929092068537,0.2814776134461895,0.3100716790102266,0.212,0.56295,0.4193,0.49995
2029,gaussian,central,balanced_package,20000,0.10503653986773788,0.23145393702202344,0.2677946511286646,0.2610053926647809,0.2899035405093374,0.2281,0.6351,0.4193,0.49995
2029,gaussian,central,delay_case,20000,0.17594699713832207,0.3045652851603687,0.34373176839804276,0.3371244500241066,0.3678991438151435,0.22855,0.86475,0.5497,0.49995
2030,gaussian,central,none,20000,0.15011311828714383,0.2851173069298113,0.3292432245054714,0.32144341481820093,0.35676145302106826,0.2045,0.7119,0.49505,0.50205
2030,gaussian,central,uptake_push,20000,0.1456207742511872,0.2977843614733112,0.3395163746389806,0.33371954651972063,0.36405629689198643,0.3447,0.6487,0.49505,0.50205
2030,gaussian,central,renewable_push,20000,0.11090006472264313,0.22215515862383925,0.261886709788888,0.25300089463066106,0.2871115117000054,0.12535,0.7119,0.4315,0.50205
2030,gaussian,central,fossil_reduction,20000,0.11929434757036854,0.2456191256526813,0.2859103652374669,0.2799688546645685,0.31035098433180885,0.2045,0.55705,0.4129,0.50205
2030,gaussian,central,balanced_package,20000,0.10294073454086815,0.22801776135025872,0.2670771237023264,0.2592631212155197,0.2907851058887324,0.21955,0.63065,0.4129,0.50205
2030,gaussian,central,delay_case,20000,0.17364473863878424,0.2998872421157488,0.3410486591508049,0.3314557375164195,0.3673362002194284,0.2222,0.86275,0.5423,0.50205
2026,gaussian,conservative,none,20000,0.2274978243779775,0.30705186292722125,0.33339665123770895,0.32824717634765505,0.3496630466256171,0.0,1.0,1.0,1.0
2026,gaussian,conservative,uptake_push,20000,0.2740318781595768,0.3649116755131546,0.38667127949945346,0.3828586680925293,0.40018250841094766,0.668,0.99925,1.0,1.0
2026,gaussian,conservative,renewable_push,20000,0.17704138308561196,0.2453577552251163,0.2685045755711732,0.2641096984913334,0.28308286464089244,0.0,1.0,0.8445,1.0
2026,gaussian,conservative,fossil_reduction,20000,0.1700028118253812,0.2404770942152213,0.2633963932096866,0.25891544925524484,0.2778773608722009,0.0,0.9868,0.79705,1.0
2026,gaussian,conservative,balanced_package,20000,0.17072799335435004,0.2787766113924561,0.3055346617969259,0.30214279947465367,0.3209491324294356,0.2703,0.9985,0.79705,1.0
2026,gaussian,conservative,delay_case,20000,0.2572421017178427,0.32600493963337523,0.3489568835044731,0.3447107740391935,0.36314275172140126,0.0,1.0,1.0,1.0
2027,gaussian,conservative,none,20000,0.22743993241119229,0.3069971911132191,0.33344658612936956,0.32815628935866303,0.3504246314284013,0.0,1.0,1.0,1.0
2027,gaussian,conservative,uptake_push,20000,0.27352529208714177,0.3625449162370094,0.38509985702767574,0.3810616657137937,0.3989256462316667,0.665,0.9992,1.0,1.0
2027,gaussian,conservative,renewable_push,20000,0.17702640294065505,0.24510600897184445,0.2687325483881916,0.26412336747518866,0.2838754748437621,0.0,1.0,0.84215,1.0
2027,gaussian,conservative,fossil_reduction,20000,0.1699841904539057,0.23977669081241185,0.26344086722446775,0.2588698485473885,0.27848217225607014,0.0,0.98755,0.79515,1.0
2027,gaussian,conservative,balanced_package,20000,0.1708207598145063,0.27772312698231066,0.3043255573284447,0.3003977742164397,0.32011076845223935,0.27085,0.99835,0.79515,1.0
2027,gaussian,conservative,delay_case,20000,0.25719981653703006,0.3260627559625723,0.34904466198159695,0.3444667669112711,0.36378214794650743,0.0,1.0,1.0,1.0
2028,gaussian,conservative,none,20000,0.22727835404540855,0.3063552486318588,0.33273468683473173,0.3271299422751705,0.34972748923086533,0.0,1.0,1.0,1.0
2028,gaussian,conservative,uptake_push,20000,0.27317254107569977,0.36251471160381776,0.3852114248628876,0.38116383017390837,0.39882262002735175,0.66365,0.99885,1.0,1.0
2028,gaussian,conservative,renewable_push,20000,0.1770497809830749,0.2448101971989286,0.2682775750034316,0.2634461290639635,0.28332844553297226,0.0,1.0,0.83695,1.0
2028,gaussian,conservative,fossil_reduction,20000,0.16990827662554092,0.23970159848434602,0.26292155493066255,0.25785042925607,0.27800499145100027,0.0,0.988,0.79045,1.0
2028,gaussian,conservative,balanced_package,20000,0.17006284245234546,0.27761815336692913,0.3035223466130143,0.2997950072382555,0.31875328066842473,0.26585,0.998,0.79045,1.0
2028,gaussian,conservative,delay_case,20000,0.2571040919372454,0.32555855965763175,0.34848662293359123,0.34351101497674946,0.36318683754904785,0.0,1.0,1.0,1.0
2029,gaussian,conservative,none,20000,0.2267184397867618,0.30724676400740947,0.3330230202850181,0.32820930383593455,0.3491382177948235,0.0,1.0,1.0,1.0
2029,gaussian,conservative,uptake_push,20000,0.272447969639756,0.36272271719110805,0.38567370629425135,0.38138961251913805,0.3998416929575798,0.66295,0.99955,1.0,1.0
2029,gaussian,conservative,renewable_push,20000,0.1764549900533406,0.2454173284120055,0.26811634919654354,0.2633017424830067,0.28238463506172773,0.0,1.0,0.83845,1.0
2029,gaussian,conservative,fossil_reduction,20000,0.169388766188292,0.2404911139179609,0.2631347085284243,0.25877267234789625,0.2774261696296637,0.0,0.98915,0.7922,1.0
2029,gaussian,conservative,balanced_package,20000,0.17012828967946494,0.2775181388096518,0.3039573023344574,0.2999716726744524,0.3195826877689188,0.2702,0.99835,0.7922,1.0
2029,gaussian,conservative,delay_case,20000,0.25654470934127777,0.32658326727140186,0.3486012235782717,0.34423774612380914,0.36258165658297725,0.0,1.0,1.0,1.0
2030,gaussian,conservative,none,20000,0.22694587842843802,0.3071729564203817,0.3331790438504981,0.32758365666011235,0.34979492506084875,0.0,1.0,1.0,1.0
2030,gaussian,conservative,uptake_push,20000,0.27312474605377046,0.36386831168188977,0.3862278950775498,0.38220665765792305,0.39999533085258177,0.66515,0.99875,1.0,1.0
2030,gaussian,conservative,renewable_push,20000,0.17662668008454455,0.2460584413254261,0.26868812858082014,0.2639898005051672,0.2834067590499929,0.0,1.0,0.84525,1.0
2030,gaussian,conservative,fossil_reduction,20000,0.16949305344025906,0.23985042781572924,0.2631947998571111,0.2579793548822277,0.27789825494447734,0.0,0.9875,0.7979,1.0
2030,gaussian,conservative,balanced_package,20000,0.17000770151514738,0.2778259648620509,0.3048733961480742,0.30060832728401643,0.3210711732810158,0.26825,0.99755,0.7979,1.0
2030,gaussian,conservative,delay_case,20000,0.2567584177563088,0.3261347055491697,0.34882777981354807,0.34392425371546137,0.36324468770337903,0.0,1.0,1.0,1.0
2026,gaussian,stress_tail,none,20000,0.373409938174233,0.4184296491537318,0.43052591417114583,0.4285348350089164,0.43795546221450754,0.0,1.0,1.0,1.0
2026,gaussian,stress_tail,uptake_push,20000,0.33378433397445406,0.43306757075850005,0.4525991839562367,0.45059871411257935,0.46385222843846613,0.233,1.0,1.0,1.0
2026,gaussian,stress_tail,renewable_push,20000,0.30411050946702606,0.34472276595601886,0.3560210572032108,0.3542570336270155,0.3629301593884899,0.0,1.0,1.0,1.0
2026,gaussian,stress_tail,fossil_reduction,20000,0.2968614693819971,0.3371281842995171,0.3477345519391101,0.34589832317811614,0.3541500641864916,0.0,1.0,1.0,1.0
2026,gaussian,stress_tail,balanced_package,20000,0.24510178063808097,0.2825587450314844,0.29263956939748365,0.29098314922838553,0.29888133250317345,0.0,1.0,1.0,1.0
2026,gaussian,stress_tail,delay_case,20000,0.38403360956566507,0.42304191637616406,0.43354871407456125,0.43181793967302007,0.4400552856545309,0.0,1.0,1.0,1.0
2027,gaussian,stress_tail,none,20000,0.37327756601205964,0.4179208865660912,0.43011815795266034,0.4279807357359325,0.4375584844319198,0.0,1.0,1.0,1.0
2027,gaussian,stress_tail,uptake_push,20000,0.33368310222795516,0.43225806963788904,0.45218629603176635,0.4500360184714593,0.4635905431950051,0.2331,1.0,1.0,1.0
2027,gaussian,stress_tail,renewable_push,20000,0.30402798421885974,0.34464731510688335,0.3556761172425522,0.3537522874766499,0.36242516200817115,0.0,1.0,1.0,1.0
2027,gaussian,stress_tail,fossil_reduction,20000,0.29670667708237586,0.33667147002240916,0.34738500379491355,0.34577723242110414,0.3538470959928999,0.0,1.0,1.0,1.0
2027,gaussian,stress_tail,balanced_package,20000,0.2450071457139764,0.2820862046523095,0.29230881695271,0.29043514926758074,0.29849107844380784,0.0,1.0,1.0,1.0
2027,gaussian,stress_tail,delay_case,20000,0.38393222859015097,0.4224718275492207,0.43320363367593184,0.43131276431854165,0.439664500078032,0.0,1.0,1.0,1.0
2028,gaussian,stress_tail,none,20000,0.37336015084834423,0.41789776733048195,0.4302114879170877,0.42831091848816416,0.43762892905905715,0.0,1.0,1.0,1.0
2028,gaussian,stress_tail,uptake_push,20000,0.3345014179442426,0.43421295564001056,0.45359357590044624,0.4514208469030448,0.46468292287937174,0.23805,1.0,1.0,1.0
2028,gaussian,stress_tail,renewable_push,20000,0.30407466704703423,0.34440710309549166,0.35568577009484437,0.35396718828319634,0.362481651321536,0.0,1.0,1.0,1.0
2028,gaussian,stress_tail,fossil_reduction,20000,0.29681392767983544,0.33695339499078475,0.3475392793223182,0.3458532294716818,0.3539334742531358,0.0,1.0,1.0,1.0
2028,gaussian,stress_tail,balanced_package,20000,0.2450662843450571,0.2821380841988227,0.2923499678314555,0.29077429864555465,0.2985617998518834,0.0,1.0,1.0,1.0
2028,gaussian,stress_tail,delay_case,20000,0.38399492888762743,0.42258589864988294,0.4332410090521065,0.4315483229837918,0.43973238397206704,0.0,1.0,1.0,1.0
2029,gaussian,stress_tail,none,20000,0.3736244086469158,0.418185405456142,0.4305286736191516,0.4287356718297422,0.4378857256053512,0.0,1.0,1.0,1.0
2029,gaussian,stress_tail,uptake_push,20000,0.3339578807151991,0.43334497925295395,0.4532899123433665,0.45104536536064527,0.4646735010795444,0.23285,1.0,1.0,1.0
2029,gaussian,stress_tail,renewable_push,20000,0.30428895917973153,0.34489776350430157,0.3560193684068826,0.35432634640684246,0.36276340370074284,0.0,1.0,1.0,1.0
2029,gaussian,stress_tail,fossil_reduction,20000,0.2970438106158294,0.3369192889614866,0.34773154496157765,0.34621555967859285,0.3541340541238146,0.0,1.0,1.0,1.0
2029,gaussian,stress_tail,balanced_package,20000,0.2452692864435875,0.2824389459427197,0.2926401141074387,0.2910089006295541,0.29876762476017144,0.0,1.0,1.0,1.0
2029,gaussian,stress_tail,delay_case,20000,0.3842115143447403,0.4228843433115998,0.43354854256653913,0.4318038180205105,0.43994561490634493,0.0,1.0,1.0,1.0
2030,gaussian,stress_tail,none,20000,0.3732056994214934,0.41857771432459495,0.43049083374299696,0.42856809074637975,0.43775334062543886,0.0,1.0,1.0,1.0
2030,gaussian,stress_tail,uptake_push,20000,0.33437313454632384,0.4329183558852104,0.45268730773877675,0.45049114180894256,0.46368039988927934,0.23815,1.0,1.0,1.0
2030,gaussian,stress_tail,renewable_push,20000,0.3039616776970831,0.345155043644596,0.3560667720156141,0.35429075130096477,0.36269169872489726,0.0,1.0,1.0,1.0
2030,gaussian,stress_tail,fossil_reduction,20000,0.29664811960427456,0.3373653625480009,0.34773510738734265,0.34630332795353846,0.3540143551336029,0.0,1.0,1.0,1.0
2030,gaussian,stress_tail,balanced_package,20000,0.24494698804216924,0.28266115580154005,0.2926349874395098,0.29094950610690146,0.29867419508239856,0.0,1.0,1.0,1.0
2030,gaussian,stress_tail,delay_case,20000,0.3838717615059251,0.4231618462142909,0.43353384618987895,0.4317392357918166,0.43983636006517396,0.0,1.0,1.0,1.0
2026,student_t,central,none,20000,0.15200760121408138,0.2921882671148703,0.33716307691875513,0.3269161906184203,0.36553672041403634,0.21045,0.7203,0.4986,0.50425
2026,student_t,central,uptake_push,20000,0.1477926834391944,0.297157701041098,0.340853740644708,0.3337258259094591,0.3673321685657306,0.35115,0.6536,0.4986,0.50425
2026,student_t,central,renewable_push,20000,0.11234712829776404,0.22911161976880737,0.2703400455611729,0.26185455846171946,0.29670821240901396,0.13165,0.7203,0.4353,0.50425
2026,student_t,central,fossil_reduction,20000,0.12100608313528323,0.2512027098900134,0.2921116226689222,0.28508027924336277,0.31722896429979086,0.21045,0.56,0.41635,0.50425
2026,student_t,central,balanced_package,20000,0.10450494716133542,0.23044140333255997,0.27092136158735425,0.26227183101816104,0.2958660784749845,0.22505,0.63435,0.41635,0.50425
2026,student_t,central,delay_case,20000,0.17474388901757326,0.3049226247463639,0.3477204405146399,0.3383471954492017,0.37463362111820975,0.2222,0.86675,0.54505,0.50425
2027,student_t,central,none,20000,0.15044454108200925,0.2900116668043619,0.33650146290577154,0.3263425682888427,0.3652889171968854,0.207,0.72185,0.5007,0.4968
2027,student_t,central,uptake_push,20000,0.1461366889140163,0.29517835556991295,0.33853677749331984,0.3307982230965702,0.36438499803668356,0.34595,0.65725,0.5007,0.4968
2027,student_t,central,renewable_push,20000,0.11062885606998717,0.22761775651014357,0.26961664125095525,0.2595778912503423,0.2961775723166886,0.124,0.72185,0.4338,0.4968
2027,student_t,central,fossil_reduction,20000,0.11933007261306819,0.24956264591544253,0.29072944115677785,0.2842570765895166,0.3157218521032339,0.207,0.5611,0.417,0.4968
2027,student_t,central,balanced_package,20000,0.10301121109177416,0.22989740175775475,0.26874869326183465,0.2609099640694232,0.29236993260091376,0.2195,0.6376,0.417,0.4968
2027,student_t,central,delay_case,20000,0.17404782408790212,0.3038422624198077,0.3471067256456563,0.3375726241043353,0.3746126036062415,0.2238,0.86635,0.54615,0.4968
2028,student_t,central,none,20000,0.15191476372575177,0.29228379009574773,0.3377820946776845,0.32951811524633856,0.3660634077413528,0.2172,0.722,0.49535,0.4984
2028,student_t,central,uptake_push,20000,0.14811698688635047,0.2968341642382066,0.3394824805700896,0.3326444626078149,0.365109456273497,0.35755,0.65835,0.49535,0.4984
2028,student_t,central,renewable_push,20000,0.11148351936895537,0.2292533896861215,0.27045414171614995,0.26296741691434383,0.2966774437974994,0.1335,0.722,0.43255,0.4984
2028,student_t,central,fossil_reduction,20000,0.1209800731774104,0.25240721277610606,0.2921823370059267,0.2861804933794485,0.3165755969423515,0.2172,0.5553,0.4146,0.4984
2028,student_t,central,balanced_package,20000,0.10415304808957918,0.23035496882072484,0.2692319611716539,0.261063683595463,0.29310803660120827,0.22805,0.6379,0.4146,0.4984
2028,student_t,central,delay_case,20000,0.17505876043914873,0.3060156584717118,0.3503297641442215,0.3419726136997433,0.37806817275607024,0.23035,0.87005,0.54335,0.4984
2029,student_t,central,none,20000,0.15145673029024398,0.2908689371950708,0.3355454693289503,0.32626799581402843,0.3625617773742419,0.2085,0.72115,0.5025,0.4958
2029,student_t,central,uptake_push,20000,0.14805553251078563,0.29834683251916866,0.33933732478896234,0.33051249833323837,0.3645256153506524,0.355,0.6563,0.5025,0.4958
2029,student_t,central,renewable_push,20000,0.1115082299460636,0.22965375595432883,0.2702467370875476,0.26281026612752434,0.2963112772822543,0.1282,0.72115,0.4382,0.4958
2029,student_t,central,fossil_reduction,20000,0.12031722080441082,0.24945634155078075,0.2902023316807207,0.28395479768153276,0.3146639206460901,0.2085,0.55835,0.4187,0.4958
2029,student_t,central,balanced_package,20000,0.10405233626276073,0.23096798388135611,0.2693508623411404,0.2617001240215018,0.29277065984953404,0.22475,0.63525,0.4187,0.4958
2029,student_t,central,delay_case,20000,0.174689120767993,0.3037573055733901,0.3467488933862011,0.3385464834333971,0.37395240674447183,0.2222,0.87155,0.55045,0.4958
2030,student_t,central,none,20000,0.15135869772579058,0.2930322479100948,0.33920626103044144,0.3288787737923791,0.36788900028463534,0.20515,0.72275,0.50225,0.50305
2030,student_t,central,uptake_push,20000,0.14784389197598338,0.29833045072564135,0.3406357876636989,0.33229409580649166,0.3663664608227135,0.35045,0.65735,0.50225,0.50305
2030,student_t,central,renewable_push,20000,0.11190992017852026,0.23065183838906275,0.27256739111676004,0.2634093953092992,0.29927120292930215,0.12695,0.72275,0.4395,0.50305
2030,student_t,central,fossil_reduction,20000,0.12010878783393823,0.25171347388866555,0.29321153333639566,0.28730686412780704,0.3181633966901261,0.20515,0.56165,0.4202,0.50305
2030,student_t,central,balanced_package,20000,0.1039062692281929,0.23233908869768582,0.27106269697133767,0.26272604873982586,0.294591839555716,0.2202,0.6369,0.4202,0.50305
2030,student_t,central,delay_case,20000,0.17514945132269102,0.3067159153118927,0.35091873719868577,0.34208622475646405,0.3791471573770014,0.2226,0.8702,0.54915,0.50305
2026,student_t,conservative,none,20000,0.22740072791771263,0.3049023577906906,0.33395831037652224,0.3273170620494246,0.35236200883828467,0.0,1.0,1.0,1.0
2026,student_t,conservative,uptake_push,20000,0.2737083630443462,0.36192464846517414,0.3846770150863745,0.37891319765926573,0.3996018987808897,0.66665,0.9959,1.0,1.0
2026,student_t,conservative,renewable_push,20000,0.17691695887579764,0.24400290025115876,0.26957132510615667,0.2637050460580596,0.28607043932153864,0.0,1.0,0.8435,1.0
2026,student_t,conservative,fossil_reduction,20000,0.17002519794676715,0.23791724021202285,0.2638883010485064,0.2584749289764074,0.28017555973327396,0.0,0.9821,0.79585,1.0
2026,student_t,conservative,balanced_package,20000,0.1707379427624503,0.2787908132231776,0.3060820739017616,0.3012996970784868,0.3225890956083879,0.27115,0.9938,0.79585,1.0
2026,student_t,conservative,delay_case,20000,0.25715262127836797,0.32427013651910175,0.34941374950307236,0.3439069077493367,0.36536131437799463,0.0,1.0,1.0,1.0
2027,student_t,conservative,none,20000,0.22763093120875127,0.30642589798175723,0.33510641648852063,0.3279332768006278,0.35367566284895297,0.0,1.0,1.0,1.0
2027,student_t,conservative,uptake_push,20000,0.27400316514639805,0.3615894781612321,0.3845253163837984,0.380039561095945,0.3987000393632953,0.66755,0.9949,1.0,1.0
2027,student_t,conservative,renewable_push,20000,0.17730040935607239,0.24513686111587982,0.27091684910977804,0.26488313408477493,0.2877772301615088,0.0,1.0,0.8453,1.0
2027,student_t,conservative,fossil_reduction,20000,0.17015414880391486,0.2396589938553871,0.2648354731008287,0.25883012182438764,0.28128278138072244,0.0,0.98075,0.7974,1.0
2027,student_t,conservative,balanced_package,20000,0.17062720025814762,0.2775073229300412,0.30467676087055584,0.30032634085216786,0.32062779170057226,0.2686,0.99295,0.7974,1.0
2027,student_t,conservative,delay_case,20000,0.2573594815126776,0.325507425223982,0.3503645779155904,0.3446259019380398,0.3665163861125784,0.0,1.0,1.0,1.0
2028,student_t,conservative,none,20000,0.22761896211883503,0.3067262635175482,0.33482510581933833,0.32825762337823644,0.35308431470781876,0.0,1.0,1.0,1.0
2028,student_t,conservative,uptake_push,20000,0.27346861396301436,0.36250901866562113,0.38579367096548434,0.38125399444151764,0.400647608825983,0.6639,0.9946,1.0,1.0
2028,student_t,conservative,renewable_push,20000,0.1771641649956642,0.24501557462258403,0.2705774261805292,0.26480880952981406,0.2872552480839333,0.0,1.0,0.83985,1.0
2028,student_t,conservative,fossil_reduction,20000,0.17025405817236305,0.23998414936691956,0.26481682576300775,0.25905738996642563,0.2808692673546586,0.0,0.97955,0.7928,1.0
2028,student_t,conservative,balanced_package,20000,0.17062301090381932,0.27664171855192915,0.3046424288577827,0.3001135605317027,0.32153106969897977,0.26855,0.99285,0.7928,1.0
2028,student_t,conservative,delay_case,20000,0.25734299164859936,0.3258734850557963,0.35030452239076715,0.34490541166225125,0.36612304776401744,0.0,1.0,1.0,1.0
2029,student_t,conservative,none,20000,0.2279879997649491,0.30580972064628165,0.3345786091323363,0.3286712092273412,0.35319430759168086,0.0,1.0,1.0,1.0
2029,student_t,conservative,uptake_push,20000,0.27405152799445276,0.3618325296733553,0.3847888866481652,0.37974101236821856,0.39952393507330863,0.6664,0.9959,1.0,1.0
2029,student_t,conservative,renewable_push,20000,0.17745701215975637,0.2446942599191775,0.2701945992812806,0.2640811405211371,0.28655095429660726,0.0,1.0,0.84065,1.0
2029,student_t,conservative,fossil_reduction,20000,0.17049506506507028,0.2391618397305104,0.2645161126610181,0.25876633511817565,0.2810299304982872,0.0,0.98165,0.79305,1.0
2029,student_t,conservative,balanced_package,20000,0.17081460084585556,0.2775641001363289,0.30517694334598444,0.30051392045855807,0.3216631762435229,0.2684,0.99425,0.79305,1.0
2029,student_t,conservative,delay_case,20000,0.25764407339937423,0.3251831411726118,0.34997332571919126,0.34440948569229063,0.36617466220595757,0.0,1.0,1.0,1.0
2030,student_t,conservative,none,20000,0.22739951217134216,0.30582193308972205,0.3336172594523674,0.3276153989007201,0.35131206818417554,0.0,1.0,1.0,1.0
2030,student_t,conservative,uptake_push,20000,0.2734247223584218,0.3616129643106776,0.3855311150151408,0.38061670989594637,0.40068075320123353,0.6641,0.99535,1.0,1.0
2030,student_t,conservative,renewable_push,20000,0.17704468963076136,0.24482322500460912,0.26958444006294496,0.26439196822256933,0.28540632214828315,0.0,1.0,0.84675,1.0
2030,student_t,conservative,fossil_reduction,20000,0.16995889787367546,0.23926897203343622,0.2637075277451585,0.2587635154278137,0.2793086216177348,0.0,0.9809,0.8008,1.0
2030,student_t,conservative,balanced_package,20000,0.16961402811843554,0.27743968224617516,0.3055135104446375,0.30009852456166686,0.3226930885593132,0.2629,0.9931,0.8008,1.0
2030,student_t,conservative,delay_case,20000,0.2572002736305567,0.3250650619695595,0.3492533624731592,0.3442649958979742,0.3646092907693876,0.0,1.0,1.0,1.0
2026,student_t,stress_tail,none,20000,0.37331475164814953,0.417884951167706,0.43058297668480905,0.4281546940050234,0.43833298969944723,0.0,1.0,1.0,1.0
2026,student_t,stress_tail,uptake_push,20000,0.3344233620011387,0.43380936047487856,0.4537183155902894,0.45153580543952887,0.46511959359238914,0.2376,1.0,1.0,1.0
2026,student_t,stress_tail,renewable_push,20000,0.3040441238913691,0.344666148933785,0.3561327867337992,0.3541447083809931,0.3631454536492504,0.0,1.0,1.0,1.0
2026,student_t,stress_tail,fossil_reduction,20000,0.29674689883779454,0.33654400707588256,0.3477713736331295,0.34596062276277034,0.35442374430710677,0.0,1.0,1.0,1.0
2026,student_t,stress_tail,balanced_package,20000,0.24504132933510678,0.2822360647259574,0.292702385834628,0.2907844026536565,0.2991231624928534,0.0,1.0,1.0,1.0
2026,student_t,stress_tail,delay_case,20000,0.3839688643042438,0.422617435264659,0.433605534471603,0.4315851012852623,0.44033109563683215,0.0,1.0,1.0,1.0
2027,student_t,stress_tail,none,20000,0.37324211673317614,0.4175819872681772,0.430202629969035,0.42825382326215145,0.4378133331026795,0.0,1.0,1.0,1.0
2027,student_t,stress_tail,uptake_push,20000,0.3341170142552328,0.4345148732959908,0.4540343757227515,0.4517580780257568,0.4652510223724719,0.2359,1.0,1.0,1.0
2027,student_t,stress_tail,renewable_push,20000,0.3039639304337871,0.34429902786951494,0.35568203524249503,0.3535548835643694,0.36264050443975016,0.0,1.0,1.0,1.0
2027,student_t,stress_tail,fossil_reduction,20000,0.2966880542473839,0.3366183034749337,0.34750931511437577,0.34580129954563643,0.35407220671543377,0.0,1.0,1.0,1.0
2027,student_t,stress_tail,balanced_package,20000,0.24498047711095564,0.28193579465439694,0.29236378858165213,0.29054997489707934,0.29874431605134294,0.0,1.0,1.0,1.0
2027,student_t,stress_tail,delay_case,20000,0.3839033759696457,0.42238121493462205,0.43326222903892914,0.4313295136542879,0.4399208993147126,0.0,1.0,1.0,1.0
2028,student_t,stress_tail,none,20000,0.37351406310116064,0.4172375425677767,0.4300438285517402,0.4277279241845415,0.4379688706613424,0.0,1.0,1.0,1.0
2028,student_t,stress_tail,uptake_push,20000,0.3341804295321954,0.432786732931226,0.45302105960717653,0.4509266325974466,0.4645994842153872,0.23485,1.0,1.0,1.0
2028,student_t,stress_tail,renewable_push,20000,0.3042094625168678,0.34386769546647045,0.3555823416202615,0.35337104994329244,0.3627667855994499,0.0,1.0,1.0,1.0
2028,student_t,stress_tail,fossil_reduction,20000,0.29696757364842913,0.3360406322124993,0.3473896619835573,0.3455503581765672,0.35426888663788497,0.0,1.0,1.0,1.0
2028,student_t,stress_tail,balanced_package,20000,0.2452003568982143,0.28154608486648175,0.29224802168737996,0.29017307297814315,0.2988430247684778,0.0,1.0,1.0,1.0
2028,student_t,stress_tail,delay_case,20000,0.38413121811017326,0.422010332269087,0.4331346071650098,0.43087244320144935,0.44002725146959365,0.0,1.0,1.0,1.0
2029,student_t,stress_tail,none,20000,0.37327252076415623,0.41780014166809093,0.4302859592855607,0.4281874236778705,0.43800215327940156,0.0,1.0,1.0,1.0
2029,student_t,stress_tail,uptake_push,20000,0.33389052820116055,0.4322186373318611,0.452956315727837,0.45082197230996035,0.46459968331919566,0.2344,1.0,1.0,1.0
2029,student_t,stress_tail,renewable_push,20000,0.3040355183439828,0.3443033708733724,0.35578046938243735,0.3539550288490031,0.3628168173892015,0.0,1.0,1.0,1.0
2029,student_t,stress_tail,fossil_reduction,20000,0.2967271526216331,0.3366712452568096,0.3475927658962881,0.3458707930688468,0.3541534750713394,0.0,1.0,1.0,1.0
2029,student_t,stress_tail,balanced_package,20000,0.2450166538849065,0.2819840890742944,0.29244574468109064,0.29076773828928415,0.29886990020392545,0.0,1.0,1.0,1.0
2029,student_t,stress_tail,delay_case,20000,0.3839399429852815,0.42240295689376206,0.43333802851489417,0.4315994308790321,0.44006864894491415,0.0,1.0,1.0,1.0
2030,student_t,stress_tail,none,20000,0.37332478433294247,0.4173825245315413,0.4298179875921581,0.4275084063288104,0.43754466813553994,0.0,1.0,1.0,1.0
2030,student_t,stress_tail,uptake_push,20000,0.33415335513496763,0.43259785325851896,0.45309335247208976,0.450676834799482,0.464722455682186,0.23555,1.0,1.0,1.0
2030,student_t,stress_tail,renewable_push,20000,0.30397606720505127,0.34413691613305014,0.3553513060773803,0.35303674165747784,0.36238540777005734,0.0,1.0,1.0,1.0
2030,student_t,stress_tail,fossil_reduction,20000,0.2968157707924179,0.33621837081959133,0.3471568859694523,0.3452505460766175,0.35387009735385805,0.0,1.0,1.0,1.0
2030,student_t,stress_tail,balanced_package,20000,0.24502854886270506,0.2818153835445985,0.29203102552189497,0.29001066841550566,0.29851372530654746,0.0,1.0,1.0,1.0
2030,student_t,stress_tail,delay_case,20000,0.38395808743743953,0.4221990740394035,0.43291281336548854,0.430810711393783,0.43967502359352445,0.0,1.0,1.0,1.0
