year,dependence,scenario_family,lever,weak_alignment_probability,low_uptake_shortfall,renewable_shortfall,fossil_excess,emissions_excess,activity_excess
2026,independent,central,none,0.2498,0.07052655336585062,0.1656498321954812,0.1841177953263852,0.13737738521427037,0.17183919603010064
2026,independent,central,uptake_push,0.3818,0.00800439333429731,0.1656498321954812,0.12914939334549555,0.13737738521427037,0.17183919603010064
2026,independent,central,renewable_push,0.16375,0.07052655336585062,0.04388534360775605,0.1841177953263852,0.09107992823078226,0.17183919603010064
2026,independent,central,fossil_reduction,0.2498,0.07052655336585062,0.1656498321954812,0.08554631898894824,0.08023078163873165,0.17183919603010064
2026,independent,central,balanced_package,0.2576,0.01975625326057416,0.07500438766523129,0.11886788648323657,0.08023078163873165,0.17183919603010064
2026,independent,central,delay_case,0.26195,0.09064938025121817,0.19525583474296665,0.22721799409804688,0.14960963961102025,0.17183919603010064
2027,independent,central,none,0.25315,0.0693689911474431,0.16868291973569263,0.1825964163560409,0.13875214357553783,0.17069033095332956
2027,independent,central,uptake_push,0.3875,0.007817649605776899,0.16868291973569263,0.1281979449891238,0.13875214357553783,0.17069033095332956
2027,independent,central,renewable_push,0.16415,0.0693689911474431,0.04467494137930353,0.1825964163560409,0.09198452646623871,0.17069033095332956
2027,independent,central,fossil_reduction,0.25315,0.0693689911474431,0.16868291973569263,0.08478144381420874,0.08106014732232265,0.17069033095332956
2027,independent,central,balanced_package,0.2664,0.019099822037036005,0.07645284164063354,0.11789127998735384,0.08106014732232265,0.17069033095332956
2027,independent,central,delay_case,0.26655,0.08959410669925183,0.19820153868007329,0.22588103661105752,0.15120500923509878,0.17069033095332956
2028,independent,central,none,0.2413,0.07013402822428687,0.1651896970550557,0.18459022767796554,0.1407254630583151,0.17289038870301862
2028,independent,central,uptake_push,0.37475,0.007938645853026904,0.1651896970550557,0.12961236661367728,0.1407254630583151,0.17289038870301862
2028,independent,central,renewable_push,0.1579,0.07013402822428687,0.04391487287062205,0.18459022767796554,0.0934380810995765,0.17289038870301862
2028,independent,central,fossil_reduction,0.2413,0.07013402822428687,0.1651896970550557,0.08586600444998305,0.08234999901923953,0.17289038870301862
2028,independent,central,balanced_package,0.25525,0.019640894562718017,0.07498491897943267,0.11930040059984892,0.08234999901923953,0.17289038870301862
2028,independent,central,delay_case,0.2545,0.09021771478164843,0.194012362911223,0.2278293153773379,0.1532158255089475,0.17289038870301862
2029,independent,central,none,0.24985,0.06975673254695737,0.1651545774257111,0.1840453025186389,0.14013532960620845,0.17499328140529524
2029,independent,central,uptake_push,0.3799,0.007918139429493072,0.1651545774257111,0.1293154446067946,0.14013532960620845,0.17499328140529524
2029,independent,central,renewable_push,0.1651,0.06975673254695737,0.044031360016872176,0.1840453025186389,0.09303364035842332,0.17499328140529524
2029,independent,central,fossil_reduction,0.24985,0.06975673254695737,0.1651545774257111,0.08563152191050544,0.08202239453637976,0.17499328140529524
2029,independent,central,balanced_package,0.25895,0.019388388173916714,0.07512292155562966,0.11895375840358695,0.08202239453637976,0.17499328140529524
2029,independent,central,delay_case,0.26465,0.09001821658926867,0.1942994206464549,0.22769010950180463,0.15258100670126765,0.17499328140529524
2030,independent,central,none,0.2497,0.06988805619439636,0.16780240214844266,0.18387159386149282,0.13796020368399298,0.17255156993899753
2030,independent,central,uptake_push,0.38415,0.007985202113877753,0.16780240214844266,0.1291146740823198,0.13796020368399298,0.17255156993899753
2030,independent,central,renewable_push,0.16225,0.06988805619439636,0.044624771000233966,0.18387159386149282,0.09114355287394581,0.17255156993899753
2030,independent,central,fossil_reduction,0.2497,0.06988805619439636,0.16780240214844266,0.08540693424021126,0.08019837584345034,0.17255156993899753
2030,independent,central,balanced_package,0.2609,0.019560289982617333,0.07610529513479065,0.11876788547778458,0.08019837584345034,0.17255156993899753
2030,independent,central,delay_case,0.2633,0.08978389297530967,0.19716984580973856,0.22727755290072738,0.15062923267970654,0.17255156993899753
2026,independent,conservative,none,0.0,0.19037379880811553,0.2787938673814606,0.36148019150405764,0.23189208542128237,0.2875942264636014
2026,independent,conservative,uptake_push,0.66295,0.015195264024367492,0.2787938673814606,0.2645248233496916,0.23189208542128237,0.2875942264636014
2026,independent,conservative,renewable_push,0.0,0.19037379880811553,0.05952596832673232,0.36148019150405764,0.1447383762161242,0.2875942264636014
2026,independent,conservative,fossil_reduction,0.0,0.19037379880811553,0.2787938673814606,0.18241928433723284,0.12479603636489439,0.2875942264636014
2026,independent,conservative,balanced_package,0.29695,0.04845978151215912,0.11320160651354172,0.24524051461701188,0.12479603636489439,0.2875942264636014
2026,independent,conservative,delay_case,0.0,0.22323647006436523,0.33442551732822623,0.4079302039830394,0.25970014211876935,0.2875942264636014
2027,independent,conservative,none,0.0,0.1897073421098009,0.27882006561319506,0.3621459153421407,0.23184283224888477,0.2890189413525664
2027,independent,conservative,uptake_push,0.66685,0.015050807197221851,0.27882006561319506,0.26501934370561286,0.23184283224888477,0.2890189413525664
2027,independent,conservative,renewable_push,0.0,0.1897073421098009,0.05892212118930031,0.3621459153421407,0.1447003777174606,0.2890189413525664
2027,independent,conservative,fossil_reduction,0.0,0.1897073421098009,0.27882006561319506,0.18285914543210052,0.12476453571323627,0.2890189413525664
2027,independent,conservative,balanced_package,0.3061,0.048216537477078485,0.11276263200514718,0.24572932741248515,0.12476453571323627,0.2890189413525664
2027,independent,conservative,delay_case,0.0,0.22270843035534735,0.3344464759136139,0.4084714054640879,0.25965679932705976,0.2890189413525664
2028,independent,conservative,none,0.0,0.1907590071705968,0.2776790209622209,0.3627349823204744,0.2318211284097829,0.2892076233072984
2028,independent,conservative,uptake_push,0.6678,0.015319798837137983,0.2776790209622209,0.26551910485250657,0.2318211284097829,0.2892076233072984
2028,independent,conservative,renewable_push,0.0,0.1907590071705968,0.05886211455948328,0.3627349823204744,0.1447424794899955,0.2892076233072984
2028,independent,conservative,fossil_reduction,0.0,0.1907590071705968,0.2776790209622209,0.18321041159705156,0.1248487617415843,0.2892076233072984
2028,independent,conservative,balanced_package,0.2992,0.048808006120256785,0.1123543025042407,0.24620215471756707,0.1248487617415843,0.2892076233072984
2028,independent,conservative,delay_case,0.0,0.22361008069834035,0.33353364019283466,0.40899318132367796,0.2596376999486499,0.2892076233072984
2029,independent,conservative,none,0.0,0.18989596319471067,0.2780382195422984,0.36128295706627617,0.23235050102639535,0.28746041070739886
2029,independent,conservative,uptake_push,0.66795,0.015119726550699241,0.2780382195422984,0.26425660080676044,0.23235050102639535,0.28746041070739886
2029,independent,conservative,renewable_push,0.0,0.18989596319471067,0.05886367763251483,0.36128295706627617,0.14510733940393797,0.28746041070739886
2029,independent,conservative,fossil_reduction,0.0,0.18989596319471067,0.2780382195422984,0.18217445207266764,0.12512091707724304,0.28746041070739886
2029,independent,conservative,balanced_package,0.30865,0.04834517268065517,0.11241569681975988,0.24499829802091935,0.12512091707724304,0.28746041070739886
2029,independent,conservative,delay_case,0.0,0.22290347635451563,0.33382099905689666,0.40771016826737405,0.26010354785126893,0.28746041070739886
2030,independent,conservative,none,0.0,0.1893159153165556,0.27933803669988877,0.363606352265187,0.23063213521087533,0.2892407229247263
2030,independent,conservative,uptake_push,0.67205,0.014930388717821768,0.27933803669988877,0.2662915343328589,0.23063213521087533,0.2892407229247263
2030,independent,conservative,renewable_push,0.0,0.1893159153165556,0.05930016136160713,0.363606352265187,0.14377117233690648,0.2892407229247263
2030,independent,conservative,fossil_reduction,0.0,0.1893159153165556,0.27933803669988877,0.18384376908663477,0.12393642976255892,0.2892407229247263
2030,independent,conservative,balanced_package,0.30715,0.047938375555707916,0.11316253821224177,0.24692396318765733,0.12393642976255892,0.2892407229247263
2030,independent,conservative,delay_case,0.0,0.22239456893877463,0.3348608527829688,0.409779545691711,0.2585913859336116,0.2892407229247263
2026,independent,stress_tail,none,0.0,0.31189177247558075,0.45777523171267587,0.5940190964472489,0.3812756593461804,0.4735048621075395
2026,independent,stress_tail,uptake_push,0.23065,0.06985096313065739,0.45777523171267587,0.463097225645953,0.3812756593461804,0.4735048621075395
2026,independent,stress_tail,renewable_push,0.0,0.31189177247558075,0.1424871416035904,0.5940190964472489,0.27115768717267963,0.4735048621075395
2026,independent,stress_tail,fossil_reduction,0.0,0.31189177247558075,0.45777523171267587,0.3489484103591868,0.24362819412930475,0.4735048621075395
2026,independent,stress_tail,balanced_package,0.0,0.13490524461447018,0.23256945306332924,0.43601215267238974,0.24362819412930475,0.4735048621075395
2026,independent,stress_tail,delay_case,0.0,0.3236448211807866,0.4776106087931985,0.6106315055019966,0.3911576871726797,0.4735048621075395
2027,independent,stress_tail,none,0.0,0.31161515210253266,0.4568762739326456,0.5939984539915808,0.37992388271088945,0.47302464842800507
2027,independent,stress_tail,uptake_push,0.2377,0.06968568322794222,0.4568762739326456,0.4630584838197514,0.37992388271088945,0.47302464842800507
2027,independent,stress_tail,renewable_push,0.0,0.31161515210253266,0.14190281904657098,0.5939984539915808,0.2699681237336241,0.47302464842800507
2027,independent,stress_tail,fossil_reduction,0.0,0.31161515210253266,0.4568762739326456,0.34892032625737873,0.24247918398930746,0.47302464842800507
2027,independent,stress_tail,balanced_package,0.0,0.13470567172351622,0.23189523472830656,0.43598200432500833,0.24247918398930746,0.47302464842800507
2027,independent,stress_tail,delay_case,0.0,0.32342747107676423,0.47689144256917443,0.6106003250318339,0.3899681237336239,0.47302464842800507
2028,independent,stress_tail,none,0.0,0.3121138806816297,0.4579907182732485,0.5940598765640979,0.3812427530352563,0.47431308049100507
2028,independent,stress_tail,uptake_push,0.23295,0.07002585904811742,0.4579907182732485,0.46310390112135535,0.3812427530352563,0.47431308049100507
2028,independent,stress_tail,renewable_push,0.0,0.3121138806816297,0.1426272078679628,0.5940598765640979,0.2711287296190664,0.47431308049100507
2028,independent,stress_tail,fossil_reduction,0.0,0.3121138806816297,0.4579907182732485,0.34896022880322575,0.24360022376501933,0.47431308049100507
2028,independent,stress_tail,balanced_package,0.0,0.13510634831439147,0.23273106798375892,0.43602804912811105,0.24360022376501933,0.47431308049100507
2028,independent,stress_tail,delay_case,0.0,0.323839769018318,0.4777829980416567,0.6106494409635628,0.39112872961906653,0.47431308049100507
2029,independent,stress_tail,none,0.0,0.31201092430452254,0.4561382559609944,0.5935155531824513,0.38130026100668335,0.4732276051421868
2029,independent,stress_tail,uptake_push,0.23115,0.06992423545466345,0.4561382559609944,0.4626458560690124,0.38130026100668335,0.4732276051421868
2029,independent,stress_tail,renewable_push,0.0,0.31201092430452254,0.1414231073649978,0.5935155531824513,0.2711793366339223,0.4732276051421868
2029,independent,stress_tail,fossil_reduction,0.0,0.31201092430452254,0.4561382559609944,0.348571890011453,0.24364910554073235,0.4732276051421868
2029,independent,stress_tail,balanced_package,0.0,0.13499783575956917,0.23134172124956812,0.43558527799817276,0.24364910554073235,0.4732276051421868
2029,independent,stress_tail,delay_case,0.0,0.3237417562806363,0.4763010281918535,0.6101794536645421,0.3911793366339224,0.4732276051421868
2030,independent,stress_tail,none,0.0,0.31176863563036006,0.4585362089450556,0.5949566384415146,0.3817045055098602,0.47302933579916606
2030,independent,stress_tail,uptake_push,0.23495,0.06978249247076271,0.4585362089450556,0.46386913320480117,0.3817045055098602,0.47302933579916606
2030,independent,stress_tail,renewable_push,0.0,0.31176863563036006,0.14298177680463728,0.5949566384415146,0.2715350717967185,0.47302933579916606
2030,independent,stress_tail,fossil_reduction,0.0,0.31176863563036006,0.4585362089450556,0.34960664170739564,0.24399271336843245,0.47302933579916606
2030,independent,stress_tail,balanced_package,0.0,0.1348187698307007,0.233140185987614,0.4367641382200216,0.24399271336843245,0.47302933579916606
2030,independent,stress_tail,delay_case,0.0,0.3235492506296831,0.47821939057910223,0.6114303681493437,0.39153507179671826,0.47302933579916606
2026,gaussian,central,none,0.20555,0.08653612541314759,0.16633928353742095,0.167299646376497,0.14019061940565752,0.17490086750937198
2026,gaussian,central,uptake_push,0.3466,0.012464358335331728,0.16633928353742095,0.11225654373524781,0.14019061940565752,0.17490086750937198
2026,gaussian,central,renewable_push,0.12475,0.08653612541314759,0.04431746798392477,0.167299646376497,0.09287086102267633,0.17490086750937198
2026,gaussian,central,fossil_reduction,0.20555,0.08653612541314759,0.16633928353742095,0.06909197077318749,0.08178778408874585,0.17490086750937198
2026,gaussian,central,balanced_package,0.2187,0.027510068558674765,0.07553640562094206,0.1020323000308362,0.08178778408874585,0.17490086750937198
2026,gaussian,central,delay_case,0.2229,0.10477709152089046,0.1958169394604181,0.21971314758667462,0.15296399367645364,0.17490086750937198
2027,gaussian,central,none,0.2089,0.08376189925470774,0.1639371206734348,0.16530342361908018,0.13848556064316866,0.17547458932527818
2027,gaussian,central,uptake_push,0.34735,0.01194207643327228,0.1639371206734348,0.11078383289939497,0.13848556064316866,0.17547458932527818
2027,gaussian,central,renewable_push,0.1285,0.08376189925470774,0.04337836287102143,0.16530342361908018,0.09167577621519424,0.17547458932527818
2027,gaussian,central,fossil_reduction,0.2089,0.08376189925470774,0.1639371206734348,0.06832580046654596,0.08072439090199425,0.17547458932527818
2027,gaussian,central,balanced_package,0.22445,0.026394518755846638,0.0743390873613742,0.10072098349374459,0.08072439090199425,0.17547458932527818
2027,gaussian,central,delay_case,0.2251,0.10170210547609683,0.1929912766019445,0.21766214562740596,0.15100766007226776,0.17547458932527818
2028,gaussian,central,none,0.20565,0.08441998527819017,0.16512666742799573,0.16745784863803587,0.1373134318188474,0.17218670510232678
2028,gaussian,central,uptake_push,0.3469,0.012132165184361447,0.16512666742799573,0.11236464700921656,0.1373134318188474,0.17218670510232678
2028,gaussian,central,renewable_push,0.12605,0.08441998527819017,0.04391716412650366,0.16745784863803587,0.09107860141205384,0.17218670510232678
2028,gaussian,central,fossil_reduction,0.20565,0.08441998527819017,0.16512666742799573,0.06918221666778897,0.08024094374999906,0.17218670510232678
2028,gaussian,central,balanced_package,0.21885,0.026843429632314668,0.07488391374339692,0.10213297807903705,0.08024094374999906,0.17218670510232678
2028,gaussian,central,delay_case,0.22035,0.1021465259001562,0.19435759651964163,0.21977023496385167,0.1496307867277027,0.17218670510232678
2029,gaussian,central,none,0.212,0.08427981885350122,0.16819463239437715,0.16690639412434474,0.1403252336536119,0.17198763115465185
2029,gaussian,central,uptake_push,0.3552,0.012071289288740277,0.16819463239437715,0.11214014203761885,0.1403252336536119,0.17198763115465185
2029,gaussian,central,renewable_push,0.1295,0.08427981885350122,0.04467320420214416,0.16690639412434474,0.09325032964608304,0.17198763115465185
2029,gaussian,central,fossil_reduction,0.212,0.08427981885350122,0.16819463239437715,0.06912331782160927,0.08222362347074438,0.17198763115465185
2029,gaussian,central,balanced_package,0.2281,0.026679078106926192,0.07634186959684498,0.10195477998605919,0.08222362347074438,0.17198763115465185
2029,gaussian,central,delay_case,0.22855,0.10220203043148499,0.19770249998784845,0.21911034448495784,0.15273942020695516,0.17198763115465185
2030,gaussian,central,none,0.2045,0.08512681315928908,0.16404410261201247,0.1651212538106479,0.13721776352547355,0.17338336796259884
2030,gaussian,central,uptake_push,0.3447,0.01195202887059212,0.16404410261201247,0.11068431791956164,0.13721776352547355,0.17338336796259884
2030,gaussian,central,renewable_push,0.12535,0.08512681315928908,0.04346411268001722,0.1651212538106479,0.09094998815196623,0.17338336796259884
2030,gaussian,central,fossil_reduction,0.2045,0.08512681315928908,0.16404410261201247,0.06811470400293669,0.08013045974930817,0.17338336796259884
2030,gaussian,central,balanced_package,0.21955,0.026808629038210723,0.0743943017430586,0.1006146736282284,0.08013045974930817,0.17338336796259884
2030,gaussian,central,delay_case,0.2222,0.10312219441490579,0.19325065085155324,0.2172287535303696,0.14959307312868142,0.17338336796259884
2026,gaussian,conservative,none,0.0,0.1896331189603301,0.2794236951384145,0.36153983802105333,0.23305940752131227,0.2873779720667616
2026,gaussian,conservative,uptake_push,0.668,0.018486272013456956,0.2794236951384145,0.2643569538759232,0.23305940752131227,0.2873779720667616
2026,gaussian,conservative,renewable_push,0.0,0.1896331189603301,0.05950156556183089,0.36153983802105333,0.14571879824192238,0.2873779720667616
2026,gaussian,conservative,fossil_reduction,0.0,0.1896331189603301,0.2794236951384145,0.18137868199523435,0.12574550078414998,0.2873779720667616
2026,gaussian,conservative,balanced_package,0.2703,0.05148830617098339,0.11335670085418129,0.2449746481426,0.12574550078414998,0.2873779720667616
2026,gaussian,conservative,delay_case,0.0,0.22264521520231847,0.3349293795337893,0.40795188713637637,0.2607273855667957,0.2873779720667616
2027,gaussian,conservative,none,0.0,0.18966176405432153,0.27949907085745296,0.3622136190084903,0.23161490984063066,0.2881701320188584
2027,gaussian,conservative,uptake_push,0.665,0.018581459895432976,0.27949907085745296,0.26497072154712614,0.23161490984063066,0.2881701320188584
2027,gaussian,conservative,renewable_push,0.0,0.18966176405432153,0.05948555466208378,0.3622136190084903,0.14455739963447126,0.2881701320188584
2027,gaussian,conservative,fossil_reduction,0.0,0.18966176405432153,0.27949907085745296,0.18188146535651095,0.12466835370617704,0.2881701320188584
2027,gaussian,conservative,balanced_package,0.27085,0.05157825874087125,0.11344087542590386,0.2455539640466262,0.12466835370617704,0.2881701320188584
2027,gaussian,conservative,delay_case,0.0,0.2226534499701638,0.33498968010902025,0.4085620790159959,0.25945622760779613,0.2881701320188584
2028,gaussian,conservative,none,0.0,0.18997105491366326,0.2777424953843077,0.36196298676936944,0.23112649064376561,0.29004873272402776
2028,gaussian,conservative,uptake_push,0.66365,0.01886838414930786,0.2777424953843077,0.2647990926851808,0.23112649064376561,0.29004873272402776
2028,gaussian,conservative,renewable_push,0.0,0.18997105491366326,0.05862952766829911,0.36196298676936944,0.14431835111910354,0.29004873272402776
2028,gaussian,conservative,fossil_reduction,0.0,0.18997105491366326,0.2777424953843077,0.181722001432099,0.12451708888169778,0.29004873272402776
2028,gaussian,conservative,balanced_package,0.26585,0.05189269268687674,0.11215313681852208,0.2453777117172474,0.12451708888169778,0.29004873272402776
2028,gaussian,conservative,delay_case,0.0,0.2229126202860528,0.333584419730504,0.40836873952572783,0.2590264187145546,0.29004873272402776
2029,gaussian,conservative,none,0.0,0.19027403011120858,0.27855281182973035,0.36056397297381665,0.23089828302768736,0.28588260789759695
2029,gaussian,conservative,uptake_push,0.66295,0.018753304029647457,0.27855281182973035,0.2635198483203487,0.23089828302768736,0.28588260789759695
2029,gaussian,conservative,renewable_push,0.0,0.19027403011120858,0.05932371807003138,0.36056397297381665,0.14400285468035567,0.28588260789759695
2029,gaussian,conservative,fossil_reduction,0.0,0.19027403011120858,0.27855281182973035,0.1806288066510499,0.12418508135810519,0.28588260789759695
2029,gaussian,conservative,balanced_package,0.2702,0.05198056514222951,0.11295276006519593,0.24416992789929454,0.12418508135810519,0.28588260789759695
2029,gaussian,conservative,delay_case,0.0,0.22318108320738855,0.3342326728868423,0.407101058872664,0.2588255960124059,0.28588260789759695
2030,gaussian,conservative,none,0.0,0.1898487692495155,0.2782554706541614,0.361373329592482,0.23160559764946148,0.28642018532022023
2030,gaussian,conservative,uptake_push,0.66515,0.019032972992626327,0.2782554706541614,0.26422096397603356,0.23160559764946148,0.28642018532022023
2030,gaussian,conservative,renewable_push,0.0,0.1898487692495155,0.059068180662298866,0.361373329592482,0.14440007342389086,0.28642018532022023
2030,gaussian,conservative,fossil_reduction,0.0,0.1898487692495155,0.2782554706541614,0.1812669300736803,0.12444787222736833,0.28642018532022023
2030,gaussian,conservative,balanced_package,0.26825,0.051943168632315545,0.1125330003594969,0.24485012378632026,0.12444787222736833,0.28642018532022023
2030,gaussian,conservative,delay_case,0.0,0.2228312708602717,0.3339947999463869,0.40780659242180445,0.25944803287956736,0.28642018532022023
2026,gaussian,stress_tail,none,0.0,0.31204895121667414,0.45768870687368424,0.594290701992639,0.38074079727080723,0.47340542047156314
2026,gaussian,stress_tail,uptake_push,0.233,0.07017839450353422,0.45768870687368424,0.463283237706884,0.38074079727080723,0.47340542047156314
2026,gaussian,stress_tail,renewable_push,0.0,0.31204895121667414,0.14243090045824588,0.594290701992639,0.2706870085463512,0.47340542047156314
2026,gaussian,stress_tail,fossil_reduction,0.0,0.31204895121667414,0.45768870687368424,0.34911559393702896,0.24317356136523757,0.47340542047156314
2026,gaussian,stress_tail,balanced_package,0.0,0.13504771520905032,0.2325045594340856,0.43620649680477097,0.24317356136523757,0.47340542047156314
2026,gaussian,stress_tail,delay_case,0.0,0.32378285744304136,0.47754138892200515,0.6108394299116472,0.39068700854635124,0.47340542047156314
2027,gaussian,stress_tail,none,0.0,0.31179148493840403,0.4564591672590956,0.5943888191211893,0.3813534604274321,0.4730193802579024
2027,gaussian,stress_tail,uptake_push,0.2331,0.07000451710707384,0.4564591672590956,0.46337846803199684,0.3813534604274321,0.4730193802579024
2027,gaussian,stress_tail,renewable_push,0.0,0.31179148493840403,0.14163169970876346,0.5943888191211893,0.2712261521241816,0.4730193802579024
2027,gaussian,stress_tail,fossil_reduction,0.0,0.31179148493840403,0.4564591672590956,0.3491935098518337,0.24369432504836872,0.4730193802579024
2027,gaussian,stress_tail,balanced_package,0.0,0.13485068541777936,0.231582404723144,0.4362942244324244,0.24369432504836872,0.4730193802579024
2027,gaussian,stress_tail,delay_case,0.0,0.3235749193791411,0.4765577572303344,0.61093206339573,0.3912261521241814,0.4730193802579024
2028,gaussian,stress_tail,none,0.0,0.31220439288094864,0.4574580821041841,0.5944424366044687,0.3806642512083826,0.47279222393956627
2028,gaussian,stress_tail,uptake_push,0.23805,0.07033557832781641,0.4574580821041841,0.4634800866370926,0.3806642512083826,0.47279222393956627
2028,gaussian,stress_tail,renewable_push,0.0,0.31220439288094864,0.14228099435807087,0.5944424366044687,0.2706196480114175,0.47279222393956627
2028,gaussian,stress_tail,fossil_reduction,0.0,0.31220439288094864,0.4574580821041841,0.3492670747581307,0.24310849721217664,0.47279222393956627
2028,gaussian,stress_tail,balanced_package,0.0,0.1352049683135519,0.23233159085696056,0.43637315108705355,0.24310849721217664,0.47279222393956627
2028,gaussian,stress_tail,delay_case,0.0,0.3239275467026088,0.4773568891064051,0.6110136709245239,0.3906196480114176,0.47279222393956627
2029,gaussian,stress_tail,none,0.0,0.3121296105857743,0.458308140981716,0.594804935309194,0.38088665015854584,0.4731394828895556
2029,gaussian,stress_tail,uptake_push,0.23285,0.07023469443573285,0.458308140981716,0.46372971180065214,0.38088665015854584,0.4731394828895556
2029,gaussian,stress_tail,renewable_push,0.0,0.3121296105857743,0.14283353262846685,0.594804935309194,0.2708153590875612,0.4731394828895556
2029,gaussian,stress_tail,fossil_reduction,0.0,0.3121296105857743,0.458308140981716,0.3494910589924922,0.2432975363198155,0.4731394828895556
2029,gaussian,stress_tail,balanced_package,0.0,0.13511891800012613,0.23296913501510935,0.4366333851918862,0.2432975363198155,0.4731394828895556
2029,gaussian,stress_tail,delay_case,0.0,0.3238527390704468,0.4780369362084308,0.6112920299645926,0.3908153590875613,0.4731394828895556
2030,gaussian,stress_tail,none,0.0,0.31170414911860117,0.4567010772153699,0.5946321704118186,0.38059261286518387,0.47314751360067236
2030,gaussian,stress_tail,uptake_push,0.23815,0.06994230095997422,0.4567010772153699,0.4636186941945976,0.38059261286518387,0.47314751360067236
2030,gaussian,stress_tail,renewable_push,0.0,0.31170414911860117,0.14178894118034158,0.5946321704118186,0.2705566062694033,0.47314751360067236
2030,gaussian,stress_tail,fossil_reduction,0.0,0.31170414911860117,0.4567010772153699,0.34938927957045024,0.2430476046204576,0.47314751360067236
2030,gaussian,stress_tail,balanced_package,0.0,0.1347763716171834,0.2317638371903497,0.4365143292801067,0.2430476046204576,0.47314751360067236
2030,gaussian,stress_tail,delay_case,0.0,0.32350064475542684,0.47675128519535376,0.6111643358079443,0.3905566062694031,0.47314751360067236
2026,student_t,central,none,0.21045,0.08443333959836287,0.1682131211195687,0.16464966319019705,0.13965275719166997,0.17460981050100086
2026,student_t,central,uptake_push,0.35115,0.012417074502894858,0.1682131211195687,0.11006633941123027,0.13965275719166997,0.17460981050100086
2026,student_t,central,renewable_push,0.13165,0.08443333959836287,0.04501674326653883,0.16464966319019705,0.09284767599985577,0.17460981050100086
2026,student_t,central,fossil_reduction,0.21045,0.08443333959836287,0.1682131211195687,0.06740711102053765,0.08188771896733862,0.17460981050100086
2026,student_t,central,balanced_package,0.22505,0.026978265926685015,0.0768062174431232,0.0999616825798106,0.08188771896733862,0.17460981050100086
2026,student_t,central,delay_case,0.2222,0.10263354852035589,0.19676594947886364,0.2176021983110806,0.15195433089678162,0.17460981050100086
2027,student_t,central,none,0.207,0.08310717350677699,0.1637588633327717,0.16665790775138584,0.13863332534446599,0.17151030261567743
2027,student_t,central,uptake_push,0.34595,0.012273175739992212,0.1637588633327717,0.11174014467820584,0.13863332534446599,0.17151030261567743
2027,student_t,central,renewable_push,0.124,0.08310717350677699,0.04361658353808358,0.16665790775138584,0.0919116101303716,0.17151030261567743
2027,student_t,central,fossil_reduction,0.207,0.08310717350677699,0.1637588633327717,0.06872021554319993,0.08099867520794647,0.17151030261567743
2027,student_t,central,balanced_package,0.2195,0.0264642909787716,0.07427656852428295,0.10150551157110176,0.08099867520794647,0.17151030261567743
2027,student_t,central,delay_case,0.2238,0.10123937905080063,0.1931032524581057,0.2194854791874489,0.1510816715498432,0.17151030261567743
2028,student_t,central,none,0.2172,0.08131000690352784,0.16907688607834145,0.16480835413688488,0.1379694058770605,0.1715567743050592
2028,student_t,central,uptake_push,0.35755,0.011706410313815103,0.16907688607834145,0.11016056652959108,0.1379694058770605,0.1715567743050592
2028,student_t,central,renewable_push,0.1335,0.08131000690352784,0.045172011463965794,0.16480835413688488,0.09151684005386015,0.1715567743050592
2028,student_t,central,fossil_reduction,0.2172,0.08131000690352784,0.16907688607834145,0.06745640396617919,0.08064790330605917,0.1715567743050592
2028,student_t,central,balanced_package,0.22805,0.025596818661350475,0.07697998096144053,0.09996964560687623,0.08064790330605917,0.1715567743050592
2028,student_t,central,delay_case,0.23035,0.09970318306095322,0.19835593425069908,0.2179744207170117,0.15030836057722488,0.1715567743050592
2029,student_t,central,none,0.2085,0.08464960397750156,0.16773014509446638,0.16597197599450314,0.13919444998183508,0.1705900253530605
2029,student_t,central,uptake_push,0.355,0.01262757492428776,0.16773014509446638,0.1111130161504253,0.13919444998183508,0.1705900253530605
2029,student_t,central,renewable_push,0.1282,0.08464960397750156,0.04441378095104153,0.16597197599450314,0.09216422136850182,0.1705900253530605
2029,student_t,central,fossil_reduction,0.2085,0.08464960397750156,0.16773014509446638,0.06828331452685499,0.08118556402031754,0.1705900253530605
2029,student_t,central,balanced_package,0.22475,0.027255275128310597,0.07603563172785163,0.10093660569275655,0.08118556402031754,0.1705900253530605
2029,student_t,central,delay_case,0.2222,0.10281396584188968,0.1971302798698173,0.21906465291626645,0.1517742625029157,0.1705900253530605
2030,student_t,central,none,0.20515,0.08391759453153048,0.16644231783683314,0.1669152337423364,0.14015373398548278,0.17422537598395654
2030,student_t,central,uptake_push,0.35045,0.01245918068509066,0.16644231783683314,0.11182461883974044,0.14015373398548278,0.17422537598395654
2030,student_t,central,renewable_push,0.12695,0.08391759453153048,0.04446366538808744,0.1669152337423364,0.09304383558569054,0.17422537598395654
2030,student_t,central,fossil_reduction,0.20515,0.08391759453153048,0.16644231783683314,0.06881407563796375,0.08200534263059374,0.17422537598395654
2030,student_t,central,balanced_package,0.2202,0.026847474508393105,0.0757148541857368,0.10162970037069674,0.08200534263059374,0.17422537598395654
2030,student_t,central,delay_case,0.2226,0.10221348024737274,0.19588886533771394,0.21997322190167193,0.15258121746914666,0.17422537598395654
2026,student_t,conservative,none,0.0,0.18975400991041189,0.28015541466260274,0.36128553119944684,0.23206975471383015,0.2875555655358444
2026,student_t,conservative,uptake_push,0.66665,0.018341147534146316,0.28015541466260274,0.2642490692088802,0.23206975471383015,0.2875555655358444
2026,student_t,conservative,renewable_push,0.0,0.18975400991041189,0.05975837694718043,0.36128553119944684,0.14494868779082193,0.2875555655358444
2026,student_t,conservative,fossil_reduction,0.0,0.18975400991041189,0.28015541466260274,0.1814661298398972,0.12501150621865248,0.2875555655358444
2026,student_t,conservative,balanced_package,0.27115,0.051398791008001765,0.1136622883846991,0.2448924175291508,0.12501150621865248,0.2875555655358444
2026,student_t,conservative,delay_case,0.0,0.2227356933130368,0.33551475515314,0.4077570728498143,0.25985649109621145,0.2875555655358444
2027,student_t,conservative,none,0.0,0.19009994830408408,0.2787915147572002,0.362522406726383,0.23264615936611804,0.2875850111585424
2027,student_t,conservative,uptake_push,0.66755,0.018579073057114426,0.2787915147572002,0.26524195166158643,0.23264615936611804,0.2875850111585424
2027,student_t,conservative,renewable_push,0.0,0.19009994830408408,0.059608043381802304,0.362522406726383,0.14538115363427193,0.2875850111585424
2027,student_t,conservative,fossil_reduction,0.0,0.19009994830408408,0.2787915147572002,0.18236639958643172,0.12541825448188712,0.2875850111585424
2027,student_t,conservative,balanced_package,0.2686,0.05173890687850236,0.11313523167628202,0.2458849105938659,0.12541825448188712,0.2875850111585424
2027,student_t,conservative,delay_case,0.0,0.22304167225562732,0.3344236352288181,0.4087817761166511,0.260363727190225,0.2875850111585424
2028,student_t,conservative,none,0.0,0.19024790386975018,0.28005077884109625,0.36164624969481224,0.2321428985895538,0.28803934861847347
2028,student_t,conservative,uptake_push,0.6639,0.01867704463154478,0.28005077884109625,0.2645403681539143,0.2321428985895538,0.28803934861847347
2028,student_t,conservative,renewable_push,0.0,0.19024790386975018,0.05979263238521187,0.36164624969481224,0.1450625228156129,0.28803934861847347
2028,student_t,conservative,fossil_reduction,0.0,0.19024790386975018,0.28005077884109625,0.18179212050554197,0.12517250804646415,0.28803934861847347
2028,student_t,conservative,balanced_package,0.26855,0.05196840127848624,0.11379157786481142,0.24519828748630085,0.12517250804646415,0.28803934861847347
2028,student_t,conservative,delay_case,0.0,0.22315543849614322,0.3354310464959349,0.4080457028588173,0.25992085770684825,0.28803934861847347
2029,student_t,conservative,none,0.0,0.19071551899354477,0.2806924955201246,0.36336504816628207,0.23150869800399965,0.287662724041651
2029,student_t,conservative,uptake_push,0.6664,0.018641811798962165,0.2806924955201246,0.265956396508383,0.23150869800399965,0.287662724041651
2029,student_t,conservative,renewable_push,0.0,0.19071551899354477,0.0600665416939075,0.36336504816628207,0.14432322534769879,0.287662724041651
2029,student_t,conservative,fossil_reduction,0.0,0.19071551899354477,0.2806924955201246,0.18293063768054102,0.12447843499034654,0.287662724041651
2029,student_t,conservative,balanced_package,0.2684,0.052194530526074735,0.11428419351664677,0.24655553155454585,0.12447843499034654,0.287662724041651
2029,student_t,conservative,delay_case,0.0,0.2235423063579191,0.3359444198391576,0.40952562254719765,0.2593627611915607,0.287662724041651
2030,student_t,conservative,none,0.0,0.18929072421353108,0.278313682534309,0.3613480153513317,0.23287616838303452,0.2894947820161636
2030,student_t,conservative,uptake_push,0.6641,0.018389674082390582,0.278313682534309,0.26430011641787016,0.23287616838303452,0.2894947820161636
2030,student_t,conservative,renewable_push,0.0,0.18929072421353108,0.059137690517130526,0.3613480153513317,0.1454840496930142,0.2894947820161636
2030,student_t,conservative,fossil_reduction,0.0,0.18929072421353108,0.278313682534309,0.18155324967555278,0.12546786257047993,0.2894947820161636
2030,student_t,conservative,balanced_package,0.2629,0.05129737342610896,0.1125727616151496,0.2449529423761447,0.12546786257047993,0.2894947820161636
2030,student_t,conservative,delay_case,0.0,0.22235260445618404,0.33404136945050494,0.4078042104755272,0.2605661351251117,0.2894947820161636
2026,student_t,stress_tail,none,0.0,0.311502112455877,0.4570287569385562,0.5945745539272917,0.3809843981527939,0.4734822520017355
2026,student_t,stress_tail,uptake_push,0.2376,0.06986408085945754,0.4570287569385562,0.46355563728865706,0.3809843981527939,0.4734822520017355
2026,student_t,stress_tail,renewable_push,0.0,0.311502112455877,0.14200193300041264,0.5945745539272917,0.2709013773224995,0.4734822520017355
2026,student_t,stress_tail,fossil_reduction,0.0,0.311502112455877,0.4570287569385562,0.3493390659133847,0.24338062211492625,0.4734822520017355
2026,student_t,stress_tail,balanced_package,0.0,0.1346193468480933,0.2320095969827395,0.4364583539745919,0.24338062211492625,0.4734822520017355
2026,student_t,stress_tail,delay_case,0.0,0.323336266789224,0.47701342897390275,0.6111054796782008,0.3909013773224995,0.4734822520017355
2027,student_t,stress_tail,none,0.0,0.3114069963113021,0.45685143068742634,0.593910622301832,0.3816872386025056,0.4731343068693427
2027,student_t,stress_tail,uptake_push,0.2359,0.06979557574343481,0.45685143068742634,0.4629715304799825,0.3816872386025056,0.4731343068693427
2027,student_t,stress_tail,renewable_push,0.0,0.3114069963113021,0.1418866709371785,0.593910622301832,0.27151987691824625,0.4731343068693427
2027,student_t,stress_tail,fossil_reduction,0.0,0.3114069963113021,0.45685143068742634,0.3488495119781953,0.24397803649718117,0.4731343068693427
2027,student_t,stress_tail,balanced_package,0.0,0.13454733702528132,0.23187660229439216,0.4359024068768503,0.24397803649718117,0.4731343068693427
2027,student_t,stress_tail,delay_case,0.0,0.3232598375163738,0.476871567972999,0.6105163359991879,0.39151987691824597,0.4731343068693427
2028,student_t,stress_tail,none,0.0,0.3122399367685359,0.45772289944383576,0.5941743789490961,0.380881495902178,0.4739646586062324
2028,student_t,stress_tail,uptake_push,0.23485,0.07042702773496863,0.45772289944383576,0.4631816201378373,0.380881495902178,0.4739646586062324
2028,student_t,stress_tail,renewable_push,0.0,0.3122399367685359,0.14245312562884446,0.5941743789490961,0.27081082334195755,0.4739646586062324
2028,student_t,stress_tail,fossil_reduction,0.0,0.3122399367685359,0.45772289944383576,0.3490302723857138,0.24329315520190284,0.4739646586062324
2028,student_t,stress_tail,balanced_package,0.0,0.13521910414067875,0.23253020386169934,0.43610954294909915,0.24329315520190284,0.4739646586062324
2028,student_t,stress_tail,delay_case,0.0,0.3239497207683968,0.47756874297812646,0.6107366599038009,0.39081082334195766,0.4739646586062324
2029,student_t,stress_tail,none,0.0,0.312029490873443,0.45654717742041884,0.5944679551212424,0.3806367976567669,0.4736359542080298
2029,student_t,stress_tail,uptake_push,0.2344,0.07027397111531301,0.45654717742041884,0.46351351206439384,0.3806367976567669,0.4736359542080298
2029,student_t,stress_tail,renewable_push,0.0,0.312029490873443,0.14168890631362369,0.5944679551212424,0.27059548888599577,0.4736359542080298
2029,student_t,stress_tail,fossil_reduction,0.0,0.312029490873443,0.45654717742041884,0.3492927503720899,0.24308516169330333,0.4736359542080298
2029,student_t,stress_tail,balanced_package,0.0,0.1350424428164232,0.23164841234413647,0.4364013785526887,0.24308516169330333,0.4736359542080298
2029,student_t,stress_tail,delay_case,0.0,0.3237719506008545,0.4766281653593931,0.6110431743159975,0.3905954888859958,0.4736359542080298
2030,student_t,stress_tail,none,0.0,0.31156774424494077,0.45841287121642144,0.5933934195105872,0.38121037196625174,0.4732854650612326
2030,student_t,stress_tail,uptake_push,0.23555,0.06989640734484606,0.45841287121642144,0.46254511042080815,0.38121037196625174,0.4732854650612326
2030,student_t,stress_tail,renewable_push,0.0,0.31156774424494077,0.1429016072810251,0.5933934195105872,0.271100234278343,0.4732854650612326
2030,student_t,stress_tail,fossil_reduction,0.0,0.31156774424494077,0.45841287121642144,0.3484860239178509,0.24357269985636532,0.4732854650612326
2030,student_t,stress_tail,balanced_package,0.0,0.13465435137080545,0.23304768269113837,0.4354871985373843,0.24357269985636532,0.4732854650612326
2030,student_t,stress_tail,delay_case,0.0,0.32338166256093226,0.4781207203961951,0.6100752675201602,0.3911002342783428,0.4732854650612326
