series_id,label,observed_start,observed_end,n_observations,unit,selected_method,uncertainty_method,residual_q10,residual_q90,notes
fleet_total_nsw,NSW total registered vehicles,2010,2025,16,vehicles,arima_drift,rolling one-step residual quantiles with square-root horizon scaling,-31303.95846153861,33626.8583333333,"Selected from marginal benchmark; envelope is marginal only, not a joint simulation."
petrol_share_nsw,NSW petrol share,2010,2025,16,percent,holt_linear,rolling one-step residual quantiles with square-root horizon scaling,-0.15722813794383228,0.30248438652323695,"Selected from marginal benchmark; envelope is marginal only, not a joint simulation."
diesel_share_nsw,NSW diesel share,2010,2025,16,percent,holt_linear,rolling one-step residual quantiles with square-root horizon scaling,-0.047299379935666505,0.23237337180346812,"Selected from marginal benchmark; envelope is marginal only, not a joint simulation."
bev_fcev_share_nsw,NSW BEV/FCEV share,2021,2025,5,percent,bounded_short_series_scenario,bounded scenario increments,,,Scenario-constrained because clean low-emission detail has only five annual observations.
hybrid_share_nsw,NSW hybrid share,2021,2025,5,percent,bounded_short_series_scenario,bounded scenario increments,,,Scenario-constrained because clean low-emission detail has only five annual observations.
renewable_share_nsw,NSW renewable electricity share,2015,2025,11,percent,holt_linear,rolling one-step residual quantiles with square-root horizon scaling,-2.1905344259693793,1.742540534433255,"Selected from marginal benchmark; envelope is marginal only, not a joint simulation."
road_energy_use_national,National road energy use,1974,2024,51,PJ,arima_drift,rolling one-step residual quantiles with square-root horizon scaling,-16.064423151121446,25.435701281155573,"Selected from marginal benchmark; envelope is marginal only, not a joint simulation."
road_direct_emissions_national,National road direct emissions,1989,2024,36,Mt CO2-e,arima_drift,rolling one-step residual quantiles with square-root horizon scaling,-1.6406973087989853,1.4181701532651945,"Selected from marginal benchmark; envelope is marginal only, not a joint simulation."
sydney_passenger_activity,Sydney passenger activity,1976,2024,49,billion passenger-km,arima_drift,rolling one-step residual quantiles with square-root horizon scaling,-0.8597816131790893,1.1681305015833534,"Selected from marginal benchmark; envelope is marginal only, not a joint simulation."
