year,dependence,scenario_family,n_samples,weak_alignment_probability,favorable_alignment_probability,fossil_persistence_probability,emissions_pressure_probability,activity_pressure_probability,bev_fcev_share_nsw_p05,bev_fcev_share_nsw_p50,bev_fcev_share_nsw_p95,hybrid_share_nsw_p05,hybrid_share_nsw_p50,hybrid_share_nsw_p95,renewable_share_nsw_p05,renewable_share_nsw_p50,renewable_share_nsw_p95,fossil_share_nsw_p05,fossil_share_nsw_p50,fossil_share_nsw_p95,road_direct_emissions_national_p05,road_direct_emissions_national_p50,road_direct_emissions_national_p95,alignment_gap_p05,alignment_gap_p50,alignment_gap_p95
2026,independent,conservative,20000,0.0,0.0,1.0,1.0,1.0,1.3630774391202993,1.436564884584159,1.5106676583310379,4.031776572427088,4.111883975138035,4.1942293590964566,42.439667768528764,43.424043799476124,44.405835446411146,93.44015824773668,93.62516825684159,93.80812342455796,87.20272436875109,87.83177695687152,88.47817391633347,40.999757876253305,41.98662480136233,42.96624131200724
2027,independent,conservative,20000,0.0,0.0,1.0,1.0,1.0,1.504622645500911,1.651649975654557,1.798420311362828,4.36581382504045,4.528319716289229,4.690313719847887,45.38219642619693,46.76157396735512,48.166398971514134,92.05150513642803,92.30919624697968,92.56536327060657,88.08913661522168,88.98952830597572,89.89281548392269,43.72956000497057,45.11259869977323,46.51545795709617
2028,independent,conservative,20000,0.0,0.0,1.0,1.0,1.0,1.6451920756797216,1.864596169842302,2.087657363530168,4.699793454801848,4.942304585284397,5.186997070463373,48.534664457314655,50.26455126333052,51.9457721280601,90.6515042885126,90.9688597728769,91.28867528345208,88.96957231125893,90.07827927945982,91.17345674818326,46.66887155345066,48.399942976269166,50.075752539597644
2029,independent,conservative,20000,0.0,0.0,1.0,1.0,1.0,1.7863028932056952,2.0836518512349285,2.3759810024734023,5.032873290053394,5.354380935667296,5.68168782993612,51.78899994588114,53.77779928177607,55.727615945681066,89.24505929881894,89.61433619534614,89.98198809452575,89.83603483458347,91.12064707534275,92.3899866433341,49.69226321788262,51.6904196889475,53.66312957427103
2030,independent,conservative,20000,0.0,0.0,1.0,1.0,1.0,1.9281598551814292,2.2962664865212385,2.6646574043540725,5.366079221090101,5.773209603790704,6.180962180940013,55.090475816799184,57.29082923975797,59.500046211250606,87.84626550036869,88.25378739290119,88.66055936955291,90.7152646521867,92.13821631086483,93.55328627616991,52.77977197431037,54.988700098729794,57.213462673980736
2026,independent,central,20000,0.24705,0.2479,0.64955,0.499,0.49645,1.355153377316647,1.5165396402904978,1.7210082489082872,4.022625431648194,4.2049519381874685,4.563800824857495,42.3246651530764,44.49103720575721,46.25774011347903,93.18072451082267,93.44211173602073,93.79196442980964,85.4916603829237,87.12856763950938,88.55052784498788,40.770489430965014,42.95038553103855,44.77539243509215
2027,independent,central,20000,0.25135,0.249,0.6505,0.4985,0.50775,1.4881073168790562,1.8156512443751864,2.2198170600623364,4.347565796455187,4.710206957798691,5.429916582873788,45.22651573876958,48.33111772254165,50.78872368960101,91.68053781031841,92.05309114828354,92.55241251676384,85.66601660173147,87.97722990454162,89.9919084520844,43.32015200256144,46.45809560069867,49.0467379973492
2028,independent,central,20000,0.24915,0.25175,0.65185,0.50045,0.5043,1.6210612564414653,2.1132073560809066,2.718625871216385,4.672506161262179,5.19911122530653,6.296032340890081,48.3394819650878,52.14495394100618,55.15176762648211,90.20105113760465,90.65555580381988,91.26149357067379,85.998497184764,88.84248096084517,91.29661104267842,46.03893701492863,49.9803851681329,53.176275925157505
2029,independent,central,20000,0.2523,0.25405,0.6462,0.5013,0.501,1.7540151960038743,2.4224066289643735,3.2174346823704347,4.997446526069171,5.704189548883615,7.162148098906374,51.56172968843159,55.93325054972133,59.42787960923685,88.72661419192298,89.2489933580143,89.94766945686068,86.41282896170874,89.70434480493995,92.5305638858371,48.89452933757391,53.41696157528485,57.221626193667966
2030,independent,central,20000,0.25525,0.2476,0.65095,0.49745,0.49965,1.8869691355662837,2.7134231669774174,3.716243493524484,5.322386890876164,6.227947962196819,8.028263856922667,54.8538143106242,59.72896739381686,63.64843728268678,87.2609694407642,87.84709522826473,88.63238580833819,86.87946816219255,90.52584785418007,93.71930374153033,51.77129696442698,56.8916874772095,61.214987386535405
2026,independent,optimistic,20000,0.0,1.0,0.0,0.0,0.0,1.5283799907422748,1.6189015258756407,1.7109589595664574,4.221840568200113,4.383710043982779,4.546318592528105,44.60060210728927,45.38856346041875,46.16513885711027,93.17926138994085,93.25358048316878,93.32885777544708,85.57705420571607,86.3129579144159,87.05039619260889,42.98287563667427,43.76871295946739,44.545513097835745
2027,independent,optimistic,20000,0.0,1.0,0.0,0.0,0.0,1.836428348409421,2.016981322149535,2.1980530756098,4.745410902627166,5.070131453851246,5.393470215241755,48.45166939099999,49.56585837241512,50.671127747670205,91.68036029570416,91.78567523314703,91.89123967546787,85.78444416873018,86.81830328689065,87.86910423366488,46.42041294934029,47.545153495822746,48.65958322657511
2028,independent,optimistic,20000,0.0,1.0,0.0,0.0,0.0,2.1411675775734813,2.414047404976486,2.688383718570734,5.269081530093576,5.757972848351781,6.239111562325277,52.28459181595138,53.625543999924595,55.00376623561733,90.19824189673085,90.3268967452032,90.4573987163363,86.14149436172596,87.41720704096142,88.69651182182177,49.842528655791234,51.21397147453233,52.62175537447172
2029,independent,optimistic,20000,0.0,1.0,0.0,0.0,0.0,2.4483343597504503,2.8074098321199425,3.1749595244795175,5.789413533643694,6.444643885912489,7.0926271332126305,56.119911936940746,57.706466882751116,59.26452815036362,88.72131603675189,88.8729938810932,89.02365294240536,86.58203427578144,88.05847609619875,89.52489551779342,53.26719427496336,54.887802551984635,56.51254073619751
2030,independent,optimistic,20000,0.0,1.0,0.0,0.0,0.0,2.7568325975582026,3.2097205521419836,3.6641390443095587,6.312355279340993,7.132048624746261,7.936703626093446,59.94402081209791,61.683189130285825,63.454670699009725,87.25681448533729,87.42561857057831,87.59097504724524,87.06886379139628,88.72961862033142,90.37150647282404,56.645422717290906,58.46677216774056,60.302427179005136
2026,independent,stress_tail,20000,0.0,0.0,1.0,1.0,1.0,1.355153377316647,1.3796402267202281,1.4316081964639529,4.022625431648194,4.049364776488284,4.10653507144791,42.3246651530764,42.65653913456002,43.3457783530031,93.68305838847736,93.79822335776117,93.89150476715307,87.89275861956177,88.33838852062482,88.55052784498788,40.90763567563303,41.26997234149884,41.96078626759204
2027,independent,stress_tail,20000,0.0,0.0,1.0,1.0,1.0,1.4881073168790562,1.537157157906061,1.6402561804042173,4.347565796455187,4.401785105136131,4.515915451936885,45.22651573876958,45.69535602463912,46.66048002520583,92.39121280645733,92.55453855768093,92.68698283828445,89.06167034854843,89.69565759656624,89.9919084520844,43.61424434998483,44.148827789631284,45.11151099270228
2028,independent,stress_tail,20000,0.0,0.0,1.0,1.0,1.0,1.6210612564414653,1.6923088824397445,1.8481358581219032,4.672506161262179,4.754317700046196,4.924469576551684,48.3394819650878,48.92996878690087,50.107925385435315,91.06826620857687,91.26927728473618,91.43091328845458,90.1506609141601,90.92279608116684,91.29661104267842,46.53315518460675,47.21913399886303,48.39870550321177
2029,independent,stress_tail,20000,0.0,0.0,1.0,1.0,1.0,1.7540151960038743,1.8529503125222337,2.057604141108474,4.997446526069171,5.103584485489981,5.3342490193933365,51.56172968843159,52.22147664471062,53.59340565663008,89.7293664320235,89.95970887504845,90.14816072655573,91.21176273706278,92.09642009232161,92.5305638858371,49.555070793869504,50.35508192471515,51.7338248101487
2030,independent,stress_tail,20000,0.0,0.0,1.0,1.0,1.0,1.8869691355662837,2.0107426561411788,2.266243080835551,5.322386890876164,5.456991309281143,5.741544425473585,54.8538143106242,55.595925810818926,57.135098784402246,88.38314777243204,88.63723628619066,88.84835624950597,92.25221058662892,93.25493565553836,93.71930374153033,52.65112076955301,53.55538904928607,55.10711103956897
2026,gaussian,conservative,20000,0.0,0.0,1.0,1.0,1.0,1.364000812014096,1.4368488690918295,1.5107011537835628,4.031536595695503,4.11329412852996,4.194092187012619,42.43525553901375,43.42448757219428,44.40787647416519,93.4858142258699,93.62314276658913,93.76471030733659,87.20296178091776,87.83935016578297,88.47967935885454,41.01708262650529,41.98796081804874,42.95447857508959
2027,gaussian,conservative,20000,0.0,0.0,1.0,1.0,1.0,1.5043822206586608,1.6534031889991274,1.7985495245703116,4.365322556132135,4.526980832145042,4.690352610009459,45.373230890360105,46.774185843555145,48.16831598940096,92.10979683279712,92.30827949136939,92.50774434724116,88.08722426772312,89.00060362860215,89.89515863504366,43.76531026332624,45.1262373020637,46.47744173603246
2028,gaussian,conservative,20000,0.0,0.0,1.0,1.0,1.0,1.6460221628489629,1.8682219871180963,2.087333025226017,4.700466811295866,4.94009574529059,5.1863106941878785,48.52259877180067,50.24193379519005,51.949264455684904,90.72322369379273,90.96743175346484,91.21158875303696,88.96022104356429,90.06532279744387,91.17597262050482,46.71130419957518,48.37210136496242,50.01960809062291
2029,gaussian,conservative,20000,0.0,0.0,1.0,1.0,1.0,1.7878216860567586,2.0840911881565054,2.3749255670247433,5.033085558252428,5.36027853327753,5.684889533339563,51.78497251924707,53.771536541765826,55.72707969665877,89.33105933721981,89.61215024257194,89.89667207580294,89.8378372194643,91.10945481593494,92.3971327876064,49.78185521796358,51.68781908726375,53.56870112260064
2030,gaussian,conservative,20000,0.0,0.0,1.0,1.0,1.0,1.9267813274092835,2.2958433036919796,2.66609796494959,5.3664961400744415,5.773157242430328,6.181243947733134,55.10503793441043,57.29000226964125,59.512483134115996,87.9313228194966,88.2514965366494,88.56626003016665,90.6998043865055,92.13475934347,93.56138203892547,52.89346139748661,55.005191757094124,57.12078530356147
2026,gaussian,central,20000,0.20955,0.2898,0.718,0.4996,0.5033,1.355153377316647,1.5185552691711397,1.7210082489082872,4.022625431648194,4.206355506254015,4.563800824857495,42.3246651530764,44.53117576034657,46.25774011347903,93.21430048085419,93.44845758326892,93.6967530515485,85.4916603829237,87.1303452423188,88.55052784498788,40.83572140048531,42.99342339453288,44.702969668554076
2027,gaussian,central,20000,0.21015,0.2881,0.7111,0.50105,0.49965,1.4881073168790562,1.8137168051898305,2.2198170600623364,4.347565796455187,4.714161583391274,5.429916582873788,45.22651573876958,48.30347598847982,50.78872368960101,91.72311830439283,92.05818075242671,92.41324400452298,85.66601660173147,87.99002311298139,89.9919084520844,43.43927083440714,46.45470294291952,48.92239060322449
2028,gaussian,central,20000,0.21025,0.2863,0.7143,0.5002,0.5041,1.6210612564414653,2.1085312675121353,2.718625871216385,4.672506161262179,5.211358647541237,6.296032340890081,48.3394819650878,52.12756297181738,55.15176762648211,90.2558127789701,90.66099241222183,91.08780997486252,85.998497184764,88.84240432490395,91.29661104267842,46.25897458426292,49.96054661569542,53.00106688709277
2029,gaussian,central,20000,0.208,0.2848,0.718,0.4995,0.4982,1.7540151960038743,2.3956863950595193,3.2174346823704347,4.997446526069171,5.713527752537544,7.162148098906374,51.56172968843159,55.86359398312702,59.42787960923685,88.79470217960147,89.26441797927225,89.76464323140435,86.41282896170874,89.69072503270247,92.5305638858371,49.172650166577185,53.37856875090553,56.9853502718117
2030,gaussian,central,20000,0.20885,0.29035,0.7175,0.4993,0.5014,1.8869691355662837,2.703795931140741,3.716243493524484,5.322386890876164,6.222502874757986,8.028263856922667,54.8538143106242,59.754761574869455,63.64843728268678,87.33339231808421,87.85483821127309,88.41907029122068,86.87946816219255,90.54298597860351,93.71930374153033,52.16683229315834,56.933314600029895,60.95999290136629
2026,gaussian,optimistic,20000,0.0,1.0,0.0,0.0,0.0,1.5291560925506853,1.619977415993072,1.7113663810258066,4.22214470981258,4.385417487125379,4.545655873361263,44.597640174491325,45.39015127470706,46.17209051651777,93.19104996583971,93.25479733474566,93.31754929570788,85.57241916303288,86.31858364825058,87.05151679901377,43.00326908553142,43.77340808788202,44.52592190489303
2027,gaussian,optimistic,20000,0.0,1.0,0.0,0.0,0.0,1.8347523210954038,2.0174176611659456,2.1991840226879265,4.7459549427355565,5.0730021769340246,5.393935190586244,48.450132255589594,49.55178628782973,50.6658620806698,91.69653717434949,91.78666722272479,91.87549753010566,85.77997857612458,86.82523166381414,87.86857911817836,46.47426020537366,47.5297973875115,48.59767945590258
2028,gaussian,optimistic,20000,0.0,1.0,0.0,0.0,0.0,2.141633031240544,2.4161708674627635,2.6894775727177325,5.269548040213504,5.7549254132667595,6.239528952004279,52.282854340019824,53.627301166292185,54.99688019334039,90.21640366624484,90.32695505151642,90.43707429181401,86.1476800696104,87.41510697414412,88.70210984465845,49.93240804036146,51.21574056943919,52.51342326264319
2029,gaussian,optimistic,20000,0.0,1.0,0.0,0.0,0.0,2.4489111823403578,2.815928299022279,3.178273089377521,5.78966323948334,6.44539207161033,7.092414771734363,56.139185435346164,57.70950894854186,59.250467602156775,88.74667909797456,88.87416743241906,89.00100833474414,86.57908802021677,88.06064273503355,89.52739847169947,53.379269110328835,54.88695636232896,56.37690889228549
2030,gaussian,optimistic,20000,0.0,1.0,0.0,0.0,0.0,2.755575257499193,3.212854245742966,3.666653238009518,6.313854648556256,7.137541028633257,7.93644864482766,59.94058732910684,61.72351946368412,63.45692650119664,87.28189204722293,87.42307173303905,87.56538087428935,87.07283215451335,88.71565328464806,90.36298017018869,56.78407778085853,58.49684900096061,60.18011532369038
2026,gaussian,stress_tail,20000,0.0,0.0,1.0,1.0,1.0,1.355153377316647,1.3792774652125541,1.4311289134206882,4.022625431648194,4.049974853985959,4.106628712860722,42.3246651530764,42.65762989579164,43.34696136920927,93.71199564501492,93.7940316359728,93.88388571076072,87.89173759979293,88.3370452343448,88.55052784498788,40.91814974223958,41.27248779125901,41.94961910687515
2027,gaussian,stress_tail,20000,0.0,0.0,1.0,1.0,1.0,1.4881073168790562,1.537648089585345,1.6398801255903657,4.347565796455187,4.401743384089739,4.515819782385993,45.22651573876958,45.68174991034608,46.67362310081796,92.43444262081016,92.54847410733966,92.67476448514907,89.05828123731355,89.68941219073453,89.9919084520844,43.631839376671735,44.137602972658854,45.09796768895902
2028,gaussian,stress_tail,20000,0.0,0.0,1.0,1.0,1.0,1.6210612564414653,1.6936431292875034,1.8483143597356846,4.672506161262179,4.753791207590888,4.924395425561501,48.3394819650878,48.904661623045214,50.10448648980074,91.12276848412081,91.26155180566752,91.41714209306383,90.15405462018003,90.94294081873915,91.29661104267842,46.56060363483184,47.200530744142114,48.3591448454939
2029,gaussian,stress_tail,20000,0.0,0.0,1.0,1.0,1.0,1.7540151960038743,1.8513927624013453,2.0568853837302594,4.997446526069171,5.105416306613069,5.333467218534816,51.56172968843159,52.1917657268545,53.593948965907565,89.79063422297104,89.95275710209646,90.13467070286607,91.20738202539995,92.10001229804276,92.5305638858371,49.59519623531608,50.3266391546752,51.68290543026009
2030,gaussian,stress_tail,20000,0.0,0.0,1.0,1.0,1.0,1.8869691355662837,2.006532290693586,2.2679475743261723,5.322386890876164,5.455380719619104,5.742111187815514,54.8538143106242,55.57931973074622,57.12964082958158,88.44631622138003,88.63051690828232,88.82984925735416,92.23989376400515,93.25069194766357,93.71930374153033,52.702714708805814,53.54886955083931,55.04790090904922
2026,student_t,conservative,20000,0.0,0.0,1.0,1.0,1.0,1.3632272744383644,1.4362787651149402,1.510577262113465,4.0318282686055245,4.11203793543261,4.194449461365754,42.43074719806598,43.42669905978909,44.403692100805664,93.48223277813258,93.62494656275337,93.76885167251758,87.20151378456015,87.84181718897815,88.4800814048037,41.013049322160064,41.98934942153568,42.9453295585901
2027,student_t,conservative,20000,0.0,0.0,1.0,1.0,1.0,1.503745580071654,1.651958889851017,1.7990696988661847,4.366257951501913,4.52781583792242,4.690167125838998,45.37995700680783,46.75282214461532,48.16882336511048,92.10098739609904,92.30882797590951,92.51160299111335,88.0890771294532,89.00075986172317,89.89123203343918,43.77130873087486,45.10461298088889,46.4732185624848
2028,student_t,conservative,20000,0.0,0.0,1.0,1.0,1.0,1.6467867843516915,1.866358641157678,2.0884255556398332,4.698882583521121,4.941961965957673,5.188582080668911,48.528078901911584,50.235353565285955,51.93419222481138,90.71685705893516,90.96812793406694,91.21649573193154,88.96362289104518,90.06224553192388,91.17562558530588,46.72809855925786,48.365892839060464,50.0015961989803
2029,student_t,conservative,20000,0.0,0.0,1.0,1.0,1.0,1.7867736927325237,2.081625629314389,2.375285076332281,5.034648897196235,5.3613092679254395,5.683999502224401,51.79764791258628,53.73592077575735,55.721072006042945,89.32677123983032,89.61371661393255,89.89991877592597,89.8430127942575,91.12842994970421,92.38699837311817,49.802050942348465,51.65636174419285,53.541592123013416
2030,student_t,conservative,20000,0.0,0.0,1.0,1.0,1.0,1.9280015312731646,2.297197630217846,2.6649194561661984,5.368345722803506,5.77462609728909,6.181570410924266,55.09268095611774,57.32300855984927,59.50491870893875,87.92712585914816,88.25198862655074,88.57047221353932,90.70384500165423,92.10931984974886,93.55955345555853,52.91360339798109,55.01891664639666,57.10832354024306
2026,student_t,central,20000,0.21125,0.29285,0.7215,0.49845,0.50485,1.355153377316647,1.5210547827955136,1.7210082489082872,4.022625431648194,4.203983597307162,4.563800824857495,42.3246651530764,44.53283631182207,46.25774011347903,93.21145534185762,93.44357409736443,93.70794299848446,85.4916603829237,87.12376462725466,88.55052784498788,40.83946456915074,42.99549902302306,44.7040038176669
2027,student_t,central,20000,0.2115,0.29085,0.72,0.50755,0.501,1.4881073168790562,1.8178356601873986,2.2198170600623364,4.347565796455187,4.712309628316515,5.429916582873788,45.22651573876958,48.30482140410113,50.78872368960101,91.7280655795821,92.05341738493168,92.4156820182617,85.66601660173147,88.02380344541481,89.9919084520844,43.432282258444275,46.44100700104629,48.927485419353296
2028,student_t,central,20000,0.2096,0.2858,0.72175,0.50215,0.503,1.6210612564414653,2.106085103783802,2.718625871216385,4.672506161262179,5.211587916687924,6.296032340890081,48.3394819650878,52.12210475532054,55.15176762648211,90.24864259476696,90.6522202673315,91.10894776048902,85.998497184764,88.85666634952915,91.29661104267842,46.23337972293321,49.95021020886868,53.02226084829635
2029,student_t,central,20000,0.2098,0.2931,0.721,0.5037,0.50305,1.7540151960038743,2.413298068973971,3.2174346823704347,4.997446526069171,5.726656159946059,7.162148098906374,51.56172968843159,55.967748315432644,59.42787960923685,88.78756707961514,89.25424394136402,89.76879445060148,86.41282896170874,89.72025929948833,92.5305638858371,49.143492222060246,53.46825021293476,57.00765391498878
2030,student_t,central,20000,0.2137,0.2873,0.72285,0.4994,0.4981,1.8869691355662837,2.7081005421683697,3.716243493524484,5.322386890876164,6.222353650056796,8.028263856922667,54.8538143106242,59.734710888037945,63.64843728268678,87.32707487057598,87.84657474809856,88.4177047596607,86.87946816219255,90.5411474985421,93.71930374153033,52.07734842025165,56.91500102974149,60.93176806455013
2026,student_t,optimistic,20000,0.0,1.0,0.0,0.0,0.0,1.5291774459740777,1.6193166684516407,1.7111559736902768,4.221492880567015,4.382907330532955,4.545570819750213,44.60454127219026,45.3837501304557,46.17045770375138,93.19105832872033,93.25355992411153,93.31747140676306,85.57335156458815,86.31181827643812,87.04962745237675,43.01197186860396,43.766699938284525,44.52126290596501
2027,student_t,optimistic,20000,0.0,1.0,0.0,0.0,0.0,1.8356814612457761,2.015990456507392,2.199037678343507,4.743596533819266,5.072573930473975,5.395933405815352,48.44564580310595,49.56094368182993,50.661713044617535,91.69670936457713,91.78638181913497,91.87494640340606,85.7886537417539,86.82347516440971,87.86897573025296,46.48700409253654,47.5429109313213,48.594052708411525
2028,student_t,optimistic,20000,0.0,1.0,0.0,0.0,0.0,2.1417964298600087,2.4102940463551885,2.6877125145076697,5.271847208345821,5.753996971722243,6.243298554580595,52.28035649507799,53.64169130458015,54.99561341622134,90.21863117190274,90.32740892883555,90.43674276806684,86.14148235272073,87.41411111623894,88.69959436395892,49.93793349123786,51.22772137740942,52.52549558180508
2029,student_t,optimistic,20000,0.0,1.0,0.0,0.0,0.0,2.4481443541229746,2.8106391339729946,3.17663325584045,5.796968012259794,6.438799123720422,7.086020624969842,56.11441094202876,57.67468121668166,59.2540483859033,88.7474511805947,88.87423837557157,88.99919199977671,86.58360393125021,88.0544110842304,89.53922349648707,53.37140039616652,54.86326687592522,56.373980671928415
2030,student_t,optimistic,20000,0.0,1.0,0.0,0.0,0.0,2.755646737527855,3.2101195983820916,3.6624360946826364,6.315115405768666,7.133622383494055,7.935774211354245,59.94351970001993,61.71114354078766,63.45296940276198,87.28216780143701,87.42247927487355,87.56425925956361,87.06090354865457,88.71307581380799,90.36735655461395,56.80414802420916,58.493407040672295,60.180387002901
2026,student_t,stress_tail,20000,0.0,0.0,1.0,1.0,1.0,1.355153377316647,1.3794498255681222,1.4311561404091069,4.022625431648194,4.049307212612408,4.107011712137212,42.3246651530764,42.65624100575842,43.342324291922104,93.71166667486038,93.79421476705097,93.88574746539305,87.89076403100019,88.3379895518445,88.55052784498788,40.91472981743072,41.272748662892205,41.942547707769556
2027,student_t,stress_tail,20000,0.0,0.0,1.0,1.0,1.0,1.4881073168790562,1.535772562284191,1.639944433218082,4.347565796455187,4.40115954585843,4.515422917475154,45.22651573876958,45.69302506754329,46.66690390070915,92.43394660016618,92.54912794423575,92.67800418854462,89.05789802213519,89.6911515334349,89.9919084520844,43.62880749884981,44.15096467802114,45.09737828218055
2028,student_t,stress_tail,20000,0.0,0.0,1.0,1.0,1.0,1.6210612564414653,1.694815607078946,1.8493302980532773,4.672506161262179,4.752350568293439,4.9244050341357015,48.3394819650878,48.90059921514322,50.100949890705245,91.11668772881917,91.26157127859733,91.41857339262398,90.15612644527718,90.92944186351568,91.29661104267842,46.551183559853,47.19948818101609,48.35561733187498
2029,student_t,stress_tail,20000,0.0,0.0,1.0,1.0,1.0,1.7540151960038743,1.851637397563656,2.0575322270028686,4.997446526069171,5.107515809026562,5.333745342457799,51.56172968843159,52.19789190567177,53.59574252664737,89.78405729770772,89.9531913804959,90.13530808823405,91.21426406526348,92.10623402851556,92.5305638858371,49.58472028131096,50.333179847938666,51.669348814937784
2030,student_t,stress_tail,20000,0.0,0.0,1.0,1.0,1.0,1.8869691355662837,2.0079480145054376,2.267335769560193,5.322386890876164,5.4564073684004235,5.743318270903085,54.8538143106242,55.58929556500512,57.12713656751192,88.44609752540295,88.63257970222412,88.83550720480565,92.24402370048422,93.23515163193616,93.71930374153033,52.685817149276424,53.551705294438094,55.0283834720613
