source_workbook,release_year,table,jurisdiction,year,motive_power,vehicles
bitre-road-vehicles-australia--january2024.xlsx,2024,Table 5,NSW,2022,petrol,4350198.0
bitre-road-vehicles-australia--january2024.xlsx,2024,Table 5,NSW,2022,diesel,1561362.0
bitre-road-vehicles-australia--january2024.xlsx,2024,Table 5,NSW,2022,dual_fuel,16495.0
bitre-road-vehicles-australia--january2024.xlsx,2024,Table 5,NSW,2022,hybrid_electric,96324.0
bitre-road-vehicles-australia--january2024.xlsx,2024,Table 5,NSW,2022,battery_fuel_cell_electric,11962.0
bitre-road-vehicles-australia--january2024.xlsx,2024,Table 5,NSW,2022,other_or_not_specified,11947.0
bitre-road-vehicles-australia--january2024.xlsx,2024,Table 5,NSW,2022,total,6048288.0
bitre-road-vehicles-australia--january2024.xlsx,2024,Table 5,NSW,2023,petrol,4342258.0
bitre-road-vehicles-australia--january2024.xlsx,2024,Table 5,NSW,2023,diesel,1636471.0
bitre-road-vehicles-australia--january2024.xlsx,2024,Table 5,NSW,2023,dual_fuel,14795.0
bitre-road-vehicles-australia--january2024.xlsx,2024,Table 5,NSW,2023,hybrid_electric,125605.0
bitre-road-vehicles-australia--january2024.xlsx,2024,Table 5,NSW,2023,battery_fuel_cell_electric,24868.0
bitre-road-vehicles-australia--january2024.xlsx,2024,Table 5,NSW,2023,other_or_not_specified,10786.0
bitre-road-vehicles-australia--january2024.xlsx,2024,Table 5,NSW,2023,total,6154783.0
bitre-road-vehicles-australia--january2024.xlsx,2024,Table 5,NSW,2024,petrol,4345746.0
bitre-road-vehicles-australia--january2024.xlsx,2024,Table 5,NSW,2024,diesel,1711147.0
bitre-road-vehicles-australia--january2024.xlsx,2024,Table 5,NSW,2024,dual_fuel,12857.0
bitre-road-vehicles-australia--january2024.xlsx,2024,Table 5,NSW,2024,hybrid_electric,163801.0
bitre-road-vehicles-australia--january2024.xlsx,2024,Table 5,NSW,2024,battery_fuel_cell_electric,52572.0
bitre-road-vehicles-australia--january2024.xlsx,2024,Table 5,NSW,2024,other_or_not_specified,9574.0
bitre-road-vehicles-australia--january2024.xlsx,2024,Table 5,NSW,2024,total,6295697.0
bitre-road-vehicles-australia--january2024.xlsx,2024,Table 5,VIC,2022,petrol,3759621.0
bitre-road-vehicles-australia--january2024.xlsx,2024,Table 5,VIC,2022,diesel,1326730.0
bitre-road-vehicles-australia--january2024.xlsx,2024,Table 5,VIC,2022,dual_fuel,71158.0
bitre-road-vehicles-australia--january2024.xlsx,2024,Table 5,VIC,2022,hybrid_electric,63945.0
bitre-road-vehicles-australia--january2024.xlsx,2024,Table 5,VIC,2022,battery_fuel_cell_electric,9856.0
bitre-road-vehicles-australia--january2024.xlsx,2024,Table 5,VIC,2022,other_or_not_specified,36824.0
bitre-road-vehicles-australia--january2024.xlsx,2024,Table 5,VIC,2022,total,5268134.0
bitre-road-vehicles-australia--january2024.xlsx,2024,Table 5,VIC,2023,petrol,3785212.0
bitre-road-vehicles-australia--january2024.xlsx,2024,Table 5,VIC,2023,diesel,1394553.0
bitre-road-vehicles-australia--january2024.xlsx,2024,Table 5,VIC,2023,dual_fuel,65246.0
bitre-road-vehicles-australia--january2024.xlsx,2024,Table 5,VIC,2023,hybrid_electric,84140.0
bitre-road-vehicles-australia--january2024.xlsx,2024,Table 5,VIC,2023,battery_fuel_cell_electric,20228.0
bitre-road-vehicles-australia--january2024.xlsx,2024,Table 5,VIC,2023,other_or_not_specified,34798.0
bitre-road-vehicles-australia--january2024.xlsx,2024,Table 5,VIC,2023,total,5384177.0
bitre-road-vehicles-australia--january2024.xlsx,2024,Table 5,VIC,2024,petrol,3807124.0
bitre-road-vehicles-australia--january2024.xlsx,2024,Table 5,VIC,2024,diesel,1457447.0
bitre-road-vehicles-australia--january2024.xlsx,2024,Table 5,VIC,2024,dual_fuel,60957.0
bitre-road-vehicles-australia--january2024.xlsx,2024,Table 5,VIC,2024,hybrid_electric,113783.0
bitre-road-vehicles-australia--january2024.xlsx,2024,Table 5,VIC,2024,battery_fuel_cell_electric,42745.0
bitre-road-vehicles-australia--january2024.xlsx,2024,Table 5,VIC,2024,other_or_not_specified,32664.0
bitre-road-vehicles-australia--january2024.xlsx,2024,Table 5,VIC,2024,total,5514720.0
bitre-road-vehicles-australia--january2024.xlsx,2024,Table 5,QLD,2022,petrol,2978063.0
bitre-road-vehicles-australia--january2024.xlsx,2024,Table 5,QLD,2022,diesel,1399041.0
bitre-road-vehicles-australia--january2024.xlsx,2024,Table 5,QLD,2022,dual_fuel,18140.0
bitre-road-vehicles-australia--january2024.xlsx,2024,Table 5,QLD,2022,hybrid_electric,54296.0
bitre-road-vehicles-australia--january2024.xlsx,2024,Table 5,QLD,2022,battery_fuel_cell_electric,8201.0
bitre-road-vehicles-australia--january2024.xlsx,2024,Table 5,QLD,2022,other_or_not_specified,4286.0
bitre-road-vehicles-australia--january2024.xlsx,2024,Table 5,QLD,2022,total,4462027.0
bitre-road-vehicles-australia--january2024.xlsx,2024,Table 5,QLD,2023,petrol,3007636.0
bitre-road-vehicles-australia--january2024.xlsx,2024,Table 5,QLD,2023,diesel,1479436.0
bitre-road-vehicles-australia--january2024.xlsx,2024,Table 5,QLD,2023,dual_fuel,16421.0
bitre-road-vehicles-australia--january2024.xlsx,2024,Table 5,QLD,2023,hybrid_electric,72752.0
bitre-road-vehicles-australia--january2024.xlsx,2024,Table 5,QLD,2023,battery_fuel_cell_electric,16737.0
bitre-road-vehicles-australia--january2024.xlsx,2024,Table 5,QLD,2023,other_or_not_specified,3965.0
bitre-road-vehicles-australia--january2024.xlsx,2024,Table 5,QLD,2023,total,4596947.0
bitre-road-vehicles-australia--january2024.xlsx,2024,Table 5,QLD,2024,petrol,3036988.0
bitre-road-vehicles-australia--january2024.xlsx,2024,Table 5,QLD,2024,diesel,1564408.0
bitre-road-vehicles-australia--january2024.xlsx,2024,Table 5,QLD,2024,dual_fuel,14802.0
bitre-road-vehicles-australia--january2024.xlsx,2024,Table 5,QLD,2024,hybrid_electric,96412.0
bitre-road-vehicles-australia--january2024.xlsx,2024,Table 5,QLD,2024,battery_fuel_cell_electric,36313.0
bitre-road-vehicles-australia--january2024.xlsx,2024,Table 5,QLD,2024,other_or_not_specified,3646.0
bitre-road-vehicles-australia--january2024.xlsx,2024,Table 5,QLD,2024,total,4752569.0
bitre-road-vehicles-australia--january2024.xlsx,2024,Table 5,SA,2022,petrol,1107020.0
bitre-road-vehicles-australia--january2024.xlsx,2024,Table 5,SA,2022,diesel,380540.0
bitre-road-vehicles-australia--january2024.xlsx,2024,Table 5,SA,2022,dual_fuel,4795.0
bitre-road-vehicles-australia--january2024.xlsx,2024,Table 5,SA,2022,hybrid_electric,20667.0
bitre-road-vehicles-australia--january2024.xlsx,2024,Table 5,SA,2022,battery_fuel_cell_electric,1933.0
bitre-road-vehicles-australia--january2024.xlsx,2024,Table 5,SA,2022,other_or_not_specified,4812.0
bitre-road-vehicles-australia--january2024.xlsx,2024,Table 5,SA,2022,total,1519767.0
bitre-road-vehicles-australia--january2024.xlsx,2024,Table 5,SA,2023,petrol,1112977.0
bitre-road-vehicles-australia--january2024.xlsx,2024,Table 5,SA,2023,diesel,402051.0
bitre-road-vehicles-australia--january2024.xlsx,2024,Table 5,SA,2023,dual_fuel,4567.0
bitre-road-vehicles-australia--january2024.xlsx,2024,Table 5,SA,2023,hybrid_electric,26975.0
bitre-road-vehicles-australia--january2024.xlsx,2024,Table 5,SA,2023,battery_fuel_cell_electric,3875.0
bitre-road-vehicles-australia--january2024.xlsx,2024,Table 5,SA,2023,other_or_not_specified,4512.0
bitre-road-vehicles-australia--january2024.xlsx,2024,Table 5,SA,2023,total,1554957.0
bitre-road-vehicles-australia--january2024.xlsx,2024,Table 5,SA,2024,petrol,1119744.0
bitre-road-vehicles-australia--january2024.xlsx,2024,Table 5,SA,2024,diesel,426241.0
bitre-road-vehicles-australia--january2024.xlsx,2024,Table 5,SA,2024,dual_fuel,4307.0
bitre-road-vehicles-australia--january2024.xlsx,2024,Table 5,SA,2024,hybrid_electric,34704.0
bitre-road-vehicles-australia--january2024.xlsx,2024,Table 5,SA,2024,battery_fuel_cell_electric,8430.0
bitre-road-vehicles-australia--january2024.xlsx,2024,Table 5,SA,2024,other_or_not_specified,4229.0
bitre-road-vehicles-australia--january2024.xlsx,2024,Table 5,SA,2024,total,1597655.0
bitre-road-vehicles-australia--january2024.xlsx,2024,Table 5,WA,2022,petrol,1583862.0
bitre-road-vehicles-australia--january2024.xlsx,2024,Table 5,WA,2022,diesel,729018.0
bitre-road-vehicles-australia--january2024.xlsx,2024,Table 5,WA,2022,dual_fuel,19495.0
bitre-road-vehicles-australia--january2024.xlsx,2024,Table 5,WA,2022,hybrid_electric,27579.0
bitre-road-vehicles-australia--january2024.xlsx,2024,Table 5,WA,2022,battery_fuel_cell_electric,4191.0
bitre-road-vehicles-australia--january2024.xlsx,2024,Table 5,WA,2022,other_or_not_specified,5085.0
bitre-road-vehicles-australia--january2024.xlsx,2024,Table 5,WA,2022,total,2369230.0
bitre-road-vehicles-australia--january2024.xlsx,2024,Table 5,WA,2023,petrol,1595101.0
bitre-road-vehicles-australia--january2024.xlsx,2024,Table 5,WA,2023,diesel,775136.0
bitre-road-vehicles-australia--january2024.xlsx,2024,Table 5,WA,2023,dual_fuel,17613.0
bitre-road-vehicles-australia--january2024.xlsx,2024,Table 5,WA,2023,hybrid_electric,36343.0
bitre-road-vehicles-australia--january2024.xlsx,2024,Table 5,WA,2023,battery_fuel_cell_electric,8330.0
bitre-road-vehicles-australia--january2024.xlsx,2024,Table 5,WA,2023,other_or_not_specified,4720.0
bitre-road-vehicles-australia--january2024.xlsx,2024,Table 5,WA,2023,total,2437243.0
bitre-road-vehicles-australia--january2024.xlsx,2024,Table 5,WA,2024,petrol,1618740.0
bitre-road-vehicles-australia--january2024.xlsx,2024,Table 5,WA,2024,diesel,822722.0
bitre-road-vehicles-australia--january2024.xlsx,2024,Table 5,WA,2024,dual_fuel,15952.0
bitre-road-vehicles-australia--january2024.xlsx,2024,Table 5,WA,2024,hybrid_electric,49650.0
bitre-road-vehicles-australia--january2024.xlsx,2024,Table 5,WA,2024,battery_fuel_cell_electric,17269.0
bitre-road-vehicles-australia--january2024.xlsx,2024,Table 5,WA,2024,other_or_not_specified,4322.0
bitre-road-vehicles-australia--january2024.xlsx,2024,Table 5,WA,2024,total,2528655.0
bitre-road-vehicles-australia--january2024.xlsx,2024,Table 5,TAS,2022,petrol,355140.0
bitre-road-vehicles-australia--january2024.xlsx,2024,Table 5,TAS,2022,diesel,157518.0
bitre-road-vehicles-australia--january2024.xlsx,2024,Table 5,TAS,2022,dual_fuel,181.0
bitre-road-vehicles-australia--january2024.xlsx,2024,Table 5,TAS,2022,hybrid_electric,4460.0
bitre-road-vehicles-australia--january2024.xlsx,2024,Table 5,TAS,2022,battery_fuel_cell_electric,862.0
bitre-road-vehicles-australia--january2024.xlsx,2024,Table 5,TAS,2022,other_or_not_specified,2272.0
bitre-road-vehicles-australia--january2024.xlsx,2024,Table 5,TAS,2022,total,520433.0
bitre-road-vehicles-australia--january2024.xlsx,2024,Table 5,TAS,2023,petrol,356591.0
bitre-road-vehicles-australia--january2024.xlsx,2024,Table 5,TAS,2023,diesel,165779.0
bitre-road-vehicles-australia--january2024.xlsx,2024,Table 5,TAS,2023,dual_fuel,187.0
bitre-road-vehicles-australia--january2024.xlsx,2024,Table 5,TAS,2023,hybrid_electric,5884.0
bitre-road-vehicles-australia--january2024.xlsx,2024,Table 5,TAS,2023,battery_fuel_cell_electric,1620.0
bitre-road-vehicles-australia--january2024.xlsx,2024,Table 5,TAS,2023,other_or_not_specified,2096.0
bitre-road-vehicles-australia--january2024.xlsx,2024,Table 5,TAS,2023,total,532157.0
bitre-road-vehicles-australia--january2024.xlsx,2024,Table 5,TAS,2024,petrol,355326.0
bitre-road-vehicles-australia--january2024.xlsx,2024,Table 5,TAS,2024,diesel,172868.0
bitre-road-vehicles-australia--january2024.xlsx,2024,Table 5,TAS,2024,dual_fuel,179.0
bitre-road-vehicles-australia--january2024.xlsx,2024,Table 5,TAS,2024,hybrid_electric,7557.0
bitre-road-vehicles-australia--january2024.xlsx,2024,Table 5,TAS,2024,battery_fuel_cell_electric,3288.0
bitre-road-vehicles-australia--january2024.xlsx,2024,Table 5,TAS,2024,other_or_not_specified,1922.0
bitre-road-vehicles-australia--january2024.xlsx,2024,Table 5,TAS,2024,total,541140.0
bitre-road-vehicles-australia--january2024.xlsx,2024,Table 5,NT,2022,petrol,91968.0
bitre-road-vehicles-australia--january2024.xlsx,2024,Table 5,NT,2022,diesel,69936.0
bitre-road-vehicles-australia--january2024.xlsx,2024,Table 5,NT,2022,dual_fuel,365.0
bitre-road-vehicles-australia--january2024.xlsx,2024,Table 5,NT,2022,hybrid_electric,2091.0
bitre-road-vehicles-australia--january2024.xlsx,2024,Table 5,NT,2022,battery_fuel_cell_electric,139.0
bitre-road-vehicles-australia--january2024.xlsx,2024,Table 5,NT,2022,other_or_not_specified,41.0
bitre-road-vehicles-australia--january2024.xlsx,2024,Table 5,NT,2022,total,164540.0
bitre-road-vehicles-australia--january2024.xlsx,2024,Table 5,NT,2023,petrol,90557.0
bitre-road-vehicles-australia--january2024.xlsx,2024,Table 5,NT,2023,diesel,72020.0
bitre-road-vehicles-australia--january2024.xlsx,2024,Table 5,NT,2023,dual_fuel,320.0
bitre-road-vehicles-australia--january2024.xlsx,2024,Table 5,NT,2023,hybrid_electric,2895.0
bitre-road-vehicles-australia--january2024.xlsx,2024,Table 5,NT,2023,battery_fuel_cell_electric,227.0
bitre-road-vehicles-australia--january2024.xlsx,2024,Table 5,NT,2023,other_or_not_specified,40.0
bitre-road-vehicles-australia--january2024.xlsx,2024,Table 5,NT,2023,total,166059.0
bitre-road-vehicles-australia--january2024.xlsx,2024,Table 5,NT,2024,petrol,89160.0
bitre-road-vehicles-australia--january2024.xlsx,2024,Table 5,NT,2024,diesel,74948.0
bitre-road-vehicles-australia--january2024.xlsx,2024,Table 5,NT,2024,dual_fuel,288.0
bitre-road-vehicles-australia--january2024.xlsx,2024,Table 5,NT,2024,hybrid_electric,3700.0
bitre-road-vehicles-australia--january2024.xlsx,2024,Table 5,NT,2024,battery_fuel_cell_electric,542.0
bitre-road-vehicles-australia--january2024.xlsx,2024,Table 5,NT,2024,other_or_not_specified,38.0
bitre-road-vehicles-australia--january2024.xlsx,2024,Table 5,NT,2024,total,168676.0
bitre-road-vehicles-australia--january2024.xlsx,2024,Table 5,ACT,2022,petrol,248722.0
bitre-road-vehicles-australia--january2024.xlsx,2024,Table 5,ACT,2022,diesel,64591.0
bitre-road-vehicles-australia--january2024.xlsx,2024,Table 5,ACT,2022,dual_fuel,926.0
bitre-road-vehicles-australia--january2024.xlsx,2024,Table 5,ACT,2022,hybrid_electric,7623.0
bitre-road-vehicles-australia--january2024.xlsx,2024,Table 5,ACT,2022,battery_fuel_cell_electric,1610.0
bitre-road-vehicles-australia--january2024.xlsx,2024,Table 5,ACT,2022,other_or_not_specified,705.0
bitre-road-vehicles-australia--january2024.xlsx,2024,Table 5,ACT,2022,total,324177.0
bitre-road-vehicles-australia--january2024.xlsx,2024,Table 5,ACT,2023,petrol,250358.0
bitre-road-vehicles-australia--january2024.xlsx,2024,Table 5,ACT,2023,diesel,67018.0
bitre-road-vehicles-australia--january2024.xlsx,2024,Table 5,ACT,2023,dual_fuel,813.0
bitre-road-vehicles-australia--january2024.xlsx,2024,Table 5,ACT,2023,hybrid_electric,9378.0
bitre-road-vehicles-australia--january2024.xlsx,2024,Table 5,ACT,2023,battery_fuel_cell_electric,3203.0
bitre-road-vehicles-australia--january2024.xlsx,2024,Table 5,ACT,2023,other_or_not_specified,643.0
bitre-road-vehicles-australia--january2024.xlsx,2024,Table 5,ACT,2023,total,331413.0
bitre-road-vehicles-australia--january2024.xlsx,2024,Table 5,ACT,2024,petrol,249597.0
bitre-road-vehicles-australia--january2024.xlsx,2024,Table 5,ACT,2024,diesel,68537.0
bitre-road-vehicles-australia--january2024.xlsx,2024,Table 5,ACT,2024,dual_fuel,663.0
bitre-road-vehicles-australia--january2024.xlsx,2024,Table 5,ACT,2024,hybrid_electric,11781.0
bitre-road-vehicles-australia--january2024.xlsx,2024,Table 5,ACT,2024,battery_fuel_cell_electric,6686.0
bitre-road-vehicles-australia--january2024.xlsx,2024,Table 5,ACT,2024,other_or_not_specified,590.0
bitre-road-vehicles-australia--january2024.xlsx,2024,Table 5,ACT,2024,total,337854.0
bitre-road-vehicles-australia--january2024.xlsx,2024,Table 5,AUS,2022,petrol,14474594.0
bitre-road-vehicles-australia--january2024.xlsx,2024,Table 5,AUS,2022,diesel,5688736.0
bitre-road-vehicles-australia--january2024.xlsx,2024,Table 5,AUS,2022,dual_fuel,131555.0
bitre-road-vehicles-australia--january2024.xlsx,2024,Table 5,AUS,2022,hybrid_electric,276985.0
bitre-road-vehicles-australia--january2024.xlsx,2024,Table 5,AUS,2022,battery_fuel_cell_electric,38754.0
bitre-road-vehicles-australia--january2024.xlsx,2024,Table 5,AUS,2022,other_or_not_specified,65972.0
bitre-road-vehicles-australia--january2024.xlsx,2024,Table 5,AUS,2022,total,20676596.0
bitre-road-vehicles-australia--january2024.xlsx,2024,Table 5,AUS,2023,petrol,14540690.0
bitre-road-vehicles-australia--january2024.xlsx,2024,Table 5,AUS,2023,diesel,5992464.0
bitre-road-vehicles-australia--january2024.xlsx,2024,Table 5,AUS,2023,dual_fuel,119962.0
bitre-road-vehicles-australia--january2024.xlsx,2024,Table 5,AUS,2023,hybrid_electric,363972.0
bitre-road-vehicles-australia--january2024.xlsx,2024,Table 5,AUS,2023,battery_fuel_cell_electric,79088.0
bitre-road-vehicles-australia--january2024.xlsx,2024,Table 5,AUS,2023,other_or_not_specified,61560.0
bitre-road-vehicles-australia--january2024.xlsx,2024,Table 5,AUS,2023,total,21157736.0
bitre-road-vehicles-australia--january2024.xlsx,2024,Table 5,AUS,2024,petrol,14622425.0
bitre-road-vehicles-australia--january2024.xlsx,2024,Table 5,AUS,2024,diesel,6298318.0
bitre-road-vehicles-australia--january2024.xlsx,2024,Table 5,AUS,2024,dual_fuel,110005.0
bitre-road-vehicles-australia--january2024.xlsx,2024,Table 5,AUS,2024,hybrid_electric,481388.0
bitre-road-vehicles-australia--january2024.xlsx,2024,Table 5,AUS,2024,battery_fuel_cell_electric,167845.0
bitre-road-vehicles-australia--january2024.xlsx,2024,Table 5,AUS,2024,other_or_not_specified,56985.0
bitre-road-vehicles-australia--january2024.xlsx,2024,Table 5,AUS,2024,total,21736966.0
BITRE-Road-Vehicles-Australia-January-2022-Re-Issue.xlsx,2022,Table 5,NSW,2021,petrol,4355954.0
BITRE-Road-Vehicles-Australia-January-2022-Re-Issue.xlsx,2022,Table 5,NSW,2021,diesel,1487903.0
BITRE-Road-Vehicles-Australia-January-2022-Re-Issue.xlsx,2022,Table 5,NSW,2021,dual_fuel,18607.0
BITRE-Road-Vehicles-Australia-January-2022-Re-Issue.xlsx,2022,Table 5,NSW,2021,total,5954397.0
BITRE-Road-Vehicles-Australia-January-2022-Re-Issue.xlsx,2022,Table 5,NSW,2022,petrol,4350198.0
BITRE-Road-Vehicles-Australia-January-2022-Re-Issue.xlsx,2022,Table 5,NSW,2022,diesel,1561362.0
BITRE-Road-Vehicles-Australia-January-2022-Re-Issue.xlsx,2022,Table 5,NSW,2022,dual_fuel,16495.0
BITRE-Road-Vehicles-Australia-January-2022-Re-Issue.xlsx,2022,Table 5,NSW,2022,total,6048288.0
BITRE-Road-Vehicles-Australia-January-2022-Re-Issue.xlsx,2022,Table 5,VIC,2021,petrol,3745074.0
BITRE-Road-Vehicles-Australia-January-2022-Re-Issue.xlsx,2022,Table 5,VIC,2021,diesel,1259813.0
BITRE-Road-Vehicles-Australia-January-2022-Re-Issue.xlsx,2022,Table 5,VIC,2021,dual_fuel,78415.0
BITRE-Road-Vehicles-Australia-January-2022-Re-Issue.xlsx,2022,Table 5,VIC,2021,total,5174984.0
BITRE-Road-Vehicles-Australia-January-2022-Re-Issue.xlsx,2022,Table 5,VIC,2022,petrol,3759621.0
BITRE-Road-Vehicles-Australia-January-2022-Re-Issue.xlsx,2022,Table 5,VIC,2022,diesel,1326730.0
BITRE-Road-Vehicles-Australia-January-2022-Re-Issue.xlsx,2022,Table 5,VIC,2022,dual_fuel,71158.0
BITRE-Road-Vehicles-Australia-January-2022-Re-Issue.xlsx,2022,Table 5,VIC,2022,total,5268134.0
BITRE-Road-Vehicles-Australia-January-2022-Re-Issue.xlsx,2022,Table 5,QLD,2021,petrol,2950977.0
BITRE-Road-Vehicles-Australia-January-2022-Re-Issue.xlsx,2022,Table 5,QLD,2021,diesel,1324714.0
BITRE-Road-Vehicles-Australia-January-2022-Re-Issue.xlsx,2022,Table 5,QLD,2021,dual_fuel,20084.0
BITRE-Road-Vehicles-Australia-January-2022-Re-Issue.xlsx,2022,Table 5,QLD,2021,total,4343283.0
BITRE-Road-Vehicles-Australia-January-2022-Re-Issue.xlsx,2022,Table 5,QLD,2022,petrol,2978063.0
BITRE-Road-Vehicles-Australia-January-2022-Re-Issue.xlsx,2022,Table 5,QLD,2022,diesel,1399041.0
BITRE-Road-Vehicles-Australia-January-2022-Re-Issue.xlsx,2022,Table 5,QLD,2022,dual_fuel,18140.0
BITRE-Road-Vehicles-Australia-January-2022-Re-Issue.xlsx,2022,Table 5,QLD,2022,total,4462027.0
BITRE-Road-Vehicles-Australia-January-2022-Re-Issue.xlsx,2022,Table 5,SA,2021,petrol,1101547.0
BITRE-Road-Vehicles-Australia-January-2022-Re-Issue.xlsx,2022,Table 5,SA,2021,diesel,357521.0
BITRE-Road-Vehicles-Australia-January-2022-Re-Issue.xlsx,2022,Table 5,SA,2021,dual_fuel,5133.0
BITRE-Road-Vehicles-Australia-January-2022-Re-Issue.xlsx,2022,Table 5,SA,2021,total,1485351.0
BITRE-Road-Vehicles-Australia-January-2022-Re-Issue.xlsx,2022,Table 5,SA,2022,petrol,1107020.0
BITRE-Road-Vehicles-Australia-January-2022-Re-Issue.xlsx,2022,Table 5,SA,2022,diesel,380540.0
BITRE-Road-Vehicles-Australia-January-2022-Re-Issue.xlsx,2022,Table 5,SA,2022,dual_fuel,4795.0
BITRE-Road-Vehicles-Australia-January-2022-Re-Issue.xlsx,2022,Table 5,SA,2022,total,1519767.0
BITRE-Road-Vehicles-Australia-January-2022-Re-Issue.xlsx,2022,Table 5,WA,2021,petrol,1575344.0
BITRE-Road-Vehicles-Australia-January-2022-Re-Issue.xlsx,2022,Table 5,WA,2021,diesel,687614.0
BITRE-Road-Vehicles-Australia-January-2022-Re-Issue.xlsx,2022,Table 5,WA,2021,dual_fuel,21820.0
BITRE-Road-Vehicles-Australia-January-2022-Re-Issue.xlsx,2022,Table 5,WA,2021,total,2312265.0
BITRE-Road-Vehicles-Australia-January-2022-Re-Issue.xlsx,2022,Table 5,WA,2022,petrol,1583862.0
BITRE-Road-Vehicles-Australia-January-2022-Re-Issue.xlsx,2022,Table 5,WA,2022,diesel,729018.0
BITRE-Road-Vehicles-Australia-January-2022-Re-Issue.xlsx,2022,Table 5,WA,2022,dual_fuel,19495.0
BITRE-Road-Vehicles-Australia-January-2022-Re-Issue.xlsx,2022,Table 5,WA,2022,total,2369230.0
BITRE-Road-Vehicles-Australia-January-2022-Re-Issue.xlsx,2022,Table 5,TAS,2021,petrol,351183.0
BITRE-Road-Vehicles-Australia-January-2022-Re-Issue.xlsx,2022,Table 5,TAS,2021,diesel,148134.0
BITRE-Road-Vehicles-Australia-January-2022-Re-Issue.xlsx,2022,Table 5,TAS,2021,dual_fuel,169.0
BITRE-Road-Vehicles-Australia-January-2022-Re-Issue.xlsx,2022,Table 5,TAS,2021,total,505582.0
BITRE-Road-Vehicles-Australia-January-2022-Re-Issue.xlsx,2022,Table 5,TAS,2022,petrol,355140.0
BITRE-Road-Vehicles-Australia-January-2022-Re-Issue.xlsx,2022,Table 5,TAS,2022,diesel,157518.0
BITRE-Road-Vehicles-Australia-January-2022-Re-Issue.xlsx,2022,Table 5,TAS,2022,dual_fuel,181.0
BITRE-Road-Vehicles-Australia-January-2022-Re-Issue.xlsx,2022,Table 5,TAS,2022,total,520433.0
BITRE-Road-Vehicles-Australia-January-2022-Re-Issue.xlsx,2022,Table 5,NT,2021,petrol,93901.0
BITRE-Road-Vehicles-Australia-January-2022-Re-Issue.xlsx,2022,Table 5,NT,2021,diesel,67765.0
BITRE-Road-Vehicles-Australia-January-2022-Re-Issue.xlsx,2022,Table 5,NT,2021,dual_fuel,404.0
BITRE-Road-Vehicles-Australia-January-2022-Re-Issue.xlsx,2022,Table 5,NT,2021,total,163527.0
BITRE-Road-Vehicles-Australia-January-2022-Re-Issue.xlsx,2022,Table 5,NT,2022,petrol,91968.0
BITRE-Road-Vehicles-Australia-January-2022-Re-Issue.xlsx,2022,Table 5,NT,2022,diesel,69936.0
BITRE-Road-Vehicles-Australia-January-2022-Re-Issue.xlsx,2022,Table 5,NT,2022,dual_fuel,365.0
BITRE-Road-Vehicles-Australia-January-2022-Re-Issue.xlsx,2022,Table 5,NT,2022,total,164540.0
BITRE-Road-Vehicles-Australia-January-2022-Re-Issue.xlsx,2022,Table 5,ACT,2021,petrol,247374.0
BITRE-Road-Vehicles-Australia-January-2022-Re-Issue.xlsx,2022,Table 5,ACT,2021,diesel,62389.0
BITRE-Road-Vehicles-Australia-January-2022-Re-Issue.xlsx,2022,Table 5,ACT,2021,dual_fuel,1084.0
BITRE-Road-Vehicles-Australia-January-2022-Re-Issue.xlsx,2022,Table 5,ACT,2021,total,318350.0
BITRE-Road-Vehicles-Australia-January-2022-Re-Issue.xlsx,2022,Table 5,ACT,2022,petrol,248722.0
BITRE-Road-Vehicles-Australia-January-2022-Re-Issue.xlsx,2022,Table 5,ACT,2022,diesel,64591.0
BITRE-Road-Vehicles-Australia-January-2022-Re-Issue.xlsx,2022,Table 5,ACT,2022,dual_fuel,926.0
BITRE-Road-Vehicles-Australia-January-2022-Re-Issue.xlsx,2022,Table 5,ACT,2022,total,324177.0
BITRE-Road-Vehicles-Australia-January-2022-Re-Issue.xlsx,2022,Table 5,AUS,2021,petrol,14421354.0
BITRE-Road-Vehicles-Australia-January-2022-Re-Issue.xlsx,2022,Table 5,AUS,2021,diesel,5395853.0
BITRE-Road-Vehicles-Australia-January-2022-Re-Issue.xlsx,2022,Table 5,AUS,2021,dual_fuel,145716.0
BITRE-Road-Vehicles-Australia-January-2022-Re-Issue.xlsx,2022,Table 5,AUS,2021,total,20257739.0
BITRE-Road-Vehicles-Australia-January-2022-Re-Issue.xlsx,2022,Table 5,AUS,2022,petrol,14474594.0
BITRE-Road-Vehicles-Australia-January-2022-Re-Issue.xlsx,2022,Table 5,AUS,2022,diesel,5688736.0
BITRE-Road-Vehicles-Australia-January-2022-Re-Issue.xlsx,2022,Table 5,AUS,2022,dual_fuel,131555.0
BITRE-Road-Vehicles-Australia-January-2022-Re-Issue.xlsx,2022,Table 5,AUS,2022,total,20676596.0
BITRE-Road-Vehicles-Australia-January-2023-Re-Issue.xlsx,2023,Table 5,NSW,2021,petrol,4355954.0
BITRE-Road-Vehicles-Australia-January-2023-Re-Issue.xlsx,2023,Table 5,NSW,2021,diesel,1487903.0
BITRE-Road-Vehicles-Australia-January-2023-Re-Issue.xlsx,2023,Table 5,NSW,2021,dual_fuel,18607.0
BITRE-Road-Vehicles-Australia-January-2023-Re-Issue.xlsx,2023,Table 5,NSW,2021,hybrid_electric,72370.0
BITRE-Road-Vehicles-Australia-January-2023-Re-Issue.xlsx,2023,Table 5,NSW,2021,battery_fuel_cell_electric,6160.0
BITRE-Road-Vehicles-Australia-January-2023-Re-Issue.xlsx,2023,Table 5,NSW,2021,other,13403.0
BITRE-Road-Vehicles-Australia-January-2023-Re-Issue.xlsx,2023,Table 5,NSW,2021,total,5954397.0
BITRE-Road-Vehicles-Australia-January-2023-Re-Issue.xlsx,2023,Table 5,NSW,2022,petrol,4350198.0
BITRE-Road-Vehicles-Australia-January-2023-Re-Issue.xlsx,2023,Table 5,NSW,2022,diesel,1561362.0
BITRE-Road-Vehicles-Australia-January-2023-Re-Issue.xlsx,2023,Table 5,NSW,2022,dual_fuel,16495.0
BITRE-Road-Vehicles-Australia-January-2023-Re-Issue.xlsx,2023,Table 5,NSW,2022,hybrid_electric,96324.0
BITRE-Road-Vehicles-Australia-January-2023-Re-Issue.xlsx,2023,Table 5,NSW,2022,battery_fuel_cell_electric,11962.0
BITRE-Road-Vehicles-Australia-January-2023-Re-Issue.xlsx,2023,Table 5,NSW,2022,other,11947.0
BITRE-Road-Vehicles-Australia-January-2023-Re-Issue.xlsx,2023,Table 5,NSW,2022,total,6048288.0
BITRE-Road-Vehicles-Australia-January-2023-Re-Issue.xlsx,2023,Table 5,NSW,2023,petrol,4342258.0
BITRE-Road-Vehicles-Australia-January-2023-Re-Issue.xlsx,2023,Table 5,NSW,2023,diesel,1636471.0
BITRE-Road-Vehicles-Australia-January-2023-Re-Issue.xlsx,2023,Table 5,NSW,2023,dual_fuel,14795.0
BITRE-Road-Vehicles-Australia-January-2023-Re-Issue.xlsx,2023,Table 5,NSW,2023,hybrid_electric,125605.0
BITRE-Road-Vehicles-Australia-January-2023-Re-Issue.xlsx,2023,Table 5,NSW,2023,battery_fuel_cell_electric,24868.0
BITRE-Road-Vehicles-Australia-January-2023-Re-Issue.xlsx,2023,Table 5,NSW,2023,other,10786.0
BITRE-Road-Vehicles-Australia-January-2023-Re-Issue.xlsx,2023,Table 5,NSW,2023,total,6154783.0
BITRE-Road-Vehicles-Australia-January-2023-Re-Issue.xlsx,2023,Table 5,VIC,2021,petrol,3745074.0
BITRE-Road-Vehicles-Australia-January-2023-Re-Issue.xlsx,2023,Table 5,VIC,2021,diesel,1259813.0
BITRE-Road-Vehicles-Australia-January-2023-Re-Issue.xlsx,2023,Table 5,VIC,2021,dual_fuel,78415.0
BITRE-Road-Vehicles-Australia-January-2023-Re-Issue.xlsx,2023,Table 5,VIC,2021,hybrid_electric,47886.0
BITRE-Road-Vehicles-Australia-January-2023-Re-Issue.xlsx,2023,Table 5,VIC,2021,battery_fuel_cell_electric,4936.0
BITRE-Road-Vehicles-Australia-January-2023-Re-Issue.xlsx,2023,Table 5,VIC,2021,other,38860.0
BITRE-Road-Vehicles-Australia-January-2023-Re-Issue.xlsx,2023,Table 5,VIC,2021,total,5174984.0
BITRE-Road-Vehicles-Australia-January-2023-Re-Issue.xlsx,2023,Table 5,VIC,2022,petrol,3759621.0
BITRE-Road-Vehicles-Australia-January-2023-Re-Issue.xlsx,2023,Table 5,VIC,2022,diesel,1326730.0
BITRE-Road-Vehicles-Australia-January-2023-Re-Issue.xlsx,2023,Table 5,VIC,2022,dual_fuel,71158.0
BITRE-Road-Vehicles-Australia-January-2023-Re-Issue.xlsx,2023,Table 5,VIC,2022,hybrid_electric,63945.0
BITRE-Road-Vehicles-Australia-January-2023-Re-Issue.xlsx,2023,Table 5,VIC,2022,battery_fuel_cell_electric,9856.0
BITRE-Road-Vehicles-Australia-January-2023-Re-Issue.xlsx,2023,Table 5,VIC,2022,other,36824.0
BITRE-Road-Vehicles-Australia-January-2023-Re-Issue.xlsx,2023,Table 5,VIC,2022,total,5268134.0
BITRE-Road-Vehicles-Australia-January-2023-Re-Issue.xlsx,2023,Table 5,VIC,2023,petrol,3785212.0
BITRE-Road-Vehicles-Australia-January-2023-Re-Issue.xlsx,2023,Table 5,VIC,2023,diesel,1394553.0
BITRE-Road-Vehicles-Australia-January-2023-Re-Issue.xlsx,2023,Table 5,VIC,2023,dual_fuel,65246.0
BITRE-Road-Vehicles-Australia-January-2023-Re-Issue.xlsx,2023,Table 5,VIC,2023,hybrid_electric,84140.0
BITRE-Road-Vehicles-Australia-January-2023-Re-Issue.xlsx,2023,Table 5,VIC,2023,battery_fuel_cell_electric,20228.0
BITRE-Road-Vehicles-Australia-January-2023-Re-Issue.xlsx,2023,Table 5,VIC,2023,other,34798.0
BITRE-Road-Vehicles-Australia-January-2023-Re-Issue.xlsx,2023,Table 5,VIC,2023,total,5384177.0
BITRE-Road-Vehicles-Australia-January-2023-Re-Issue.xlsx,2023,Table 5,QLD,2021,petrol,2950977.0
BITRE-Road-Vehicles-Australia-January-2023-Re-Issue.xlsx,2023,Table 5,QLD,2021,diesel,1324714.0
BITRE-Road-Vehicles-Australia-January-2023-Re-Issue.xlsx,2023,Table 5,QLD,2021,dual_fuel,20084.0
BITRE-Road-Vehicles-Australia-January-2023-Re-Issue.xlsx,2023,Table 5,QLD,2021,hybrid_electric,39274.0
BITRE-Road-Vehicles-Australia-January-2023-Re-Issue.xlsx,2023,Table 5,QLD,2021,battery_fuel_cell_electric,3671.0
BITRE-Road-Vehicles-Australia-January-2023-Re-Issue.xlsx,2023,Table 5,QLD,2021,other,4563.0
BITRE-Road-Vehicles-Australia-January-2023-Re-Issue.xlsx,2023,Table 5,QLD,2021,total,4343283.0
BITRE-Road-Vehicles-Australia-January-2023-Re-Issue.xlsx,2023,Table 5,QLD,2022,petrol,2978063.0
BITRE-Road-Vehicles-Australia-January-2023-Re-Issue.xlsx,2023,Table 5,QLD,2022,diesel,1399041.0
BITRE-Road-Vehicles-Australia-January-2023-Re-Issue.xlsx,2023,Table 5,QLD,2022,dual_fuel,18140.0
BITRE-Road-Vehicles-Australia-January-2023-Re-Issue.xlsx,2023,Table 5,QLD,2022,hybrid_electric,54296.0
BITRE-Road-Vehicles-Australia-January-2023-Re-Issue.xlsx,2023,Table 5,QLD,2022,battery_fuel_cell_electric,8201.0
BITRE-Road-Vehicles-Australia-January-2023-Re-Issue.xlsx,2023,Table 5,QLD,2022,other,4286.0
BITRE-Road-Vehicles-Australia-January-2023-Re-Issue.xlsx,2023,Table 5,QLD,2022,total,4462027.0
BITRE-Road-Vehicles-Australia-January-2023-Re-Issue.xlsx,2023,Table 5,QLD,2023,petrol,3007636.0
BITRE-Road-Vehicles-Australia-January-2023-Re-Issue.xlsx,2023,Table 5,QLD,2023,diesel,1479436.0
BITRE-Road-Vehicles-Australia-January-2023-Re-Issue.xlsx,2023,Table 5,QLD,2023,dual_fuel,16421.0
BITRE-Road-Vehicles-Australia-January-2023-Re-Issue.xlsx,2023,Table 5,QLD,2023,hybrid_electric,72752.0
BITRE-Road-Vehicles-Australia-January-2023-Re-Issue.xlsx,2023,Table 5,QLD,2023,battery_fuel_cell_electric,16737.0
BITRE-Road-Vehicles-Australia-January-2023-Re-Issue.xlsx,2023,Table 5,QLD,2023,other,3965.0
BITRE-Road-Vehicles-Australia-January-2023-Re-Issue.xlsx,2023,Table 5,QLD,2023,total,4596947.0
BITRE-Road-Vehicles-Australia-January-2023-Re-Issue.xlsx,2023,Table 5,SA,2021,petrol,1101547.0
BITRE-Road-Vehicles-Australia-January-2023-Re-Issue.xlsx,2023,Table 5,SA,2021,diesel,357521.0
BITRE-Road-Vehicles-Australia-January-2023-Re-Issue.xlsx,2023,Table 5,SA,2021,dual_fuel,5133.0
BITRE-Road-Vehicles-Australia-January-2023-Re-Issue.xlsx,2023,Table 5,SA,2021,hybrid_electric,15002.0
BITRE-Road-Vehicles-Australia-January-2023-Re-Issue.xlsx,2023,Table 5,SA,2021,battery_fuel_cell_electric,988.0
BITRE-Road-Vehicles-Australia-January-2023-Re-Issue.xlsx,2023,Table 5,SA,2021,other,5160.0
BITRE-Road-Vehicles-Australia-January-2023-Re-Issue.xlsx,2023,Table 5,SA,2021,total,1485351.0
BITRE-Road-Vehicles-Australia-January-2023-Re-Issue.xlsx,2023,Table 5,SA,2022,petrol,1107020.0
BITRE-Road-Vehicles-Australia-January-2023-Re-Issue.xlsx,2023,Table 5,SA,2022,diesel,380540.0
BITRE-Road-Vehicles-Australia-January-2023-Re-Issue.xlsx,2023,Table 5,SA,2022,dual_fuel,4795.0
BITRE-Road-Vehicles-Australia-January-2023-Re-Issue.xlsx,2023,Table 5,SA,2022,hybrid_electric,20667.0
BITRE-Road-Vehicles-Australia-January-2023-Re-Issue.xlsx,2023,Table 5,SA,2022,battery_fuel_cell_electric,1933.0
BITRE-Road-Vehicles-Australia-January-2023-Re-Issue.xlsx,2023,Table 5,SA,2022,other,4812.0
BITRE-Road-Vehicles-Australia-January-2023-Re-Issue.xlsx,2023,Table 5,SA,2022,total,1519767.0
BITRE-Road-Vehicles-Australia-January-2023-Re-Issue.xlsx,2023,Table 5,SA,2023,petrol,1112977.0
BITRE-Road-Vehicles-Australia-January-2023-Re-Issue.xlsx,2023,Table 5,SA,2023,diesel,402051.0
BITRE-Road-Vehicles-Australia-January-2023-Re-Issue.xlsx,2023,Table 5,SA,2023,dual_fuel,4567.0
BITRE-Road-Vehicles-Australia-January-2023-Re-Issue.xlsx,2023,Table 5,SA,2023,hybrid_electric,26975.0
BITRE-Road-Vehicles-Australia-January-2023-Re-Issue.xlsx,2023,Table 5,SA,2023,battery_fuel_cell_electric,3875.0
BITRE-Road-Vehicles-Australia-January-2023-Re-Issue.xlsx,2023,Table 5,SA,2023,other,4512.0
BITRE-Road-Vehicles-Australia-January-2023-Re-Issue.xlsx,2023,Table 5,SA,2023,total,1554957.0
BITRE-Road-Vehicles-Australia-January-2023-Re-Issue.xlsx,2023,Table 5,WA,2021,petrol,1575344.0
BITRE-Road-Vehicles-Australia-January-2023-Re-Issue.xlsx,2023,Table 5,WA,2021,diesel,687614.0
BITRE-Road-Vehicles-Australia-January-2023-Re-Issue.xlsx,2023,Table 5,WA,2021,dual_fuel,21820.0
BITRE-Road-Vehicles-Australia-January-2023-Re-Issue.xlsx,2023,Table 5,WA,2021,hybrid_electric,19894.0
BITRE-Road-Vehicles-Australia-January-2023-Re-Issue.xlsx,2023,Table 5,WA,2021,battery_fuel_cell_electric,2112.0
BITRE-Road-Vehicles-Australia-January-2023-Re-Issue.xlsx,2023,Table 5,WA,2021,other,5481.0
BITRE-Road-Vehicles-Australia-January-2023-Re-Issue.xlsx,2023,Table 5,WA,2021,total,2312265.0
BITRE-Road-Vehicles-Australia-January-2023-Re-Issue.xlsx,2023,Table 5,WA,2022,petrol,1583862.0
BITRE-Road-Vehicles-Australia-January-2023-Re-Issue.xlsx,2023,Table 5,WA,2022,diesel,729018.0
BITRE-Road-Vehicles-Australia-January-2023-Re-Issue.xlsx,2023,Table 5,WA,2022,dual_fuel,19495.0
BITRE-Road-Vehicles-Australia-January-2023-Re-Issue.xlsx,2023,Table 5,WA,2022,hybrid_electric,27579.0
BITRE-Road-Vehicles-Australia-January-2023-Re-Issue.xlsx,2023,Table 5,WA,2022,battery_fuel_cell_electric,4191.0
BITRE-Road-Vehicles-Australia-January-2023-Re-Issue.xlsx,2023,Table 5,WA,2022,other,5085.0
BITRE-Road-Vehicles-Australia-January-2023-Re-Issue.xlsx,2023,Table 5,WA,2022,total,2369230.0
BITRE-Road-Vehicles-Australia-January-2023-Re-Issue.xlsx,2023,Table 5,WA,2023,petrol,1595101.0
BITRE-Road-Vehicles-Australia-January-2023-Re-Issue.xlsx,2023,Table 5,WA,2023,diesel,775136.0
BITRE-Road-Vehicles-Australia-January-2023-Re-Issue.xlsx,2023,Table 5,WA,2023,dual_fuel,17613.0
BITRE-Road-Vehicles-Australia-January-2023-Re-Issue.xlsx,2023,Table 5,WA,2023,hybrid_electric,36343.0
BITRE-Road-Vehicles-Australia-January-2023-Re-Issue.xlsx,2023,Table 5,WA,2023,battery_fuel_cell_electric,8330.0
BITRE-Road-Vehicles-Australia-January-2023-Re-Issue.xlsx,2023,Table 5,WA,2023,other,4720.0
BITRE-Road-Vehicles-Australia-January-2023-Re-Issue.xlsx,2023,Table 5,WA,2023,total,2437243.0
BITRE-Road-Vehicles-Australia-January-2023-Re-Issue.xlsx,2023,Table 5,TAS,2021,petrol,351183.0
BITRE-Road-Vehicles-Australia-January-2023-Re-Issue.xlsx,2023,Table 5,TAS,2021,diesel,148134.0
BITRE-Road-Vehicles-Australia-January-2023-Re-Issue.xlsx,2023,Table 5,TAS,2021,dual_fuel,169.0
BITRE-Road-Vehicles-Australia-January-2023-Re-Issue.xlsx,2023,Table 5,TAS,2021,hybrid_electric,3149.0
BITRE-Road-Vehicles-Australia-January-2023-Re-Issue.xlsx,2023,Table 5,TAS,2021,battery_fuel_cell_electric,474.0
BITRE-Road-Vehicles-Australia-January-2023-Re-Issue.xlsx,2023,Table 5,TAS,2021,other,2473.0
BITRE-Road-Vehicles-Australia-January-2023-Re-Issue.xlsx,2023,Table 5,TAS,2021,total,505582.0
BITRE-Road-Vehicles-Australia-January-2023-Re-Issue.xlsx,2023,Table 5,TAS,2022,petrol,355140.0
BITRE-Road-Vehicles-Australia-January-2023-Re-Issue.xlsx,2023,Table 5,TAS,2022,diesel,157518.0
BITRE-Road-Vehicles-Australia-January-2023-Re-Issue.xlsx,2023,Table 5,TAS,2022,dual_fuel,181.0
BITRE-Road-Vehicles-Australia-January-2023-Re-Issue.xlsx,2023,Table 5,TAS,2022,hybrid_electric,4460.0
BITRE-Road-Vehicles-Australia-January-2023-Re-Issue.xlsx,2023,Table 5,TAS,2022,battery_fuel_cell_electric,862.0
BITRE-Road-Vehicles-Australia-January-2023-Re-Issue.xlsx,2023,Table 5,TAS,2022,other,2272.0
BITRE-Road-Vehicles-Australia-January-2023-Re-Issue.xlsx,2023,Table 5,TAS,2022,total,520433.0
BITRE-Road-Vehicles-Australia-January-2023-Re-Issue.xlsx,2023,Table 5,TAS,2023,petrol,356591.0
BITRE-Road-Vehicles-Australia-January-2023-Re-Issue.xlsx,2023,Table 5,TAS,2023,diesel,165779.0
BITRE-Road-Vehicles-Australia-January-2023-Re-Issue.xlsx,2023,Table 5,TAS,2023,dual_fuel,187.0
BITRE-Road-Vehicles-Australia-January-2023-Re-Issue.xlsx,2023,Table 5,TAS,2023,hybrid_electric,5884.0
BITRE-Road-Vehicles-Australia-January-2023-Re-Issue.xlsx,2023,Table 5,TAS,2023,battery_fuel_cell_electric,1620.0
BITRE-Road-Vehicles-Australia-January-2023-Re-Issue.xlsx,2023,Table 5,TAS,2023,other,2096.0
BITRE-Road-Vehicles-Australia-January-2023-Re-Issue.xlsx,2023,Table 5,TAS,2023,total,532157.0
BITRE-Road-Vehicles-Australia-January-2023-Re-Issue.xlsx,2023,Table 5,NT,2021,petrol,93901.0
BITRE-Road-Vehicles-Australia-January-2023-Re-Issue.xlsx,2023,Table 5,NT,2021,diesel,67765.0
BITRE-Road-Vehicles-Australia-January-2023-Re-Issue.xlsx,2023,Table 5,NT,2021,dual_fuel,404.0
BITRE-Road-Vehicles-Australia-January-2023-Re-Issue.xlsx,2023,Table 5,NT,2021,hybrid_electric,1326.0
BITRE-Road-Vehicles-Australia-January-2023-Re-Issue.xlsx,2023,Table 5,NT,2021,battery_fuel_cell_electric,85.0
BITRE-Road-Vehicles-Australia-January-2023-Re-Issue.xlsx,2023,Table 5,NT,2021,other,46.0
BITRE-Road-Vehicles-Australia-January-2023-Re-Issue.xlsx,2023,Table 5,NT,2021,total,163527.0
BITRE-Road-Vehicles-Australia-January-2023-Re-Issue.xlsx,2023,Table 5,NT,2022,petrol,91968.0
BITRE-Road-Vehicles-Australia-January-2023-Re-Issue.xlsx,2023,Table 5,NT,2022,diesel,69936.0
BITRE-Road-Vehicles-Australia-January-2023-Re-Issue.xlsx,2023,Table 5,NT,2022,dual_fuel,365.0
BITRE-Road-Vehicles-Australia-January-2023-Re-Issue.xlsx,2023,Table 5,NT,2022,hybrid_electric,2091.0
BITRE-Road-Vehicles-Australia-January-2023-Re-Issue.xlsx,2023,Table 5,NT,2022,battery_fuel_cell_electric,139.0
BITRE-Road-Vehicles-Australia-January-2023-Re-Issue.xlsx,2023,Table 5,NT,2022,other,41.0
BITRE-Road-Vehicles-Australia-January-2023-Re-Issue.xlsx,2023,Table 5,NT,2022,total,164540.0
BITRE-Road-Vehicles-Australia-January-2023-Re-Issue.xlsx,2023,Table 5,NT,2023,petrol,90557.0
BITRE-Road-Vehicles-Australia-January-2023-Re-Issue.xlsx,2023,Table 5,NT,2023,diesel,72020.0
BITRE-Road-Vehicles-Australia-January-2023-Re-Issue.xlsx,2023,Table 5,NT,2023,dual_fuel,320.0
BITRE-Road-Vehicles-Australia-January-2023-Re-Issue.xlsx,2023,Table 5,NT,2023,hybrid_electric,2895.0
BITRE-Road-Vehicles-Australia-January-2023-Re-Issue.xlsx,2023,Table 5,NT,2023,battery_fuel_cell_electric,227.0
BITRE-Road-Vehicles-Australia-January-2023-Re-Issue.xlsx,2023,Table 5,NT,2023,other,40.0
BITRE-Road-Vehicles-Australia-January-2023-Re-Issue.xlsx,2023,Table 5,NT,2023,total,166059.0
BITRE-Road-Vehicles-Australia-January-2023-Re-Issue.xlsx,2023,Table 5,ACT,2021,petrol,247374.0
BITRE-Road-Vehicles-Australia-January-2023-Re-Issue.xlsx,2023,Table 5,ACT,2021,diesel,62389.0
BITRE-Road-Vehicles-Australia-January-2023-Re-Issue.xlsx,2023,Table 5,ACT,2021,dual_fuel,1084.0
BITRE-Road-Vehicles-Australia-January-2023-Re-Issue.xlsx,2023,Table 5,ACT,2021,hybrid_electric,5913.0
BITRE-Road-Vehicles-Australia-January-2023-Re-Issue.xlsx,2023,Table 5,ACT,2021,battery_fuel_cell_electric,815.0
BITRE-Road-Vehicles-Australia-January-2023-Re-Issue.xlsx,2023,Table 5,ACT,2021,other,775.0
BITRE-Road-Vehicles-Australia-January-2023-Re-Issue.xlsx,2023,Table 5,ACT,2021,total,318350.0
BITRE-Road-Vehicles-Australia-January-2023-Re-Issue.xlsx,2023,Table 5,ACT,2022,petrol,248722.0
BITRE-Road-Vehicles-Australia-January-2023-Re-Issue.xlsx,2023,Table 5,ACT,2022,diesel,64591.0
BITRE-Road-Vehicles-Australia-January-2023-Re-Issue.xlsx,2023,Table 5,ACT,2022,dual_fuel,926.0
BITRE-Road-Vehicles-Australia-January-2023-Re-Issue.xlsx,2023,Table 5,ACT,2022,hybrid_electric,7623.0
BITRE-Road-Vehicles-Australia-January-2023-Re-Issue.xlsx,2023,Table 5,ACT,2022,battery_fuel_cell_electric,1610.0
BITRE-Road-Vehicles-Australia-January-2023-Re-Issue.xlsx,2023,Table 5,ACT,2022,other,705.0
BITRE-Road-Vehicles-Australia-January-2023-Re-Issue.xlsx,2023,Table 5,ACT,2022,total,324177.0
BITRE-Road-Vehicles-Australia-January-2023-Re-Issue.xlsx,2023,Table 5,ACT,2023,petrol,250358.0
BITRE-Road-Vehicles-Australia-January-2023-Re-Issue.xlsx,2023,Table 5,ACT,2023,diesel,67018.0
BITRE-Road-Vehicles-Australia-January-2023-Re-Issue.xlsx,2023,Table 5,ACT,2023,dual_fuel,813.0
BITRE-Road-Vehicles-Australia-January-2023-Re-Issue.xlsx,2023,Table 5,ACT,2023,hybrid_electric,9378.0
BITRE-Road-Vehicles-Australia-January-2023-Re-Issue.xlsx,2023,Table 5,ACT,2023,battery_fuel_cell_electric,3203.0
BITRE-Road-Vehicles-Australia-January-2023-Re-Issue.xlsx,2023,Table 5,ACT,2023,other,643.0
BITRE-Road-Vehicles-Australia-January-2023-Re-Issue.xlsx,2023,Table 5,ACT,2023,total,331413.0
BITRE-Road-Vehicles-Australia-January-2023-Re-Issue.xlsx,2023,Table 5,AUS,2021,petrol,14421354.0
BITRE-Road-Vehicles-Australia-January-2023-Re-Issue.xlsx,2023,Table 5,AUS,2021,diesel,5395853.0
BITRE-Road-Vehicles-Australia-January-2023-Re-Issue.xlsx,2023,Table 5,AUS,2021,dual_fuel,145716.0
BITRE-Road-Vehicles-Australia-January-2023-Re-Issue.xlsx,2023,Table 5,AUS,2021,hybrid_electric,204814.0
BITRE-Road-Vehicles-Australia-January-2023-Re-Issue.xlsx,2023,Table 5,AUS,2021,battery_fuel_cell_electric,19241.0
BITRE-Road-Vehicles-Australia-January-2023-Re-Issue.xlsx,2023,Table 5,AUS,2021,other,70761.0
BITRE-Road-Vehicles-Australia-January-2023-Re-Issue.xlsx,2023,Table 5,AUS,2021,total,20257739.0
BITRE-Road-Vehicles-Australia-January-2023-Re-Issue.xlsx,2023,Table 5,AUS,2022,petrol,14474594.0
BITRE-Road-Vehicles-Australia-January-2023-Re-Issue.xlsx,2023,Table 5,AUS,2022,diesel,5688736.0
BITRE-Road-Vehicles-Australia-January-2023-Re-Issue.xlsx,2023,Table 5,AUS,2022,dual_fuel,131555.0
BITRE-Road-Vehicles-Australia-January-2023-Re-Issue.xlsx,2023,Table 5,AUS,2022,hybrid_electric,276985.0
BITRE-Road-Vehicles-Australia-January-2023-Re-Issue.xlsx,2023,Table 5,AUS,2022,battery_fuel_cell_electric,38754.0
BITRE-Road-Vehicles-Australia-January-2023-Re-Issue.xlsx,2023,Table 5,AUS,2022,other,65972.0
BITRE-Road-Vehicles-Australia-January-2023-Re-Issue.xlsx,2023,Table 5,AUS,2022,total,20676596.0
BITRE-Road-Vehicles-Australia-January-2023-Re-Issue.xlsx,2023,Table 5,AUS,2023,petrol,14540690.0
BITRE-Road-Vehicles-Australia-January-2023-Re-Issue.xlsx,2023,Table 5,AUS,2023,diesel,5992464.0
BITRE-Road-Vehicles-Australia-January-2023-Re-Issue.xlsx,2023,Table 5,AUS,2023,dual_fuel,119962.0
BITRE-Road-Vehicles-Australia-January-2023-Re-Issue.xlsx,2023,Table 5,AUS,2023,hybrid_electric,363972.0
BITRE-Road-Vehicles-Australia-January-2023-Re-Issue.xlsx,2023,Table 5,AUS,2023,battery_fuel_cell_electric,79088.0
BITRE-Road-Vehicles-Australia-January-2023-Re-Issue.xlsx,2023,Table 5,AUS,2023,other,61560.0
BITRE-Road-Vehicles-Australia-January-2023-Re-Issue.xlsx,2023,Table 5,AUS,2023,total,21157736.0
BITRE-Road-Vehicles-Australia-January-2025.xlsx,2025,Table 5,NSW,2023,petrol,4342263.0
BITRE-Road-Vehicles-Australia-January-2025.xlsx,2025,Table 5,NSW,2023,diesel,1637342.0
BITRE-Road-Vehicles-Australia-January-2025.xlsx,2025,Table 5,NSW,2023,dual_fuel,14719.0
BITRE-Road-Vehicles-Australia-January-2025.xlsx,2025,Table 5,NSW,2023,hybrid_electric,125856.0
BITRE-Road-Vehicles-Australia-January-2025.xlsx,2025,Table 5,NSW,2023,battery_fuel_cell_electric,24789.0
BITRE-Road-Vehicles-Australia-January-2025.xlsx,2025,Table 5,NSW,2023,other,10778.0
BITRE-Road-Vehicles-Australia-January-2025.xlsx,2025,Table 5,NSW,2023,total,6155747.0
BITRE-Road-Vehicles-Australia-January-2025.xlsx,2025,Table 5,NSW,2024,petrol,4348041.0
BITRE-Road-Vehicles-Australia-January-2025.xlsx,2025,Table 5,NSW,2024,diesel,1709896.0
BITRE-Road-Vehicles-Australia-January-2025.xlsx,2025,Table 5,NSW,2024,dual_fuel,12723.0
BITRE-Road-Vehicles-Australia-January-2025.xlsx,2025,Table 5,NSW,2024,hybrid_electric,163948.0
BITRE-Road-Vehicles-Australia-January-2025.xlsx,2025,Table 5,NSW,2024,battery_fuel_cell_electric,52505.0
BITRE-Road-Vehicles-Australia-January-2025.xlsx,2025,Table 5,NSW,2024,other,9533.0
BITRE-Road-Vehicles-Australia-January-2025.xlsx,2025,Table 5,NSW,2024,total,6296646.0
BITRE-Road-Vehicles-Australia-January-2025.xlsx,2025,Table 5,NSW,2025,petrol,4310835.0
BITRE-Road-Vehicles-Australia-January-2025.xlsx,2025,Table 5,NSW,2025,diesel,1762690.0
BITRE-Road-Vehicles-Australia-January-2025.xlsx,2025,Table 5,NSW,2025,dual_fuel,10904.0
BITRE-Road-Vehicles-Australia-January-2025.xlsx,2025,Table 5,NSW,2025,hybrid_electric,236943.0
BITRE-Road-Vehicles-Australia-January-2025.xlsx,2025,Table 5,NSW,2025,battery_fuel_cell_electric,78317.0
BITRE-Road-Vehicles-Australia-January-2025.xlsx,2025,Table 5,NSW,2025,other,8185.0
BITRE-Road-Vehicles-Australia-January-2025.xlsx,2025,Table 5,NSW,2025,total,6407874.0
BITRE-Road-Vehicles-Australia-January-2025.xlsx,2025,Table 5,VIC,2023,petrol,3789728.0
BITRE-Road-Vehicles-Australia-January-2025.xlsx,2025,Table 5,VIC,2023,diesel,1393070.0
BITRE-Road-Vehicles-Australia-January-2025.xlsx,2025,Table 5,VIC,2023,dual_fuel,62922.0
BITRE-Road-Vehicles-Australia-January-2025.xlsx,2025,Table 5,VIC,2023,hybrid_electric,86734.0
BITRE-Road-Vehicles-Australia-January-2025.xlsx,2025,Table 5,VIC,2023,battery_fuel_cell_electric,20125.0
BITRE-Road-Vehicles-Australia-January-2025.xlsx,2025,Table 5,VIC,2023,other,34742.0
BITRE-Road-Vehicles-Australia-January-2025.xlsx,2025,Table 5,VIC,2023,total,5387321.0
BITRE-Road-Vehicles-Australia-January-2025.xlsx,2025,Table 5,VIC,2024,petrol,3813178.0
BITRE-Road-Vehicles-Australia-January-2025.xlsx,2025,Table 5,VIC,2024,diesel,1454324.0
BITRE-Road-Vehicles-Australia-January-2025.xlsx,2025,Table 5,VIC,2024,dual_fuel,56845.0
BITRE-Road-Vehicles-Australia-January-2025.xlsx,2025,Table 5,VIC,2024,hybrid_electric,117843.0
BITRE-Road-Vehicles-Australia-January-2025.xlsx,2025,Table 5,VIC,2024,battery_fuel_cell_electric,42859.0
BITRE-Road-Vehicles-Australia-January-2025.xlsx,2025,Table 5,VIC,2024,other,32579.0
BITRE-Road-Vehicles-Australia-January-2025.xlsx,2025,Table 5,VIC,2024,total,5517628.0
BITRE-Road-Vehicles-Australia-January-2025.xlsx,2025,Table 5,VIC,2025,petrol,3843145.0
BITRE-Road-Vehicles-Australia-January-2025.xlsx,2025,Table 5,VIC,2025,diesel,1516619.0
BITRE-Road-Vehicles-Australia-January-2025.xlsx,2025,Table 5,VIC,2025,dual_fuel,52665.0
BITRE-Road-Vehicles-Australia-January-2025.xlsx,2025,Table 5,VIC,2025,hybrid_electric,175034.0
BITRE-Road-Vehicles-Australia-January-2025.xlsx,2025,Table 5,VIC,2025,battery_fuel_cell_electric,68370.0
BITRE-Road-Vehicles-Australia-January-2025.xlsx,2025,Table 5,VIC,2025,other,30338.0
BITRE-Road-Vehicles-Australia-January-2025.xlsx,2025,Table 5,VIC,2025,total,5686171.0
BITRE-Road-Vehicles-Australia-January-2025.xlsx,2025,Table 5,QLD,2023,petrol,3008713.0
BITRE-Road-Vehicles-Australia-January-2025.xlsx,2025,Table 5,QLD,2023,diesel,1480352.0
BITRE-Road-Vehicles-Australia-January-2025.xlsx,2025,Table 5,QLD,2023,dual_fuel,16420.0
BITRE-Road-Vehicles-Australia-January-2025.xlsx,2025,Table 5,QLD,2023,hybrid_electric,72461.0
BITRE-Road-Vehicles-Australia-January-2025.xlsx,2025,Table 5,QLD,2023,battery_fuel_cell_electric,16715.0
BITRE-Road-Vehicles-Australia-January-2025.xlsx,2025,Table 5,QLD,2023,other,3965.0
BITRE-Road-Vehicles-Australia-January-2025.xlsx,2025,Table 5,QLD,2023,total,4598626.0
BITRE-Road-Vehicles-Australia-January-2025.xlsx,2025,Table 5,QLD,2024,petrol,3039720.0
BITRE-Road-Vehicles-Australia-January-2025.xlsx,2025,Table 5,QLD,2024,diesel,1563982.0
BITRE-Road-Vehicles-Australia-January-2025.xlsx,2025,Table 5,QLD,2024,dual_fuel,14800.0
BITRE-Road-Vehicles-Australia-January-2025.xlsx,2025,Table 5,QLD,2024,hybrid_electric,95896.0
BITRE-Road-Vehicles-Australia-January-2025.xlsx,2025,Table 5,QLD,2024,battery_fuel_cell_electric,36280.0
BITRE-Road-Vehicles-Australia-January-2025.xlsx,2025,Table 5,QLD,2024,other,3646.0
BITRE-Road-Vehicles-Australia-January-2025.xlsx,2025,Table 5,QLD,2024,total,4754324.0
BITRE-Road-Vehicles-Australia-January-2025.xlsx,2025,Table 5,QLD,2025,petrol,3042238.0
BITRE-Road-Vehicles-Australia-January-2025.xlsx,2025,Table 5,QLD,2025,diesel,1638716.0
BITRE-Road-Vehicles-Australia-January-2025.xlsx,2025,Table 5,QLD,2025,dual_fuel,13227.0
BITRE-Road-Vehicles-Australia-January-2025.xlsx,2025,Table 5,QLD,2025,hybrid_electric,139333.0
BITRE-Road-Vehicles-Australia-January-2025.xlsx,2025,Table 5,QLD,2025,battery_fuel_cell_electric,55661.0
BITRE-Road-Vehicles-Australia-January-2025.xlsx,2025,Table 5,QLD,2025,other,3289.0
BITRE-Road-Vehicles-Australia-January-2025.xlsx,2025,Table 5,QLD,2025,total,4892464.0
BITRE-Road-Vehicles-Australia-January-2025.xlsx,2025,Table 5,SA,2023,petrol,1109815.0
BITRE-Road-Vehicles-Australia-January-2025.xlsx,2025,Table 5,SA,2023,diesel,402606.0
BITRE-Road-Vehicles-Australia-January-2025.xlsx,2025,Table 5,SA,2023,dual_fuel,4563.0
BITRE-Road-Vehicles-Australia-January-2025.xlsx,2025,Table 5,SA,2023,hybrid_electric,27013.0
BITRE-Road-Vehicles-Australia-January-2025.xlsx,2025,Table 5,SA,2023,battery_fuel_cell_electric,3880.0
BITRE-Road-Vehicles-Australia-January-2025.xlsx,2025,Table 5,SA,2023,other,4479.0
BITRE-Road-Vehicles-Australia-January-2025.xlsx,2025,Table 5,SA,2023,total,1552356.0
BITRE-Road-Vehicles-Australia-January-2025.xlsx,2025,Table 5,SA,2024,petrol,1116749.0
BITRE-Road-Vehicles-Australia-January-2025.xlsx,2025,Table 5,SA,2024,diesel,426326.0
BITRE-Road-Vehicles-Australia-January-2025.xlsx,2025,Table 5,SA,2024,dual_fuel,4298.0
BITRE-Road-Vehicles-Australia-January-2025.xlsx,2025,Table 5,SA,2024,hybrid_electric,34682.0
BITRE-Road-Vehicles-Australia-January-2025.xlsx,2025,Table 5,SA,2024,battery_fuel_cell_electric,8595.0
BITRE-Road-Vehicles-Australia-January-2025.xlsx,2025,Table 5,SA,2024,other,4197.0
BITRE-Road-Vehicles-Australia-January-2025.xlsx,2025,Table 5,SA,2024,total,1594847.0
BITRE-Road-Vehicles-Australia-January-2025.xlsx,2025,Table 5,SA,2025,petrol,1116077.0
BITRE-Road-Vehicles-Australia-January-2025.xlsx,2025,Table 5,SA,2025,diesel,445950.0
BITRE-Road-Vehicles-Australia-January-2025.xlsx,2025,Table 5,SA,2025,dual_fuel,3971.0
BITRE-Road-Vehicles-Australia-January-2025.xlsx,2025,Table 5,SA,2025,hybrid_electric,48818.0
BITRE-Road-Vehicles-Australia-January-2025.xlsx,2025,Table 5,SA,2025,battery_fuel_cell_electric,13854.0
BITRE-Road-Vehicles-Australia-January-2025.xlsx,2025,Table 5,SA,2025,other,3826.0
BITRE-Road-Vehicles-Australia-January-2025.xlsx,2025,Table 5,SA,2025,total,1632496.0
BITRE-Road-Vehicles-Australia-January-2025.xlsx,2025,Table 5,WA,2023,petrol,1595348.0
BITRE-Road-Vehicles-Australia-January-2025.xlsx,2025,Table 5,WA,2023,diesel,775168.0
BITRE-Road-Vehicles-Australia-January-2025.xlsx,2025,Table 5,WA,2023,dual_fuel,17609.0
BITRE-Road-Vehicles-Australia-January-2025.xlsx,2025,Table 5,WA,2023,hybrid_electric,36289.0
BITRE-Road-Vehicles-Australia-January-2025.xlsx,2025,Table 5,WA,2023,battery_fuel_cell_electric,8316.0
BITRE-Road-Vehicles-Australia-January-2025.xlsx,2025,Table 5,WA,2023,other,4670.0
BITRE-Road-Vehicles-Australia-January-2025.xlsx,2025,Table 5,WA,2023,total,2437400.0
BITRE-Road-Vehicles-Australia-January-2025.xlsx,2025,Table 5,WA,2024,petrol,1619748.0
BITRE-Road-Vehicles-Australia-January-2025.xlsx,2025,Table 5,WA,2024,diesel,822093.0
BITRE-Road-Vehicles-Australia-January-2025.xlsx,2025,Table 5,WA,2024,dual_fuel,15948.0
BITRE-Road-Vehicles-Australia-January-2025.xlsx,2025,Table 5,WA,2024,hybrid_electric,49502.0
BITRE-Road-Vehicles-Australia-January-2025.xlsx,2025,Table 5,WA,2024,battery_fuel_cell_electric,17253.0
BITRE-Road-Vehicles-Australia-January-2025.xlsx,2025,Table 5,WA,2024,other,4276.0
BITRE-Road-Vehicles-Australia-January-2025.xlsx,2025,Table 5,WA,2024,total,2528820.0
BITRE-Road-Vehicles-Australia-January-2025.xlsx,2025,Table 5,WA,2025,petrol,1633579.0
BITRE-Road-Vehicles-Australia-January-2025.xlsx,2025,Table 5,WA,2025,diesel,866446.0
BITRE-Road-Vehicles-Australia-January-2025.xlsx,2025,Table 5,WA,2025,dual_fuel,14432.0
BITRE-Road-Vehicles-Australia-January-2025.xlsx,2025,Table 5,WA,2025,hybrid_electric,74991.0
BITRE-Road-Vehicles-Australia-January-2025.xlsx,2025,Table 5,WA,2025,battery_fuel_cell_electric,27756.0
BITRE-Road-Vehicles-Australia-January-2025.xlsx,2025,Table 5,WA,2025,other,3922.0
BITRE-Road-Vehicles-Australia-January-2025.xlsx,2025,Table 5,WA,2025,total,2621126.0
BITRE-Road-Vehicles-Australia-January-2025.xlsx,2025,Table 5,TAS,2023,petrol,355730.0
BITRE-Road-Vehicles-Australia-January-2025.xlsx,2025,Table 5,TAS,2023,diesel,165805.0
BITRE-Road-Vehicles-Australia-January-2025.xlsx,2025,Table 5,TAS,2023,dual_fuel,187.0
BITRE-Road-Vehicles-Australia-January-2025.xlsx,2025,Table 5,TAS,2023,hybrid_electric,6798.0
BITRE-Road-Vehicles-Australia-January-2025.xlsx,2025,Table 5,TAS,2023,battery_fuel_cell_electric,1621.0
BITRE-Road-Vehicles-Australia-January-2025.xlsx,2025,Table 5,TAS,2023,other,2096.0
BITRE-Road-Vehicles-Australia-January-2025.xlsx,2025,Table 5,TAS,2023,total,532237.0
BITRE-Road-Vehicles-Australia-January-2025.xlsx,2025,Table 5,TAS,2024,petrol,354592.0
BITRE-Road-Vehicles-Australia-January-2025.xlsx,2025,Table 5,TAS,2024,diesel,172736.0
BITRE-Road-Vehicles-Australia-January-2025.xlsx,2025,Table 5,TAS,2024,dual_fuel,179.0
BITRE-Road-Vehicles-Australia-January-2025.xlsx,2025,Table 5,TAS,2024,hybrid_electric,8507.0
BITRE-Road-Vehicles-Australia-January-2025.xlsx,2025,Table 5,TAS,2024,battery_fuel_cell_electric,3286.0
BITRE-Road-Vehicles-Australia-January-2025.xlsx,2025,Table 5,TAS,2024,other,1922.0
BITRE-Road-Vehicles-Australia-January-2025.xlsx,2025,Table 5,TAS,2024,total,541222.0
BITRE-Road-Vehicles-Australia-January-2025.xlsx,2025,Table 5,TAS,2025,petrol,351987.0
BITRE-Road-Vehicles-Australia-January-2025.xlsx,2025,Table 5,TAS,2025,diesel,179332.0
BITRE-Road-Vehicles-Australia-January-2025.xlsx,2025,Table 5,TAS,2025,dual_fuel,174.0
BITRE-Road-Vehicles-Australia-January-2025.xlsx,2025,Table 5,TAS,2025,hybrid_electric,11994.0
BITRE-Road-Vehicles-Australia-January-2025.xlsx,2025,Table 5,TAS,2025,battery_fuel_cell_electric,4617.0
BITRE-Road-Vehicles-Australia-January-2025.xlsx,2025,Table 5,TAS,2025,other,1743.0
BITRE-Road-Vehicles-Australia-January-2025.xlsx,2025,Table 5,TAS,2025,total,549847.0
BITRE-Road-Vehicles-Australia-January-2025.xlsx,2025,Table 5,NT,2023,petrol,90498.0
BITRE-Road-Vehicles-Australia-January-2025.xlsx,2025,Table 5,NT,2023,diesel,72066.0
BITRE-Road-Vehicles-Australia-January-2025.xlsx,2025,Table 5,NT,2023,dual_fuel,319.0
BITRE-Road-Vehicles-Australia-January-2025.xlsx,2025,Table 5,NT,2023,hybrid_electric,2909.0
BITRE-Road-Vehicles-Australia-January-2025.xlsx,2025,Table 5,NT,2023,battery_fuel_cell_electric,227.0
BITRE-Road-Vehicles-Australia-January-2025.xlsx,2025,Table 5,NT,2023,other,40.0
BITRE-Road-Vehicles-Australia-January-2025.xlsx,2025,Table 5,NT,2023,total,166059.0
BITRE-Road-Vehicles-Australia-January-2025.xlsx,2025,Table 5,NT,2024,petrol,89158.0
BITRE-Road-Vehicles-Australia-January-2025.xlsx,2025,Table 5,NT,2024,diesel,74947.0
BITRE-Road-Vehicles-Australia-January-2025.xlsx,2025,Table 5,NT,2024,dual_fuel,288.0
BITRE-Road-Vehicles-Australia-January-2025.xlsx,2025,Table 5,NT,2024,hybrid_electric,3707.0
BITRE-Road-Vehicles-Australia-January-2025.xlsx,2025,Table 5,NT,2024,battery_fuel_cell_electric,542.0
BITRE-Road-Vehicles-Australia-January-2025.xlsx,2025,Table 5,NT,2024,other,38.0
BITRE-Road-Vehicles-Australia-January-2025.xlsx,2025,Table 5,NT,2024,total,168680.0
BITRE-Road-Vehicles-Australia-January-2025.xlsx,2025,Table 5,NT,2025,petrol,87466.0
BITRE-Road-Vehicles-Australia-January-2025.xlsx,2025,Table 5,NT,2025,diesel,76690.0
BITRE-Road-Vehicles-Australia-January-2025.xlsx,2025,Table 5,NT,2025,dual_fuel,256.0
BITRE-Road-Vehicles-Australia-January-2025.xlsx,2025,Table 5,NT,2025,hybrid_electric,5671.0
BITRE-Road-Vehicles-Australia-January-2025.xlsx,2025,Table 5,NT,2025,battery_fuel_cell_electric,873.0
BITRE-Road-Vehicles-Australia-January-2025.xlsx,2025,Table 5,NT,2025,other,33.0
BITRE-Road-Vehicles-Australia-January-2025.xlsx,2025,Table 5,NT,2025,total,170989.0
BITRE-Road-Vehicles-Australia-January-2025.xlsx,2025,Table 5,ACT,2023,petrol,250402.0
BITRE-Road-Vehicles-Australia-January-2025.xlsx,2025,Table 5,ACT,2023,diesel,67001.0
BITRE-Road-Vehicles-Australia-January-2025.xlsx,2025,Table 5,ACT,2023,dual_fuel,813.0
BITRE-Road-Vehicles-Australia-January-2025.xlsx,2025,Table 5,ACT,2023,hybrid_electric,9375.0
BITRE-Road-Vehicles-Australia-January-2025.xlsx,2025,Table 5,ACT,2023,battery_fuel_cell_electric,3204.0
BITRE-Road-Vehicles-Australia-January-2025.xlsx,2025,Table 5,ACT,2023,other,643.0
BITRE-Road-Vehicles-Australia-January-2025.xlsx,2025,Table 5,ACT,2023,total,331438.0
BITRE-Road-Vehicles-Australia-January-2025.xlsx,2025,Table 5,ACT,2024,petrol,249759.0
BITRE-Road-Vehicles-Australia-January-2025.xlsx,2025,Table 5,ACT,2024,diesel,68396.0
BITRE-Road-Vehicles-Australia-January-2025.xlsx,2025,Table 5,ACT,2024,dual_fuel,663.0
BITRE-Road-Vehicles-Australia-January-2025.xlsx,2025,Table 5,ACT,2024,hybrid_electric,11784.0
BITRE-Road-Vehicles-Australia-January-2025.xlsx,2025,Table 5,ACT,2024,battery_fuel_cell_electric,6686.0
BITRE-Road-Vehicles-Australia-January-2025.xlsx,2025,Table 5,ACT,2024,other,590.0
BITRE-Road-Vehicles-Australia-January-2025.xlsx,2025,Table 5,ACT,2024,total,337878.0
BITRE-Road-Vehicles-Australia-January-2025.xlsx,2025,Table 5,ACT,2025,petrol,247383.0
BITRE-Road-Vehicles-Australia-January-2025.xlsx,2025,Table 5,ACT,2025,diesel,69327.0
BITRE-Road-Vehicles-Australia-January-2025.xlsx,2025,Table 5,ACT,2025,dual_fuel,554.0
BITRE-Road-Vehicles-Australia-January-2025.xlsx,2025,Table 5,ACT,2025,hybrid_electric,16348.0
BITRE-Road-Vehicles-Australia-January-2025.xlsx,2025,Table 5,ACT,2025,battery_fuel_cell_electric,10244.0
BITRE-Road-Vehicles-Australia-January-2025.xlsx,2025,Table 5,ACT,2025,other,524.0
BITRE-Road-Vehicles-Australia-January-2025.xlsx,2025,Table 5,ACT,2025,total,344380.0
BITRE-Road-Vehicles-Australia-January-2025.xlsx,2025,Table 5,AUS,2023,petrol,14542497.0
BITRE-Road-Vehicles-Australia-January-2025.xlsx,2025,Table 5,AUS,2023,diesel,5993410.0
BITRE-Road-Vehicles-Australia-January-2025.xlsx,2025,Table 5,AUS,2023,dual_fuel,117552.0
BITRE-Road-Vehicles-Australia-January-2025.xlsx,2025,Table 5,AUS,2023,hybrid_electric,367435.0
BITRE-Road-Vehicles-Australia-January-2025.xlsx,2025,Table 5,AUS,2023,battery_fuel_cell_electric,78877.0
BITRE-Road-Vehicles-Australia-January-2025.xlsx,2025,Table 5,AUS,2023,other,61413.0
BITRE-Road-Vehicles-Australia-January-2025.xlsx,2025,Table 5,AUS,2023,total,21161184.0
BITRE-Road-Vehicles-Australia-January-2025.xlsx,2025,Table 5,AUS,2024,petrol,14630945.0
BITRE-Road-Vehicles-Australia-January-2025.xlsx,2025,Table 5,AUS,2024,diesel,6292700.0
BITRE-Road-Vehicles-Australia-January-2025.xlsx,2025,Table 5,AUS,2024,dual_fuel,105744.0
BITRE-Road-Vehicles-Australia-January-2025.xlsx,2025,Table 5,AUS,2024,hybrid_electric,485869.0
BITRE-Road-Vehicles-Australia-January-2025.xlsx,2025,Table 5,AUS,2024,battery_fuel_cell_electric,168006.0
BITRE-Road-Vehicles-Australia-January-2025.xlsx,2025,Table 5,AUS,2024,other,56781.0
BITRE-Road-Vehicles-Australia-January-2025.xlsx,2025,Table 5,AUS,2024,total,21740045.0
BITRE-Road-Vehicles-Australia-January-2025.xlsx,2025,Table 5,AUS,2025,petrol,14632710.0
BITRE-Road-Vehicles-Australia-January-2025.xlsx,2025,Table 5,AUS,2025,diesel,6555770.0
BITRE-Road-Vehicles-Australia-January-2025.xlsx,2025,Table 5,AUS,2025,dual_fuel,96183.0
BITRE-Road-Vehicles-Australia-January-2025.xlsx,2025,Table 5,AUS,2025,hybrid_electric,709132.0
BITRE-Road-Vehicles-Australia-January-2025.xlsx,2025,Table 5,AUS,2025,battery_fuel_cell_electric,259692.0
BITRE-Road-Vehicles-Australia-January-2025.xlsx,2025,Table 5,AUS,2025,other,51860.0
BITRE-Road-Vehicles-Australia-January-2025.xlsx,2025,Table 5,AUS,2025,total,22305347.0
