source_workbook,release_year,table,vehicle_type,year,motive_power,vehicles
bitre-road-vehicles-australia--january2024.xlsx,2024,Table 4,Passenger vehicles,2022,petrol,12507092.0
bitre-road-vehicles-australia--january2024.xlsx,2024,Table 4,Passenger vehicles,2022,diesel,2111010.0
bitre-road-vehicles-australia--january2024.xlsx,2024,Table 4,Passenger vehicles,2022,dual_fuel,87974.0
bitre-road-vehicles-australia--january2024.xlsx,2024,Table 4,Passenger vehicles,2022,hybrid_electric,276453.0
bitre-road-vehicles-australia--january2024.xlsx,2024,Table 4,Passenger vehicles,2022,battery_fuel_cell_electric,33777.0
bitre-road-vehicles-australia--january2024.xlsx,2024,Table 4,Passenger vehicles,2022,other_or_not_specified,34222.0
bitre-road-vehicles-australia--january2024.xlsx,2024,Table 4,Passenger vehicles,2022,total,15050528.0
bitre-road-vehicles-australia--january2024.xlsx,2024,Table 4,Passenger vehicles,2023,petrol,12577849.0
bitre-road-vehicles-australia--january2024.xlsx,2024,Table 4,Passenger vehicles,2023,diesel,2200911.0
bitre-road-vehicles-australia--january2024.xlsx,2024,Table 4,Passenger vehicles,2023,dual_fuel,80040.0
bitre-road-vehicles-australia--january2024.xlsx,2024,Table 4,Passenger vehicles,2023,hybrid_electric,362798.0
bitre-road-vehicles-australia--january2024.xlsx,2024,Table 4,Passenger vehicles,2023,battery_fuel_cell_electric,72231.0
bitre-road-vehicles-australia--january2024.xlsx,2024,Table 4,Passenger vehicles,2023,other_or_not_specified,31510.0
bitre-road-vehicles-australia--january2024.xlsx,2024,Table 4,Passenger vehicles,2023,total,15325339.0
bitre-road-vehicles-australia--january2024.xlsx,2024,Table 4,Passenger vehicles,2024,petrol,12672447.0
bitre-road-vehicles-australia--january2024.xlsx,2024,Table 4,Passenger vehicles,2024,diesel,2286015.0
bitre-road-vehicles-australia--january2024.xlsx,2024,Table 4,Passenger vehicles,2024,dual_fuel,73892.0
bitre-road-vehicles-australia--january2024.xlsx,2024,Table 4,Passenger vehicles,2024,hybrid_electric,479289.0
bitre-road-vehicles-australia--january2024.xlsx,2024,Table 4,Passenger vehicles,2024,battery_fuel_cell_electric,159458.0
bitre-road-vehicles-australia--january2024.xlsx,2024,Table 4,Passenger vehicles,2024,other_or_not_specified,28751.0
bitre-road-vehicles-australia--january2024.xlsx,2024,Table 4,Passenger vehicles,2024,total,15699852.0
bitre-road-vehicles-australia--january2024.xlsx,2024,Table 4,Campervans,2022,petrol,38977.0
bitre-road-vehicles-australia--january2024.xlsx,2024,Table 4,Campervans,2022,diesel,50433.0
bitre-road-vehicles-australia--january2024.xlsx,2024,Table 4,Campervans,2022,dual_fuel,945.0
bitre-road-vehicles-australia--january2024.xlsx,2024,Table 4,Campervans,2022,hybrid_electric,90.0
bitre-road-vehicles-australia--january2024.xlsx,2024,Table 4,Campervans,2022,battery_fuel_cell_electric,4.0
bitre-road-vehicles-australia--january2024.xlsx,2024,Table 4,Campervans,2022,other_or_not_specified,124.0
bitre-road-vehicles-australia--january2024.xlsx,2024,Table 4,Campervans,2022,total,90573.0
bitre-road-vehicles-australia--january2024.xlsx,2024,Table 4,Campervans,2023,petrol,39808.0
bitre-road-vehicles-australia--january2024.xlsx,2024,Table 4,Campervans,2023,diesel,53900.0
bitre-road-vehicles-australia--january2024.xlsx,2024,Table 4,Campervans,2023,dual_fuel,884.0
bitre-road-vehicles-australia--january2024.xlsx,2024,Table 4,Campervans,2023,hybrid_electric,101.0
bitre-road-vehicles-australia--january2024.xlsx,2024,Table 4,Campervans,2023,battery_fuel_cell_electric,5.0
bitre-road-vehicles-australia--january2024.xlsx,2024,Table 4,Campervans,2023,other_or_not_specified,113.0
bitre-road-vehicles-australia--january2024.xlsx,2024,Table 4,Campervans,2023,total,94811.0
bitre-road-vehicles-australia--january2024.xlsx,2024,Table 4,Campervans,2024,petrol,39098.0
bitre-road-vehicles-australia--january2024.xlsx,2024,Table 4,Campervans,2024,diesel,57563.0
bitre-road-vehicles-australia--january2024.xlsx,2024,Table 4,Campervans,2024,dual_fuel,812.0
bitre-road-vehicles-australia--january2024.xlsx,2024,Table 4,Campervans,2024,hybrid_electric,112.0
bitre-road-vehicles-australia--january2024.xlsx,2024,Table 4,Campervans,2024,battery_fuel_cell_electric,5.0
bitre-road-vehicles-australia--january2024.xlsx,2024,Table 4,Campervans,2024,other_or_not_specified,111.0
bitre-road-vehicles-australia--january2024.xlsx,2024,Table 4,Campervans,2024,total,97701.0
bitre-road-vehicles-australia--january2024.xlsx,2024,Table 4,Light commercial vehicles,2022,petrol,960958.0
bitre-road-vehicles-australia--january2024.xlsx,2024,Table 4,Light commercial vehicles,2022,diesel,2754094.0
bitre-road-vehicles-australia--january2024.xlsx,2024,Table 4,Light commercial vehicles,2022,dual_fuel,39573.0
bitre-road-vehicles-australia--january2024.xlsx,2024,Table 4,Light commercial vehicles,2022,hybrid_electric,270.0
bitre-road-vehicles-australia--january2024.xlsx,2024,Table 4,Light commercial vehicles,2022,battery_fuel_cell_electric,291.0
bitre-road-vehicles-australia--january2024.xlsx,2024,Table 4,Light commercial vehicles,2022,other_or_not_specified,29766.0
bitre-road-vehicles-australia--january2024.xlsx,2024,Table 4,Light commercial vehicles,2022,total,3784952.0
bitre-road-vehicles-australia--january2024.xlsx,2024,Table 4,Light commercial vehicles,2023,petrol,940411.0
bitre-road-vehicles-australia--january2024.xlsx,2024,Table 4,Light commercial vehicles,2023,diesel,2925511.0
bitre-road-vehicles-australia--january2024.xlsx,2024,Table 4,Light commercial vehicles,2023,dual_fuel,36094.0
bitre-road-vehicles-australia--january2024.xlsx,2024,Table 4,Light commercial vehicles,2023,hybrid_electric,821.0
bitre-road-vehicles-australia--january2024.xlsx,2024,Table 4,Light commercial vehicles,2023,battery_fuel_cell_electric,434.0
bitre-road-vehicles-australia--january2024.xlsx,2024,Table 4,Light commercial vehicles,2023,other_or_not_specified,28198.0
bitre-road-vehicles-australia--january2024.xlsx,2024,Table 4,Light commercial vehicles,2023,total,3931469.0
bitre-road-vehicles-australia--january2024.xlsx,2024,Table 4,Light commercial vehicles,2024,petrol,916608.0
bitre-road-vehicles-australia--january2024.xlsx,2024,Table 4,Light commercial vehicles,2024,diesel,3098706.0
bitre-road-vehicles-australia--january2024.xlsx,2024,Table 4,Light commercial vehicles,2024,dual_fuel,32455.0
bitre-road-vehicles-australia--january2024.xlsx,2024,Table 4,Light commercial vehicles,2024,hybrid_electric,1464.0
bitre-road-vehicles-australia--january2024.xlsx,2024,Table 4,Light commercial vehicles,2024,battery_fuel_cell_electric,688.0
bitre-road-vehicles-australia--january2024.xlsx,2024,Table 4,Light commercial vehicles,2024,other_or_not_specified,26444.0
bitre-road-vehicles-australia--january2024.xlsx,2024,Table 4,Light commercial vehicles,2024,total,4076365.0
bitre-road-vehicles-australia--january2024.xlsx,2024,Table 4,Light rigid trucks,2022,petrol,4086.0
bitre-road-vehicles-australia--january2024.xlsx,2024,Table 4,Light rigid trucks,2022,diesel,180845.0
bitre-road-vehicles-australia--january2024.xlsx,2024,Table 4,Light rigid trucks,2022,dual_fuel,449.0
bitre-road-vehicles-australia--january2024.xlsx,2024,Table 4,Light rigid trucks,2022,hybrid_electric,37.0
bitre-road-vehicles-australia--january2024.xlsx,2024,Table 4,Light rigid trucks,2022,battery_fuel_cell_electric,13.0
bitre-road-vehicles-australia--january2024.xlsx,2024,Table 4,Light rigid trucks,2022,other_or_not_specified,47.0
bitre-road-vehicles-australia--january2024.xlsx,2024,Table 4,Light rigid trucks,2022,total,185477.0
bitre-road-vehicles-australia--january2024.xlsx,2024,Table 4,Light rigid trucks,2023,petrol,4312.0
bitre-road-vehicles-australia--january2024.xlsx,2024,Table 4,Light rigid trucks,2023,diesel,200122.0
bitre-road-vehicles-australia--january2024.xlsx,2024,Table 4,Light rigid trucks,2023,dual_fuel,418.0
bitre-road-vehicles-australia--january2024.xlsx,2024,Table 4,Light rigid trucks,2023,hybrid_electric,54.0
bitre-road-vehicles-australia--january2024.xlsx,2024,Table 4,Light rigid trucks,2023,battery_fuel_cell_electric,21.0
bitre-road-vehicles-australia--january2024.xlsx,2024,Table 4,Light rigid trucks,2023,other_or_not_specified,47.0
bitre-road-vehicles-australia--january2024.xlsx,2024,Table 4,Light rigid trucks,2023,total,204974.0
bitre-road-vehicles-australia--january2024.xlsx,2024,Table 4,Light rigid trucks,2024,petrol,4996.0
bitre-road-vehicles-australia--january2024.xlsx,2024,Table 4,Light rigid trucks,2024,diesel,227268.0
bitre-road-vehicles-australia--january2024.xlsx,2024,Table 4,Light rigid trucks,2024,dual_fuel,406.0
bitre-road-vehicles-australia--january2024.xlsx,2024,Table 4,Light rigid trucks,2024,hybrid_electric,180.0
bitre-road-vehicles-australia--january2024.xlsx,2024,Table 4,Light rigid trucks,2024,battery_fuel_cell_electric,203.0
bitre-road-vehicles-australia--january2024.xlsx,2024,Table 4,Light rigid trucks,2024,other_or_not_specified,47.0
bitre-road-vehicles-australia--january2024.xlsx,2024,Table 4,Light rigid trucks,2024,total,233100.0
bitre-road-vehicles-australia--january2024.xlsx,2024,Table 4,Heavy rigid trucks,2022,petrol,10946.0
bitre-road-vehicles-australia--january2024.xlsx,2024,Table 4,Heavy rigid trucks,2022,diesel,364763.0
bitre-road-vehicles-australia--january2024.xlsx,2024,Table 4,Heavy rigid trucks,2022,dual_fuel,855.0
bitre-road-vehicles-australia--january2024.xlsx,2024,Table 4,Heavy rigid trucks,2022,hybrid_electric,88.0
bitre-road-vehicles-australia--january2024.xlsx,2024,Table 4,Heavy rigid trucks,2022,battery_fuel_cell_electric,51.0
bitre-road-vehicles-australia--january2024.xlsx,2024,Table 4,Heavy rigid trucks,2022,other_or_not_specified,331.0
bitre-road-vehicles-australia--january2024.xlsx,2024,Table 4,Heavy rigid trucks,2022,total,377034.0
bitre-road-vehicles-australia--january2024.xlsx,2024,Table 4,Heavy rigid trucks,2023,petrol,10410.0
bitre-road-vehicles-australia--january2024.xlsx,2024,Table 4,Heavy rigid trucks,2023,diesel,375582.0
bitre-road-vehicles-australia--january2024.xlsx,2024,Table 4,Heavy rigid trucks,2023,dual_fuel,808.0
bitre-road-vehicles-australia--january2024.xlsx,2024,Table 4,Heavy rigid trucks,2023,hybrid_electric,139.0
bitre-road-vehicles-australia--january2024.xlsx,2024,Table 4,Heavy rigid trucks,2023,battery_fuel_cell_electric,89.0
bitre-road-vehicles-australia--january2024.xlsx,2024,Table 4,Heavy rigid trucks,2023,other_or_not_specified,275.0
bitre-road-vehicles-australia--january2024.xlsx,2024,Table 4,Heavy rigid trucks,2023,total,387303.0
bitre-road-vehicles-australia--january2024.xlsx,2024,Table 4,Heavy rigid trucks,2024,petrol,9934.0
bitre-road-vehicles-australia--january2024.xlsx,2024,Table 4,Heavy rigid trucks,2024,diesel,385440.0
bitre-road-vehicles-australia--january2024.xlsx,2024,Table 4,Heavy rigid trucks,2024,dual_fuel,791.0
bitre-road-vehicles-australia--january2024.xlsx,2024,Table 4,Heavy rigid trucks,2024,hybrid_electric,282.0
bitre-road-vehicles-australia--january2024.xlsx,2024,Table 4,Heavy rigid trucks,2024,battery_fuel_cell_electric,197.0
bitre-road-vehicles-australia--january2024.xlsx,2024,Table 4,Heavy rigid trucks,2024,other_or_not_specified,250.0
bitre-road-vehicles-australia--january2024.xlsx,2024,Table 4,Heavy rigid trucks,2024,total,396894.0
bitre-road-vehicles-australia--january2024.xlsx,2024,Table 4,Articulated trucks,2022,petrol,935.0
bitre-road-vehicles-australia--january2024.xlsx,2024,Table 4,Articulated trucks,2022,diesel,114557.0
bitre-road-vehicles-australia--january2024.xlsx,2024,Table 4,Articulated trucks,2022,dual_fuel,128.0
bitre-road-vehicles-australia--january2024.xlsx,2024,Table 4,Articulated trucks,2022,hybrid_electric,3.0
bitre-road-vehicles-australia--january2024.xlsx,2024,Table 4,Articulated trucks,2022,battery_fuel_cell_electric,3.0
bitre-road-vehicles-australia--january2024.xlsx,2024,Table 4,Articulated trucks,2022,other_or_not_specified,24.0
bitre-road-vehicles-australia--january2024.xlsx,2024,Table 4,Articulated trucks,2022,total,115650.0
bitre-road-vehicles-australia--january2024.xlsx,2024,Table 4,Articulated trucks,2023,petrol,931.0
bitre-road-vehicles-australia--january2024.xlsx,2024,Table 4,Articulated trucks,2023,diesel,119218.0
bitre-road-vehicles-australia--january2024.xlsx,2024,Table 4,Articulated trucks,2023,dual_fuel,147.0
bitre-road-vehicles-australia--january2024.xlsx,2024,Table 4,Articulated trucks,2023,hybrid_electric,3.0
bitre-road-vehicles-australia--january2024.xlsx,2024,Table 4,Articulated trucks,2023,battery_fuel_cell_electric,3.0
bitre-road-vehicles-australia--january2024.xlsx,2024,Table 4,Articulated trucks,2023,other_or_not_specified,27.0
bitre-road-vehicles-australia--january2024.xlsx,2024,Table 4,Articulated trucks,2023,total,120329.0
bitre-road-vehicles-australia--january2024.xlsx,2024,Table 4,Articulated trucks,2024,petrol,932.0
bitre-road-vehicles-australia--january2024.xlsx,2024,Table 4,Articulated trucks,2024,diesel,123178.0
bitre-road-vehicles-australia--january2024.xlsx,2024,Table 4,Articulated trucks,2024,dual_fuel,139.0
bitre-road-vehicles-australia--january2024.xlsx,2024,Table 4,Articulated trucks,2024,hybrid_electric,3.0
bitre-road-vehicles-australia--january2024.xlsx,2024,Table 4,Articulated trucks,2024,battery_fuel_cell_electric,13.0
bitre-road-vehicles-australia--january2024.xlsx,2024,Table 4,Articulated trucks,2024,other_or_not_specified,31.0
bitre-road-vehicles-australia--january2024.xlsx,2024,Table 4,Articulated trucks,2024,total,124296.0
bitre-road-vehicles-australia--january2024.xlsx,2024,Table 4,Non-freight-carrying vehicles,2022,petrol,2350.0
bitre-road-vehicles-australia--january2024.xlsx,2024,Table 4,Non-freight-carrying vehicles,2022,diesel,33630.0
bitre-road-vehicles-australia--january2024.xlsx,2024,Table 4,Non-freight-carrying vehicles,2022,dual_fuel,208.0
bitre-road-vehicles-australia--january2024.xlsx,2024,Table 4,Non-freight-carrying vehicles,2022,hybrid_electric,14.0
bitre-road-vehicles-australia--january2024.xlsx,2024,Table 4,Non-freight-carrying vehicles,2022,battery_fuel_cell_electric,66.0
bitre-road-vehicles-australia--january2024.xlsx,2024,Table 4,Non-freight-carrying vehicles,2022,other_or_not_specified,191.0
bitre-road-vehicles-australia--january2024.xlsx,2024,Table 4,Non-freight-carrying vehicles,2022,total,36459.0
bitre-road-vehicles-australia--january2024.xlsx,2024,Table 4,Non-freight-carrying vehicles,2023,petrol,2437.0
bitre-road-vehicles-australia--january2024.xlsx,2024,Table 4,Non-freight-carrying vehicles,2023,diesel,34681.0
bitre-road-vehicles-australia--january2024.xlsx,2024,Table 4,Non-freight-carrying vehicles,2023,dual_fuel,207.0
bitre-road-vehicles-australia--january2024.xlsx,2024,Table 4,Non-freight-carrying vehicles,2023,hybrid_electric,14.0
bitre-road-vehicles-australia--january2024.xlsx,2024,Table 4,Non-freight-carrying vehicles,2023,battery_fuel_cell_electric,73.0
bitre-road-vehicles-australia--january2024.xlsx,2024,Table 4,Non-freight-carrying vehicles,2023,other_or_not_specified,199.0
bitre-road-vehicles-australia--january2024.xlsx,2024,Table 4,Non-freight-carrying vehicles,2023,total,37611.0
bitre-road-vehicles-australia--january2024.xlsx,2024,Table 4,Non-freight-carrying vehicles,2024,petrol,2506.0
bitre-road-vehicles-australia--january2024.xlsx,2024,Table 4,Non-freight-carrying vehicles,2024,diesel,35435.0
bitre-road-vehicles-australia--january2024.xlsx,2024,Table 4,Non-freight-carrying vehicles,2024,dual_fuel,215.0
bitre-road-vehicles-australia--january2024.xlsx,2024,Table 4,Non-freight-carrying vehicles,2024,hybrid_electric,18.0
bitre-road-vehicles-australia--january2024.xlsx,2024,Table 4,Non-freight-carrying vehicles,2024,battery_fuel_cell_electric,97.0
bitre-road-vehicles-australia--january2024.xlsx,2024,Table 4,Non-freight-carrying vehicles,2024,other_or_not_specified,224.0
bitre-road-vehicles-australia--january2024.xlsx,2024,Table 4,Non-freight-carrying vehicles,2024,total,38495.0
bitre-road-vehicles-australia--january2024.xlsx,2024,Table 4,Light buses,2022,petrol,12429.0
bitre-road-vehicles-australia--january2024.xlsx,2024,Table 4,Light buses,2022,diesel,35557.0
bitre-road-vehicles-australia--january2024.xlsx,2024,Table 4,Light buses,2022,dual_fuel,1240.0
bitre-road-vehicles-australia--january2024.xlsx,2024,Table 4,Light buses,2022,hybrid_electric,0.0
bitre-road-vehicles-australia--january2024.xlsx,2024,Table 4,Light buses,2022,battery_fuel_cell_electric,5.0
bitre-road-vehicles-australia--january2024.xlsx,2024,Table 4,Light buses,2022,other_or_not_specified,54.0
bitre-road-vehicles-australia--january2024.xlsx,2024,Table 4,Light buses,2022,total,49285.0
bitre-road-vehicles-australia--january2024.xlsx,2024,Table 4,Light buses,2023,petrol,12076.0
bitre-road-vehicles-australia--january2024.xlsx,2024,Table 4,Light buses,2023,diesel,37644.0
bitre-road-vehicles-australia--january2024.xlsx,2024,Table 4,Light buses,2023,dual_fuel,1190.0
bitre-road-vehicles-australia--january2024.xlsx,2024,Table 4,Light buses,2023,hybrid_electric,0.0
bitre-road-vehicles-australia--january2024.xlsx,2024,Table 4,Light buses,2023,battery_fuel_cell_electric,11.0
bitre-road-vehicles-australia--january2024.xlsx,2024,Table 4,Light buses,2023,other_or_not_specified,47.0
bitre-road-vehicles-australia--january2024.xlsx,2024,Table 4,Light buses,2023,total,50968.0
bitre-road-vehicles-australia--january2024.xlsx,2024,Table 4,Light buses,2024,petrol,11691.0
bitre-road-vehicles-australia--january2024.xlsx,2024,Table 4,Light buses,2024,diesel,39328.0
bitre-road-vehicles-australia--january2024.xlsx,2024,Table 4,Light buses,2024,dual_fuel,1125.0
bitre-road-vehicles-australia--january2024.xlsx,2024,Table 4,Light buses,2024,hybrid_electric,0.0
bitre-road-vehicles-australia--january2024.xlsx,2024,Table 4,Light buses,2024,battery_fuel_cell_electric,22.0
bitre-road-vehicles-australia--january2024.xlsx,2024,Table 4,Light buses,2024,other_or_not_specified,51.0
bitre-road-vehicles-australia--january2024.xlsx,2024,Table 4,Light buses,2024,total,52217.0
bitre-road-vehicles-australia--january2024.xlsx,2024,Table 4,Heavy buses,2022,petrol,952.0
bitre-road-vehicles-australia--january2024.xlsx,2024,Table 4,Heavy buses,2022,diesel,43841.0
bitre-road-vehicles-australia--january2024.xlsx,2024,Table 4,Heavy buses,2022,dual_fuel,108.0
bitre-road-vehicles-australia--january2024.xlsx,2024,Table 4,Heavy buses,2022,hybrid_electric,13.0
bitre-road-vehicles-australia--january2024.xlsx,2024,Table 4,Heavy buses,2022,battery_fuel_cell_electric,115.0
bitre-road-vehicles-australia--january2024.xlsx,2024,Table 4,Heavy buses,2022,other_or_not_specified,1153.0
bitre-road-vehicles-australia--january2024.xlsx,2024,Table 4,Heavy buses,2022,total,46182.0
bitre-road-vehicles-australia--january2024.xlsx,2024,Table 4,Heavy buses,2023,petrol,918.0
bitre-road-vehicles-australia--january2024.xlsx,2024,Table 4,Heavy buses,2023,diesel,44892.0
bitre-road-vehicles-australia--january2024.xlsx,2024,Table 4,Heavy buses,2023,dual_fuel,109.0
bitre-road-vehicles-australia--january2024.xlsx,2024,Table 4,Heavy buses,2023,hybrid_electric,24.0
bitre-road-vehicles-australia--january2024.xlsx,2024,Table 4,Heavy buses,2023,battery_fuel_cell_electric,213.0
bitre-road-vehicles-australia--january2024.xlsx,2024,Table 4,Heavy buses,2023,other_or_not_specified,1083.0
bitre-road-vehicles-australia--january2024.xlsx,2024,Table 4,Heavy buses,2023,total,47239.0
bitre-road-vehicles-australia--january2024.xlsx,2024,Table 4,Heavy buses,2024,petrol,872.0
bitre-road-vehicles-australia--january2024.xlsx,2024,Table 4,Heavy buses,2024,diesel,45380.0
bitre-road-vehicles-australia--january2024.xlsx,2024,Table 4,Heavy buses,2024,dual_fuel,110.0
bitre-road-vehicles-australia--january2024.xlsx,2024,Table 4,Heavy buses,2024,hybrid_electric,24.0
bitre-road-vehicles-australia--january2024.xlsx,2024,Table 4,Heavy buses,2024,battery_fuel_cell_electric,368.0
bitre-road-vehicles-australia--january2024.xlsx,2024,Table 4,Heavy buses,2024,other_or_not_specified,1006.0
bitre-road-vehicles-australia--january2024.xlsx,2024,Table 4,Heavy buses,2024,total,47760.0
bitre-road-vehicles-australia--january2024.xlsx,2024,Table 4,Motorcycles,2022,petrol,935869.0
bitre-road-vehicles-australia--january2024.xlsx,2024,Table 4,Motorcycles,2022,diesel,6.0
bitre-road-vehicles-australia--january2024.xlsx,2024,Table 4,Motorcycles,2022,dual_fuel,75.0
bitre-road-vehicles-australia--january2024.xlsx,2024,Table 4,Motorcycles,2022,hybrid_electric,17.0
bitre-road-vehicles-australia--january2024.xlsx,2024,Table 4,Motorcycles,2022,battery_fuel_cell_electric,4429.0
bitre-road-vehicles-australia--january2024.xlsx,2024,Table 4,Motorcycles,2022,other_or_not_specified,60.0
bitre-road-vehicles-australia--january2024.xlsx,2024,Table 4,Motorcycles,2022,total,940456.0
bitre-road-vehicles-australia--january2024.xlsx,2024,Table 4,Motorcycles,2023,petrol,951538.0
bitre-road-vehicles-australia--january2024.xlsx,2024,Table 4,Motorcycles,2023,diesel,3.0
bitre-road-vehicles-australia--january2024.xlsx,2024,Table 4,Motorcycles,2023,dual_fuel,65.0
bitre-road-vehicles-australia--january2024.xlsx,2024,Table 4,Motorcycles,2023,hybrid_electric,17.0
bitre-road-vehicles-australia--january2024.xlsx,2024,Table 4,Motorcycles,2023,battery_fuel_cell_electric,6009.0
bitre-road-vehicles-australia--january2024.xlsx,2024,Table 4,Motorcycles,2023,other_or_not_specified,61.0
bitre-road-vehicles-australia--january2024.xlsx,2024,Table 4,Motorcycles,2023,total,957693.0
bitre-road-vehicles-australia--january2024.xlsx,2024,Table 4,Motorcycles,2024,petrol,963341.0
bitre-road-vehicles-australia--january2024.xlsx,2024,Table 4,Motorcycles,2024,diesel,5.0
bitre-road-vehicles-australia--january2024.xlsx,2024,Table 4,Motorcycles,2024,dual_fuel,60.0
bitre-road-vehicles-australia--january2024.xlsx,2024,Table 4,Motorcycles,2024,hybrid_electric,16.0
bitre-road-vehicles-australia--january2024.xlsx,2024,Table 4,Motorcycles,2024,battery_fuel_cell_electric,6793.0
bitre-road-vehicles-australia--january2024.xlsx,2024,Table 4,Motorcycles,2024,other_or_not_specified,71.0
bitre-road-vehicles-australia--january2024.xlsx,2024,Table 4,Motorcycles,2024,total,970286.0
bitre-road-vehicles-australia--january2024.xlsx,2024,Table 4,Total motor vehicles,2022,petrol,14474594.0
bitre-road-vehicles-australia--january2024.xlsx,2024,Table 4,Total motor vehicles,2022,diesel,5688736.0
bitre-road-vehicles-australia--january2024.xlsx,2024,Table 4,Total motor vehicles,2022,dual_fuel,131555.0
bitre-road-vehicles-australia--january2024.xlsx,2024,Table 4,Total motor vehicles,2022,hybrid_electric,276985.0
bitre-road-vehicles-australia--january2024.xlsx,2024,Table 4,Total motor vehicles,2022,battery_fuel_cell_electric,38754.0
bitre-road-vehicles-australia--january2024.xlsx,2024,Table 4,Total motor vehicles,2022,other_or_not_specified,65972.0
bitre-road-vehicles-australia--january2024.xlsx,2024,Table 4,Total motor vehicles,2022,total,20676596.0
bitre-road-vehicles-australia--january2024.xlsx,2024,Table 4,Total motor vehicles,2023,petrol,14540690.0
bitre-road-vehicles-australia--january2024.xlsx,2024,Table 4,Total motor vehicles,2023,diesel,5992464.0
bitre-road-vehicles-australia--january2024.xlsx,2024,Table 4,Total motor vehicles,2023,dual_fuel,119962.0
bitre-road-vehicles-australia--january2024.xlsx,2024,Table 4,Total motor vehicles,2023,hybrid_electric,363971.0
bitre-road-vehicles-australia--january2024.xlsx,2024,Table 4,Total motor vehicles,2023,battery_fuel_cell_electric,79089.0
bitre-road-vehicles-australia--january2024.xlsx,2024,Table 4,Total motor vehicles,2023,other_or_not_specified,61560.0
bitre-road-vehicles-australia--january2024.xlsx,2024,Table 4,Total motor vehicles,2023,total,21157736.0
bitre-road-vehicles-australia--january2024.xlsx,2024,Table 4,Total motor vehicles,2024,petrol,14622425.0
bitre-road-vehicles-australia--january2024.xlsx,2024,Table 4,Total motor vehicles,2024,diesel,6298318.0
bitre-road-vehicles-australia--january2024.xlsx,2024,Table 4,Total motor vehicles,2024,dual_fuel,110005.0
bitre-road-vehicles-australia--january2024.xlsx,2024,Table 4,Total motor vehicles,2024,hybrid_electric,481388.0
bitre-road-vehicles-australia--january2024.xlsx,2024,Table 4,Total motor vehicles,2024,battery_fuel_cell_electric,167845.0
bitre-road-vehicles-australia--january2024.xlsx,2024,Table 4,Total motor vehicles,2024,other_or_not_specified,56985.0
bitre-road-vehicles-australia--january2024.xlsx,2024,Table 4,Total motor vehicles,2024,total,21736966.0
BITRE-Road-Vehicles-Australia-January-2022-Re-Issue.xlsx,2022,Table 4,Passenger vehicles,2021,petrol,12451354.0
BITRE-Road-Vehicles-Australia-January-2022-Re-Issue.xlsx,2022,Table 4,Passenger vehicles,2021,diesel,2033930.0
BITRE-Road-Vehicles-Australia-January-2022-Re-Issue.xlsx,2022,Table 4,Passenger vehicles,2021,dual_fuel,98055.0
BITRE-Road-Vehicles-Australia-January-2022-Re-Issue.xlsx,2022,Table 4,Passenger vehicles,2021,total,14840964.0
BITRE-Road-Vehicles-Australia-January-2022-Re-Issue.xlsx,2022,Table 4,Passenger vehicles,2022,petrol,12507092.0
BITRE-Road-Vehicles-Australia-January-2022-Re-Issue.xlsx,2022,Table 4,Passenger vehicles,2022,diesel,2111010.0
BITRE-Road-Vehicles-Australia-January-2022-Re-Issue.xlsx,2022,Table 4,Passenger vehicles,2022,dual_fuel,87974.0
BITRE-Road-Vehicles-Australia-January-2022-Re-Issue.xlsx,2022,Table 4,Passenger vehicles,2022,total,15050528.0
BITRE-Road-Vehicles-Australia-January-2022-Re-Issue.xlsx,2022,Table 4,Campervans,2021,petrol,37435.0
BITRE-Road-Vehicles-Australia-January-2022-Re-Issue.xlsx,2022,Table 4,Campervans,2021,diesel,46807.0
BITRE-Road-Vehicles-Australia-January-2022-Re-Issue.xlsx,2022,Table 4,Campervans,2021,dual_fuel,991.0
BITRE-Road-Vehicles-Australia-January-2022-Re-Issue.xlsx,2022,Table 4,Campervans,2021,total,85438.0
BITRE-Road-Vehicles-Australia-January-2022-Re-Issue.xlsx,2022,Table 4,Campervans,2022,petrol,38977.0
BITRE-Road-Vehicles-Australia-January-2022-Re-Issue.xlsx,2022,Table 4,Campervans,2022,diesel,50433.0
BITRE-Road-Vehicles-Australia-January-2022-Re-Issue.xlsx,2022,Table 4,Campervans,2022,dual_fuel,945.0
BITRE-Road-Vehicles-Australia-January-2022-Re-Issue.xlsx,2022,Table 4,Campervans,2022,total,90573.0
BITRE-Road-Vehicles-Australia-January-2022-Re-Issue.xlsx,2022,Table 4,Light commercial vehicles,2021,petrol,986466.0
BITRE-Road-Vehicles-Australia-January-2022-Re-Issue.xlsx,2022,Table 4,Light commercial vehicles,2021,diesel,2570940.0
BITRE-Road-Vehicles-Australia-January-2022-Re-Issue.xlsx,2022,Table 4,Light commercial vehicles,2021,dual_fuel,43484.0
BITRE-Road-Vehicles-Australia-January-2022-Re-Issue.xlsx,2022,Table 4,Light commercial vehicles,2021,total,3632434.0
BITRE-Road-Vehicles-Australia-January-2022-Re-Issue.xlsx,2022,Table 4,Light commercial vehicles,2022,petrol,960958.0
BITRE-Road-Vehicles-Australia-January-2022-Re-Issue.xlsx,2022,Table 4,Light commercial vehicles,2022,diesel,2754094.0
BITRE-Road-Vehicles-Australia-January-2022-Re-Issue.xlsx,2022,Table 4,Light commercial vehicles,2022,dual_fuel,39573.0
BITRE-Road-Vehicles-Australia-January-2022-Re-Issue.xlsx,2022,Table 4,Light commercial vehicles,2022,total,3784952.0
BITRE-Road-Vehicles-Australia-January-2022-Re-Issue.xlsx,2022,Table 4,Light rigid trucks,2021,petrol,4101.0
BITRE-Road-Vehicles-Australia-January-2022-Re-Issue.xlsx,2022,Table 4,Light rigid trucks,2021,diesel,169813.0
BITRE-Road-Vehicles-Australia-January-2022-Re-Issue.xlsx,2022,Table 4,Light rigid trucks,2021,dual_fuel,464.0
BITRE-Road-Vehicles-Australia-January-2022-Re-Issue.xlsx,2022,Table 4,Light rigid trucks,2021,total,174470.0
BITRE-Road-Vehicles-Australia-January-2022-Re-Issue.xlsx,2022,Table 4,Light rigid trucks,2022,petrol,4086.0
BITRE-Road-Vehicles-Australia-January-2022-Re-Issue.xlsx,2022,Table 4,Light rigid trucks,2022,diesel,180845.0
BITRE-Road-Vehicles-Australia-January-2022-Re-Issue.xlsx,2022,Table 4,Light rigid trucks,2022,dual_fuel,449.0
BITRE-Road-Vehicles-Australia-January-2022-Re-Issue.xlsx,2022,Table 4,Light rigid trucks,2022,total,185477.0
BITRE-Road-Vehicles-Australia-January-2022-Re-Issue.xlsx,2022,Table 4,Heavy rigid trucks,2021,petrol,11442.0
BITRE-Road-Vehicles-Australia-January-2022-Re-Issue.xlsx,2022,Table 4,Heavy rigid trucks,2021,diesel,354973.0
BITRE-Road-Vehicles-Australia-January-2022-Re-Issue.xlsx,2022,Table 4,Heavy rigid trucks,2021,dual_fuel,868.0
BITRE-Road-Vehicles-Australia-January-2022-Re-Issue.xlsx,2022,Table 4,Heavy rigid trucks,2021,total,367757.0
BITRE-Road-Vehicles-Australia-January-2022-Re-Issue.xlsx,2022,Table 4,Heavy rigid trucks,2022,petrol,10946.0
BITRE-Road-Vehicles-Australia-January-2022-Re-Issue.xlsx,2022,Table 4,Heavy rigid trucks,2022,diesel,364763.0
BITRE-Road-Vehicles-Australia-January-2022-Re-Issue.xlsx,2022,Table 4,Heavy rigid trucks,2022,dual_fuel,855.0
BITRE-Road-Vehicles-Australia-January-2022-Re-Issue.xlsx,2022,Table 4,Heavy rigid trucks,2022,total,377034.0
BITRE-Road-Vehicles-Australia-January-2022-Re-Issue.xlsx,2022,Table 4,Articulated trucks,2021,petrol,980.0
BITRE-Road-Vehicles-Australia-January-2022-Re-Issue.xlsx,2022,Table 4,Articulated trucks,2021,diesel,109532.0
BITRE-Road-Vehicles-Australia-January-2022-Re-Issue.xlsx,2022,Table 4,Articulated trucks,2021,dual_fuel,128.0
BITRE-Road-Vehicles-Australia-January-2022-Re-Issue.xlsx,2022,Table 4,Articulated trucks,2021,total,110676.0
BITRE-Road-Vehicles-Australia-January-2022-Re-Issue.xlsx,2022,Table 4,Articulated trucks,2022,petrol,935.0
BITRE-Road-Vehicles-Australia-January-2022-Re-Issue.xlsx,2022,Table 4,Articulated trucks,2022,diesel,114557.0
BITRE-Road-Vehicles-Australia-January-2022-Re-Issue.xlsx,2022,Table 4,Articulated trucks,2022,dual_fuel,128.0
BITRE-Road-Vehicles-Australia-January-2022-Re-Issue.xlsx,2022,Table 4,Articulated trucks,2022,total,115650.0
BITRE-Road-Vehicles-Australia-January-2022-Re-Issue.xlsx,2022,Table 4,Non-freight-carrying vehicles,2021,petrol,2282.0
BITRE-Road-Vehicles-Australia-January-2022-Re-Issue.xlsx,2022,Table 4,Non-freight-carrying vehicles,2021,diesel,33013.0
BITRE-Road-Vehicles-Australia-January-2022-Re-Issue.xlsx,2022,Table 4,Non-freight-carrying vehicles,2021,dual_fuel,197.0
BITRE-Road-Vehicles-Australia-January-2022-Re-Issue.xlsx,2022,Table 4,Non-freight-carrying vehicles,2021,total,35707.0
BITRE-Road-Vehicles-Australia-January-2022-Re-Issue.xlsx,2022,Table 4,Non-freight-carrying vehicles,2022,petrol,2350.0
BITRE-Road-Vehicles-Australia-January-2022-Re-Issue.xlsx,2022,Table 4,Non-freight-carrying vehicles,2022,diesel,33630.0
BITRE-Road-Vehicles-Australia-January-2022-Re-Issue.xlsx,2022,Table 4,Non-freight-carrying vehicles,2022,dual_fuel,208.0
BITRE-Road-Vehicles-Australia-January-2022-Re-Issue.xlsx,2022,Table 4,Non-freight-carrying vehicles,2022,total,36459.0
BITRE-Road-Vehicles-Australia-January-2022-Re-Issue.xlsx,2022,Table 4,Buses,2021,petrol,13966.0
BITRE-Road-Vehicles-Australia-January-2022-Re-Issue.xlsx,2022,Table 4,Buses,2021,diesel,76840.0
BITRE-Road-Vehicles-Australia-January-2022-Re-Issue.xlsx,2022,Table 4,Buses,2021,dual_fuel,1453.0
BITRE-Road-Vehicles-Australia-January-2022-Re-Issue.xlsx,2022,Table 4,Buses,2021,total,93635.0
BITRE-Road-Vehicles-Australia-January-2022-Re-Issue.xlsx,2022,Table 4,Buses,2022,petrol,13381.0
BITRE-Road-Vehicles-Australia-January-2022-Re-Issue.xlsx,2022,Table 4,Buses,2022,diesel,79398.0
BITRE-Road-Vehicles-Australia-January-2022-Re-Issue.xlsx,2022,Table 4,Buses,2022,dual_fuel,1348.0
BITRE-Road-Vehicles-Australia-January-2022-Re-Issue.xlsx,2022,Table 4,Buses,2022,total,95467.0
BITRE-Road-Vehicles-Australia-January-2022-Re-Issue.xlsx,2022,Table 4,Motorcycles,2021,petrol,913328.0
BITRE-Road-Vehicles-Australia-January-2022-Re-Issue.xlsx,2022,Table 4,Motorcycles,2021,diesel,5.0
BITRE-Road-Vehicles-Australia-January-2022-Re-Issue.xlsx,2022,Table 4,Motorcycles,2021,dual_fuel,76.0
BITRE-Road-Vehicles-Australia-January-2022-Re-Issue.xlsx,2022,Table 4,Motorcycles,2021,total,916658.0
BITRE-Road-Vehicles-Australia-January-2022-Re-Issue.xlsx,2022,Table 4,Motorcycles,2022,petrol,935869.0
BITRE-Road-Vehicles-Australia-January-2022-Re-Issue.xlsx,2022,Table 4,Motorcycles,2022,diesel,6.0
BITRE-Road-Vehicles-Australia-January-2022-Re-Issue.xlsx,2022,Table 4,Motorcycles,2022,dual_fuel,75.0
BITRE-Road-Vehicles-Australia-January-2022-Re-Issue.xlsx,2022,Table 4,Motorcycles,2022,total,940456.0
BITRE-Road-Vehicles-Australia-January-2022-Re-Issue.xlsx,2022,Table 4,Total motor vehicles,2021,petrol,14421354.0
BITRE-Road-Vehicles-Australia-January-2022-Re-Issue.xlsx,2022,Table 4,Total motor vehicles,2021,diesel,5395853.0
BITRE-Road-Vehicles-Australia-January-2022-Re-Issue.xlsx,2022,Table 4,Total motor vehicles,2021,dual_fuel,145716.0
BITRE-Road-Vehicles-Australia-January-2022-Re-Issue.xlsx,2022,Table 4,Total motor vehicles,2021,total,20257739.0
BITRE-Road-Vehicles-Australia-January-2022-Re-Issue.xlsx,2022,Table 4,Total motor vehicles,2022,petrol,14474594.0
BITRE-Road-Vehicles-Australia-January-2022-Re-Issue.xlsx,2022,Table 4,Total motor vehicles,2022,diesel,5688736.0
BITRE-Road-Vehicles-Australia-January-2022-Re-Issue.xlsx,2022,Table 4,Total motor vehicles,2022,dual_fuel,131555.0
BITRE-Road-Vehicles-Australia-January-2022-Re-Issue.xlsx,2022,Table 4,Total motor vehicles,2022,total,20676596.0
BITRE-Road-Vehicles-Australia-January-2023-Re-Issue.xlsx,2023,Table 4,Passenger vehicles,2021,petrol,12451354.0
BITRE-Road-Vehicles-Australia-January-2023-Re-Issue.xlsx,2023,Table 4,Passenger vehicles,2021,diesel,2033930.0
BITRE-Road-Vehicles-Australia-January-2023-Re-Issue.xlsx,2023,Table 4,Passenger vehicles,2021,dual_fuel,98055.0
BITRE-Road-Vehicles-Australia-January-2023-Re-Issue.xlsx,2023,Table 4,Passenger vehicles,2021,hybrid_electric,204513.0
BITRE-Road-Vehicles-Australia-January-2023-Re-Issue.xlsx,2023,Table 4,Passenger vehicles,2021,battery_fuel_cell_electric,15701.0
BITRE-Road-Vehicles-Australia-January-2023-Re-Issue.xlsx,2023,Table 4,Passenger vehicles,2021,other,37411.0
BITRE-Road-Vehicles-Australia-January-2023-Re-Issue.xlsx,2023,Table 4,Passenger vehicles,2021,total,14840964.0
BITRE-Road-Vehicles-Australia-January-2023-Re-Issue.xlsx,2023,Table 4,Passenger vehicles,2022,petrol,12507092.0
BITRE-Road-Vehicles-Australia-January-2023-Re-Issue.xlsx,2023,Table 4,Passenger vehicles,2022,diesel,2111010.0
BITRE-Road-Vehicles-Australia-January-2023-Re-Issue.xlsx,2023,Table 4,Passenger vehicles,2022,dual_fuel,87974.0
BITRE-Road-Vehicles-Australia-January-2023-Re-Issue.xlsx,2023,Table 4,Passenger vehicles,2022,hybrid_electric,276453.0
BITRE-Road-Vehicles-Australia-January-2023-Re-Issue.xlsx,2023,Table 4,Passenger vehicles,2022,battery_fuel_cell_electric,33777.0
BITRE-Road-Vehicles-Australia-January-2023-Re-Issue.xlsx,2023,Table 4,Passenger vehicles,2022,other,34222.0
BITRE-Road-Vehicles-Australia-January-2023-Re-Issue.xlsx,2023,Table 4,Passenger vehicles,2022,total,15050528.0
BITRE-Road-Vehicles-Australia-January-2023-Re-Issue.xlsx,2023,Table 4,Passenger vehicles,2023,petrol,12577849.0
BITRE-Road-Vehicles-Australia-January-2023-Re-Issue.xlsx,2023,Table 4,Passenger vehicles,2023,diesel,2200911.0
BITRE-Road-Vehicles-Australia-January-2023-Re-Issue.xlsx,2023,Table 4,Passenger vehicles,2023,dual_fuel,80040.0
BITRE-Road-Vehicles-Australia-January-2023-Re-Issue.xlsx,2023,Table 4,Passenger vehicles,2023,hybrid_electric,362798.0
BITRE-Road-Vehicles-Australia-January-2023-Re-Issue.xlsx,2023,Table 4,Passenger vehicles,2023,battery_fuel_cell_electric,72231.0
BITRE-Road-Vehicles-Australia-January-2023-Re-Issue.xlsx,2023,Table 4,Passenger vehicles,2023,other,31510.0
BITRE-Road-Vehicles-Australia-January-2023-Re-Issue.xlsx,2023,Table 4,Passenger vehicles,2023,total,15325339.0
BITRE-Road-Vehicles-Australia-January-2023-Re-Issue.xlsx,2023,Table 4,Campervans,2021,petrol,37435.0
BITRE-Road-Vehicles-Australia-January-2023-Re-Issue.xlsx,2023,Table 4,Campervans,2021,diesel,46807.0
BITRE-Road-Vehicles-Australia-January-2023-Re-Issue.xlsx,2023,Table 4,Campervans,2021,dual_fuel,991.0
BITRE-Road-Vehicles-Australia-January-2023-Re-Issue.xlsx,2023,Table 4,Campervans,2021,hybrid_electric,71.0
BITRE-Road-Vehicles-Australia-January-2023-Re-Issue.xlsx,2023,Table 4,Campervans,2021,battery_fuel_cell_electric,3.0
BITRE-Road-Vehicles-Australia-January-2023-Re-Issue.xlsx,2023,Table 4,Campervans,2021,other,131.0
BITRE-Road-Vehicles-Australia-January-2023-Re-Issue.xlsx,2023,Table 4,Campervans,2021,total,85438.0
BITRE-Road-Vehicles-Australia-January-2023-Re-Issue.xlsx,2023,Table 4,Campervans,2022,petrol,38977.0
BITRE-Road-Vehicles-Australia-January-2023-Re-Issue.xlsx,2023,Table 4,Campervans,2022,diesel,50433.0
BITRE-Road-Vehicles-Australia-January-2023-Re-Issue.xlsx,2023,Table 4,Campervans,2022,dual_fuel,945.0
BITRE-Road-Vehicles-Australia-January-2023-Re-Issue.xlsx,2023,Table 4,Campervans,2022,hybrid_electric,90.0
BITRE-Road-Vehicles-Australia-January-2023-Re-Issue.xlsx,2023,Table 4,Campervans,2022,battery_fuel_cell_electric,4.0
BITRE-Road-Vehicles-Australia-January-2023-Re-Issue.xlsx,2023,Table 4,Campervans,2022,other,124.0
BITRE-Road-Vehicles-Australia-January-2023-Re-Issue.xlsx,2023,Table 4,Campervans,2022,total,90573.0
BITRE-Road-Vehicles-Australia-January-2023-Re-Issue.xlsx,2023,Table 4,Campervans,2023,petrol,39808.0
BITRE-Road-Vehicles-Australia-January-2023-Re-Issue.xlsx,2023,Table 4,Campervans,2023,diesel,53900.0
BITRE-Road-Vehicles-Australia-January-2023-Re-Issue.xlsx,2023,Table 4,Campervans,2023,dual_fuel,884.0
BITRE-Road-Vehicles-Australia-January-2023-Re-Issue.xlsx,2023,Table 4,Campervans,2023,hybrid_electric,101.0
BITRE-Road-Vehicles-Australia-January-2023-Re-Issue.xlsx,2023,Table 4,Campervans,2023,battery_fuel_cell_electric,5.0
BITRE-Road-Vehicles-Australia-January-2023-Re-Issue.xlsx,2023,Table 4,Campervans,2023,other,113.0
BITRE-Road-Vehicles-Australia-January-2023-Re-Issue.xlsx,2023,Table 4,Campervans,2023,total,94811.0
BITRE-Road-Vehicles-Australia-January-2023-Re-Issue.xlsx,2023,Table 4,Light commercial vehicles,2021,petrol,986466.0
BITRE-Road-Vehicles-Australia-January-2023-Re-Issue.xlsx,2023,Table 4,Light commercial vehicles,2021,diesel,2570940.0
BITRE-Road-Vehicles-Australia-January-2023-Re-Issue.xlsx,2023,Table 4,Light commercial vehicles,2021,dual_fuel,43484.0
BITRE-Road-Vehicles-Australia-January-2023-Re-Issue.xlsx,2023,Table 4,Light commercial vehicles,2021,hybrid_electric,80.0
BITRE-Road-Vehicles-Australia-January-2023-Re-Issue.xlsx,2023,Table 4,Light commercial vehicles,2021,battery_fuel_cell_electric,229.0
BITRE-Road-Vehicles-Australia-January-2023-Re-Issue.xlsx,2023,Table 4,Light commercial vehicles,2021,other,31235.0
BITRE-Road-Vehicles-Australia-January-2023-Re-Issue.xlsx,2023,Table 4,Light commercial vehicles,2021,total,3632434.0
BITRE-Road-Vehicles-Australia-January-2023-Re-Issue.xlsx,2023,Table 4,Light commercial vehicles,2022,petrol,960958.0
BITRE-Road-Vehicles-Australia-January-2023-Re-Issue.xlsx,2023,Table 4,Light commercial vehicles,2022,diesel,2754094.0
BITRE-Road-Vehicles-Australia-January-2023-Re-Issue.xlsx,2023,Table 4,Light commercial vehicles,2022,dual_fuel,39573.0
BITRE-Road-Vehicles-Australia-January-2023-Re-Issue.xlsx,2023,Table 4,Light commercial vehicles,2022,hybrid_electric,270.0
BITRE-Road-Vehicles-Australia-January-2023-Re-Issue.xlsx,2023,Table 4,Light commercial vehicles,2022,battery_fuel_cell_electric,291.0
BITRE-Road-Vehicles-Australia-January-2023-Re-Issue.xlsx,2023,Table 4,Light commercial vehicles,2022,other,29766.0
BITRE-Road-Vehicles-Australia-January-2023-Re-Issue.xlsx,2023,Table 4,Light commercial vehicles,2022,total,3784952.0
BITRE-Road-Vehicles-Australia-January-2023-Re-Issue.xlsx,2023,Table 4,Light commercial vehicles,2023,petrol,940411.0
BITRE-Road-Vehicles-Australia-January-2023-Re-Issue.xlsx,2023,Table 4,Light commercial vehicles,2023,diesel,2925511.0
BITRE-Road-Vehicles-Australia-January-2023-Re-Issue.xlsx,2023,Table 4,Light commercial vehicles,2023,dual_fuel,36094.0
BITRE-Road-Vehicles-Australia-January-2023-Re-Issue.xlsx,2023,Table 4,Light commercial vehicles,2023,hybrid_electric,821.0
BITRE-Road-Vehicles-Australia-January-2023-Re-Issue.xlsx,2023,Table 4,Light commercial vehicles,2023,battery_fuel_cell_electric,434.0
BITRE-Road-Vehicles-Australia-January-2023-Re-Issue.xlsx,2023,Table 4,Light commercial vehicles,2023,other,28198.0
BITRE-Road-Vehicles-Australia-January-2023-Re-Issue.xlsx,2023,Table 4,Light commercial vehicles,2023,total,3931469.0
BITRE-Road-Vehicles-Australia-January-2023-Re-Issue.xlsx,2023,Table 4,Light rigid trucks,2021,petrol,4101.0
BITRE-Road-Vehicles-Australia-January-2023-Re-Issue.xlsx,2023,Table 4,Light rigid trucks,2021,diesel,169813.0
BITRE-Road-Vehicles-Australia-January-2023-Re-Issue.xlsx,2023,Table 4,Light rigid trucks,2021,dual_fuel,464.0
BITRE-Road-Vehicles-Australia-January-2023-Re-Issue.xlsx,2023,Table 4,Light rigid trucks,2021,hybrid_electric,32.0
BITRE-Road-Vehicles-Australia-January-2023-Re-Issue.xlsx,2023,Table 4,Light rigid trucks,2021,battery_fuel_cell_electric,11.0
BITRE-Road-Vehicles-Australia-January-2023-Re-Issue.xlsx,2023,Table 4,Light rigid trucks,2021,other,49.0
BITRE-Road-Vehicles-Australia-January-2023-Re-Issue.xlsx,2023,Table 4,Light rigid trucks,2021,total,174470.0
BITRE-Road-Vehicles-Australia-January-2023-Re-Issue.xlsx,2023,Table 4,Light rigid trucks,2022,petrol,4086.0
BITRE-Road-Vehicles-Australia-January-2023-Re-Issue.xlsx,2023,Table 4,Light rigid trucks,2022,diesel,180845.0
BITRE-Road-Vehicles-Australia-January-2023-Re-Issue.xlsx,2023,Table 4,Light rigid trucks,2022,dual_fuel,449.0
BITRE-Road-Vehicles-Australia-January-2023-Re-Issue.xlsx,2023,Table 4,Light rigid trucks,2022,hybrid_electric,37.0
BITRE-Road-Vehicles-Australia-January-2023-Re-Issue.xlsx,2023,Table 4,Light rigid trucks,2022,battery_fuel_cell_electric,13.0
BITRE-Road-Vehicles-Australia-January-2023-Re-Issue.xlsx,2023,Table 4,Light rigid trucks,2022,other,47.0
BITRE-Road-Vehicles-Australia-January-2023-Re-Issue.xlsx,2023,Table 4,Light rigid trucks,2022,total,185477.0
BITRE-Road-Vehicles-Australia-January-2023-Re-Issue.xlsx,2023,Table 4,Light rigid trucks,2023,petrol,4312.0
BITRE-Road-Vehicles-Australia-January-2023-Re-Issue.xlsx,2023,Table 4,Light rigid trucks,2023,diesel,200122.0
BITRE-Road-Vehicles-Australia-January-2023-Re-Issue.xlsx,2023,Table 4,Light rigid trucks,2023,dual_fuel,418.0
BITRE-Road-Vehicles-Australia-January-2023-Re-Issue.xlsx,2023,Table 4,Light rigid trucks,2023,hybrid_electric,54.0
BITRE-Road-Vehicles-Australia-January-2023-Re-Issue.xlsx,2023,Table 4,Light rigid trucks,2023,battery_fuel_cell_electric,21.0
BITRE-Road-Vehicles-Australia-January-2023-Re-Issue.xlsx,2023,Table 4,Light rigid trucks,2023,other,47.0
BITRE-Road-Vehicles-Australia-January-2023-Re-Issue.xlsx,2023,Table 4,Light rigid trucks,2023,total,204974.0
BITRE-Road-Vehicles-Australia-January-2023-Re-Issue.xlsx,2023,Table 4,Heavy rigid trucks,2021,petrol,11442.0
BITRE-Road-Vehicles-Australia-January-2023-Re-Issue.xlsx,2023,Table 4,Heavy rigid trucks,2021,diesel,354973.0
BITRE-Road-Vehicles-Australia-January-2023-Re-Issue.xlsx,2023,Table 4,Heavy rigid trucks,2021,dual_fuel,868.0
BITRE-Road-Vehicles-Australia-January-2023-Re-Issue.xlsx,2023,Table 4,Heavy rigid trucks,2021,hybrid_electric,74.0
BITRE-Road-Vehicles-Australia-January-2023-Re-Issue.xlsx,2023,Table 4,Heavy rigid trucks,2021,battery_fuel_cell_electric,32.0
BITRE-Road-Vehicles-Australia-January-2023-Re-Issue.xlsx,2023,Table 4,Heavy rigid trucks,2021,other,368.0
BITRE-Road-Vehicles-Australia-January-2023-Re-Issue.xlsx,2023,Table 4,Heavy rigid trucks,2021,total,367757.0
BITRE-Road-Vehicles-Australia-January-2023-Re-Issue.xlsx,2023,Table 4,Heavy rigid trucks,2022,petrol,10946.0
BITRE-Road-Vehicles-Australia-January-2023-Re-Issue.xlsx,2023,Table 4,Heavy rigid trucks,2022,diesel,364763.0
BITRE-Road-Vehicles-Australia-January-2023-Re-Issue.xlsx,2023,Table 4,Heavy rigid trucks,2022,dual_fuel,855.0
BITRE-Road-Vehicles-Australia-January-2023-Re-Issue.xlsx,2023,Table 4,Heavy rigid trucks,2022,hybrid_electric,88.0
BITRE-Road-Vehicles-Australia-January-2023-Re-Issue.xlsx,2023,Table 4,Heavy rigid trucks,2022,battery_fuel_cell_electric,51.0
BITRE-Road-Vehicles-Australia-January-2023-Re-Issue.xlsx,2023,Table 4,Heavy rigid trucks,2022,other,331.0
BITRE-Road-Vehicles-Australia-January-2023-Re-Issue.xlsx,2023,Table 4,Heavy rigid trucks,2022,total,377034.0
BITRE-Road-Vehicles-Australia-January-2023-Re-Issue.xlsx,2023,Table 4,Heavy rigid trucks,2023,petrol,10410.0
BITRE-Road-Vehicles-Australia-January-2023-Re-Issue.xlsx,2023,Table 4,Heavy rigid trucks,2023,diesel,375582.0
BITRE-Road-Vehicles-Australia-January-2023-Re-Issue.xlsx,2023,Table 4,Heavy rigid trucks,2023,dual_fuel,808.0
BITRE-Road-Vehicles-Australia-January-2023-Re-Issue.xlsx,2023,Table 4,Heavy rigid trucks,2023,hybrid_electric,139.0
BITRE-Road-Vehicles-Australia-January-2023-Re-Issue.xlsx,2023,Table 4,Heavy rigid trucks,2023,battery_fuel_cell_electric,89.0
BITRE-Road-Vehicles-Australia-January-2023-Re-Issue.xlsx,2023,Table 4,Heavy rigid trucks,2023,other,275.0
BITRE-Road-Vehicles-Australia-January-2023-Re-Issue.xlsx,2023,Table 4,Heavy rigid trucks,2023,total,387303.0
BITRE-Road-Vehicles-Australia-January-2023-Re-Issue.xlsx,2023,Table 4,Articulated trucks,2021,petrol,980.0
BITRE-Road-Vehicles-Australia-January-2023-Re-Issue.xlsx,2023,Table 4,Articulated trucks,2021,diesel,109532.0
BITRE-Road-Vehicles-Australia-January-2023-Re-Issue.xlsx,2023,Table 4,Articulated trucks,2021,dual_fuel,128.0
BITRE-Road-Vehicles-Australia-January-2023-Re-Issue.xlsx,2023,Table 4,Articulated trucks,2021,hybrid_electric,3.0
BITRE-Road-Vehicles-Australia-January-2023-Re-Issue.xlsx,2023,Table 4,Articulated trucks,2021,battery_fuel_cell_electric,0.0
BITRE-Road-Vehicles-Australia-January-2023-Re-Issue.xlsx,2023,Table 4,Articulated trucks,2021,other,33.0
BITRE-Road-Vehicles-Australia-January-2023-Re-Issue.xlsx,2023,Table 4,Articulated trucks,2021,total,110676.0
BITRE-Road-Vehicles-Australia-January-2023-Re-Issue.xlsx,2023,Table 4,Articulated trucks,2022,petrol,935.0
BITRE-Road-Vehicles-Australia-January-2023-Re-Issue.xlsx,2023,Table 4,Articulated trucks,2022,diesel,114557.0
BITRE-Road-Vehicles-Australia-January-2023-Re-Issue.xlsx,2023,Table 4,Articulated trucks,2022,dual_fuel,128.0
BITRE-Road-Vehicles-Australia-January-2023-Re-Issue.xlsx,2023,Table 4,Articulated trucks,2022,hybrid_electric,3.0
BITRE-Road-Vehicles-Australia-January-2023-Re-Issue.xlsx,2023,Table 4,Articulated trucks,2022,battery_fuel_cell_electric,3.0
BITRE-Road-Vehicles-Australia-January-2023-Re-Issue.xlsx,2023,Table 4,Articulated trucks,2022,other,24.0
BITRE-Road-Vehicles-Australia-January-2023-Re-Issue.xlsx,2023,Table 4,Articulated trucks,2022,total,115650.0
BITRE-Road-Vehicles-Australia-January-2023-Re-Issue.xlsx,2023,Table 4,Articulated trucks,2023,petrol,931.0
BITRE-Road-Vehicles-Australia-January-2023-Re-Issue.xlsx,2023,Table 4,Articulated trucks,2023,diesel,119218.0
BITRE-Road-Vehicles-Australia-January-2023-Re-Issue.xlsx,2023,Table 4,Articulated trucks,2023,dual_fuel,147.0
BITRE-Road-Vehicles-Australia-January-2023-Re-Issue.xlsx,2023,Table 4,Articulated trucks,2023,hybrid_electric,3.0
BITRE-Road-Vehicles-Australia-January-2023-Re-Issue.xlsx,2023,Table 4,Articulated trucks,2023,battery_fuel_cell_electric,3.0
BITRE-Road-Vehicles-Australia-January-2023-Re-Issue.xlsx,2023,Table 4,Articulated trucks,2023,other,27.0
BITRE-Road-Vehicles-Australia-January-2023-Re-Issue.xlsx,2023,Table 4,Articulated trucks,2023,total,120329.0
BITRE-Road-Vehicles-Australia-January-2023-Re-Issue.xlsx,2023,Table 4,Non-freight-carrying vehicles,2021,petrol,2282.0
BITRE-Road-Vehicles-Australia-January-2023-Re-Issue.xlsx,2023,Table 4,Non-freight-carrying vehicles,2021,diesel,33013.0
BITRE-Road-Vehicles-Australia-January-2023-Re-Issue.xlsx,2023,Table 4,Non-freight-carrying vehicles,2021,dual_fuel,197.0
BITRE-Road-Vehicles-Australia-January-2023-Re-Issue.xlsx,2023,Table 4,Non-freight-carrying vehicles,2021,hybrid_electric,13.0
BITRE-Road-Vehicles-Australia-January-2023-Re-Issue.xlsx,2023,Table 4,Non-freight-carrying vehicles,2021,battery_fuel_cell_electric,53.0
BITRE-Road-Vehicles-Australia-January-2023-Re-Issue.xlsx,2023,Table 4,Non-freight-carrying vehicles,2021,other,149.0
BITRE-Road-Vehicles-Australia-January-2023-Re-Issue.xlsx,2023,Table 4,Non-freight-carrying vehicles,2021,total,35707.0
BITRE-Road-Vehicles-Australia-January-2023-Re-Issue.xlsx,2023,Table 4,Non-freight-carrying vehicles,2022,petrol,2350.0
BITRE-Road-Vehicles-Australia-January-2023-Re-Issue.xlsx,2023,Table 4,Non-freight-carrying vehicles,2022,diesel,33630.0
BITRE-Road-Vehicles-Australia-January-2023-Re-Issue.xlsx,2023,Table 4,Non-freight-carrying vehicles,2022,dual_fuel,208.0
BITRE-Road-Vehicles-Australia-January-2023-Re-Issue.xlsx,2023,Table 4,Non-freight-carrying vehicles,2022,hybrid_electric,14.0
BITRE-Road-Vehicles-Australia-January-2023-Re-Issue.xlsx,2023,Table 4,Non-freight-carrying vehicles,2022,battery_fuel_cell_electric,66.0
BITRE-Road-Vehicles-Australia-January-2023-Re-Issue.xlsx,2023,Table 4,Non-freight-carrying vehicles,2022,other,191.0
BITRE-Road-Vehicles-Australia-January-2023-Re-Issue.xlsx,2023,Table 4,Non-freight-carrying vehicles,2022,total,36459.0
BITRE-Road-Vehicles-Australia-January-2023-Re-Issue.xlsx,2023,Table 4,Non-freight-carrying vehicles,2023,petrol,2437.0
BITRE-Road-Vehicles-Australia-January-2023-Re-Issue.xlsx,2023,Table 4,Non-freight-carrying vehicles,2023,diesel,34681.0
BITRE-Road-Vehicles-Australia-January-2023-Re-Issue.xlsx,2023,Table 4,Non-freight-carrying vehicles,2023,dual_fuel,207.0
BITRE-Road-Vehicles-Australia-January-2023-Re-Issue.xlsx,2023,Table 4,Non-freight-carrying vehicles,2023,hybrid_electric,14.0
BITRE-Road-Vehicles-Australia-January-2023-Re-Issue.xlsx,2023,Table 4,Non-freight-carrying vehicles,2023,battery_fuel_cell_electric,73.0
BITRE-Road-Vehicles-Australia-January-2023-Re-Issue.xlsx,2023,Table 4,Non-freight-carrying vehicles,2023,other,199.0
BITRE-Road-Vehicles-Australia-January-2023-Re-Issue.xlsx,2023,Table 4,Non-freight-carrying vehicles,2023,total,37611.0
BITRE-Road-Vehicles-Australia-January-2023-Re-Issue.xlsx,2023,Table 4,Buses,2021,petrol,13966.0
BITRE-Road-Vehicles-Australia-January-2023-Re-Issue.xlsx,2023,Table 4,Buses,2021,diesel,76840.0
BITRE-Road-Vehicles-Australia-January-2023-Re-Issue.xlsx,2023,Table 4,Buses,2021,dual_fuel,1453.0
BITRE-Road-Vehicles-Australia-January-2023-Re-Issue.xlsx,2023,Table 4,Buses,2021,hybrid_electric,9.0
BITRE-Road-Vehicles-Australia-January-2023-Re-Issue.xlsx,2023,Table 4,Buses,2021,battery_fuel_cell_electric,38.0
BITRE-Road-Vehicles-Australia-January-2023-Re-Issue.xlsx,2023,Table 4,Buses,2021,other,1329.0
BITRE-Road-Vehicles-Australia-January-2023-Re-Issue.xlsx,2023,Table 4,Buses,2021,total,93635.0
BITRE-Road-Vehicles-Australia-January-2023-Re-Issue.xlsx,2023,Table 4,Buses,2022,petrol,13381.0
BITRE-Road-Vehicles-Australia-January-2023-Re-Issue.xlsx,2023,Table 4,Buses,2022,diesel,79398.0
BITRE-Road-Vehicles-Australia-January-2023-Re-Issue.xlsx,2023,Table 4,Buses,2022,dual_fuel,1348.0
BITRE-Road-Vehicles-Australia-January-2023-Re-Issue.xlsx,2023,Table 4,Buses,2022,hybrid_electric,13.0
BITRE-Road-Vehicles-Australia-January-2023-Re-Issue.xlsx,2023,Table 4,Buses,2022,battery_fuel_cell_electric,120.0
BITRE-Road-Vehicles-Australia-January-2023-Re-Issue.xlsx,2023,Table 4,Buses,2022,other,1207.0
BITRE-Road-Vehicles-Australia-January-2023-Re-Issue.xlsx,2023,Table 4,Buses,2022,total,95467.0
BITRE-Road-Vehicles-Australia-January-2023-Re-Issue.xlsx,2023,Table 4,Buses,2023,petrol,12994.0
BITRE-Road-Vehicles-Australia-January-2023-Re-Issue.xlsx,2023,Table 4,Buses,2023,diesel,82536.0
BITRE-Road-Vehicles-Australia-January-2023-Re-Issue.xlsx,2023,Table 4,Buses,2023,dual_fuel,1299.0
BITRE-Road-Vehicles-Australia-January-2023-Re-Issue.xlsx,2023,Table 4,Buses,2023,hybrid_electric,25.0
BITRE-Road-Vehicles-Australia-January-2023-Re-Issue.xlsx,2023,Table 4,Buses,2023,battery_fuel_cell_electric,223.0
BITRE-Road-Vehicles-Australia-January-2023-Re-Issue.xlsx,2023,Table 4,Buses,2023,other,1130.0
BITRE-Road-Vehicles-Australia-January-2023-Re-Issue.xlsx,2023,Table 4,Buses,2023,total,98207.0
BITRE-Road-Vehicles-Australia-January-2023-Re-Issue.xlsx,2023,Table 4,Motorcycles,2021,petrol,913328.0
BITRE-Road-Vehicles-Australia-January-2023-Re-Issue.xlsx,2023,Table 4,Motorcycles,2021,diesel,5.0
BITRE-Road-Vehicles-Australia-January-2023-Re-Issue.xlsx,2023,Table 4,Motorcycles,2021,dual_fuel,76.0
BITRE-Road-Vehicles-Australia-January-2023-Re-Issue.xlsx,2023,Table 4,Motorcycles,2021,hybrid_electric,19.0
BITRE-Road-Vehicles-Australia-January-2023-Re-Issue.xlsx,2023,Table 4,Motorcycles,2021,battery_fuel_cell_electric,3174.0
BITRE-Road-Vehicles-Australia-January-2023-Re-Issue.xlsx,2023,Table 4,Motorcycles,2021,other,56.0
BITRE-Road-Vehicles-Australia-January-2023-Re-Issue.xlsx,2023,Table 4,Motorcycles,2021,total,916658.0
BITRE-Road-Vehicles-Australia-January-2023-Re-Issue.xlsx,2023,Table 4,Motorcycles,2022,petrol,935869.0
BITRE-Road-Vehicles-Australia-January-2023-Re-Issue.xlsx,2023,Table 4,Motorcycles,2022,diesel,6.0
BITRE-Road-Vehicles-Australia-January-2023-Re-Issue.xlsx,2023,Table 4,Motorcycles,2022,dual_fuel,75.0
BITRE-Road-Vehicles-Australia-January-2023-Re-Issue.xlsx,2023,Table 4,Motorcycles,2022,hybrid_electric,17.0
BITRE-Road-Vehicles-Australia-January-2023-Re-Issue.xlsx,2023,Table 4,Motorcycles,2022,battery_fuel_cell_electric,4429.0
BITRE-Road-Vehicles-Australia-January-2023-Re-Issue.xlsx,2023,Table 4,Motorcycles,2022,other,60.0
BITRE-Road-Vehicles-Australia-January-2023-Re-Issue.xlsx,2023,Table 4,Motorcycles,2022,total,940456.0
BITRE-Road-Vehicles-Australia-January-2023-Re-Issue.xlsx,2023,Table 4,Motorcycles,2023,petrol,951538.0
BITRE-Road-Vehicles-Australia-January-2023-Re-Issue.xlsx,2023,Table 4,Motorcycles,2023,diesel,3.0
BITRE-Road-Vehicles-Australia-January-2023-Re-Issue.xlsx,2023,Table 4,Motorcycles,2023,dual_fuel,65.0
BITRE-Road-Vehicles-Australia-January-2023-Re-Issue.xlsx,2023,Table 4,Motorcycles,2023,hybrid_electric,17.0
BITRE-Road-Vehicles-Australia-January-2023-Re-Issue.xlsx,2023,Table 4,Motorcycles,2023,battery_fuel_cell_electric,6009.0
BITRE-Road-Vehicles-Australia-January-2023-Re-Issue.xlsx,2023,Table 4,Motorcycles,2023,other,61.0
BITRE-Road-Vehicles-Australia-January-2023-Re-Issue.xlsx,2023,Table 4,Motorcycles,2023,total,957693.0
BITRE-Road-Vehicles-Australia-January-2023-Re-Issue.xlsx,2023,Table 4,Total motor vehicles,2021,petrol,14421354.0
BITRE-Road-Vehicles-Australia-January-2023-Re-Issue.xlsx,2023,Table 4,Total motor vehicles,2021,diesel,5395853.0
BITRE-Road-Vehicles-Australia-January-2023-Re-Issue.xlsx,2023,Table 4,Total motor vehicles,2021,dual_fuel,145716.0
BITRE-Road-Vehicles-Australia-January-2023-Re-Issue.xlsx,2023,Table 4,Total motor vehicles,2021,hybrid_electric,204814.0
BITRE-Road-Vehicles-Australia-January-2023-Re-Issue.xlsx,2023,Table 4,Total motor vehicles,2021,battery_fuel_cell_electric,19241.0
BITRE-Road-Vehicles-Australia-January-2023-Re-Issue.xlsx,2023,Table 4,Total motor vehicles,2021,other,70761.0
BITRE-Road-Vehicles-Australia-January-2023-Re-Issue.xlsx,2023,Table 4,Total motor vehicles,2021,total,20257739.0
BITRE-Road-Vehicles-Australia-January-2023-Re-Issue.xlsx,2023,Table 4,Total motor vehicles,2022,petrol,14474594.0
BITRE-Road-Vehicles-Australia-January-2023-Re-Issue.xlsx,2023,Table 4,Total motor vehicles,2022,diesel,5688736.0
BITRE-Road-Vehicles-Australia-January-2023-Re-Issue.xlsx,2023,Table 4,Total motor vehicles,2022,dual_fuel,131555.0
BITRE-Road-Vehicles-Australia-January-2023-Re-Issue.xlsx,2023,Table 4,Total motor vehicles,2022,hybrid_electric,276985.0
BITRE-Road-Vehicles-Australia-January-2023-Re-Issue.xlsx,2023,Table 4,Total motor vehicles,2022,battery_fuel_cell_electric,38754.0
BITRE-Road-Vehicles-Australia-January-2023-Re-Issue.xlsx,2023,Table 4,Total motor vehicles,2022,other,65972.0
BITRE-Road-Vehicles-Australia-January-2023-Re-Issue.xlsx,2023,Table 4,Total motor vehicles,2022,total,20676596.0
BITRE-Road-Vehicles-Australia-January-2023-Re-Issue.xlsx,2023,Table 4,Total motor vehicles,2023,petrol,14540690.0
BITRE-Road-Vehicles-Australia-January-2023-Re-Issue.xlsx,2023,Table 4,Total motor vehicles,2023,diesel,5992464.0
BITRE-Road-Vehicles-Australia-January-2023-Re-Issue.xlsx,2023,Table 4,Total motor vehicles,2023,dual_fuel,119962.0
BITRE-Road-Vehicles-Australia-January-2023-Re-Issue.xlsx,2023,Table 4,Total motor vehicles,2023,hybrid_electric,363972.0
BITRE-Road-Vehicles-Australia-January-2023-Re-Issue.xlsx,2023,Table 4,Total motor vehicles,2023,battery_fuel_cell_electric,79088.0
BITRE-Road-Vehicles-Australia-January-2023-Re-Issue.xlsx,2023,Table 4,Total motor vehicles,2023,other,61560.0
BITRE-Road-Vehicles-Australia-January-2023-Re-Issue.xlsx,2023,Table 4,Total motor vehicles,2023,total,21157736.0
BITRE-Road-Vehicles-Australia-January-2025.xlsx,2025,Table 4,Passenger vehicles,2023,petrol,12575204.0
BITRE-Road-Vehicles-Australia-January-2025.xlsx,2025,Table 4,Passenger vehicles,2023,diesel,2201535.0
BITRE-Road-Vehicles-Australia-January-2025.xlsx,2025,Table 4,Passenger vehicles,2023,dual_fuel,77723.0
BITRE-Road-Vehicles-Australia-January-2025.xlsx,2025,Table 4,Passenger vehicles,2023,hybrid_electric,366319.0
BITRE-Road-Vehicles-Australia-January-2025.xlsx,2025,Table 4,Passenger vehicles,2023,battery_fuel_cell_electric,72040.0
BITRE-Road-Vehicles-Australia-January-2025.xlsx,2025,Table 4,Passenger vehicles,2023,other,31494.0
BITRE-Road-Vehicles-Australia-January-2025.xlsx,2025,Table 4,Passenger vehicles,2023,total,15324315.0
BITRE-Road-Vehicles-Australia-January-2025.xlsx,2025,Table 4,Passenger vehicles,2024,petrol,12670141.0
BITRE-Road-Vehicles-Australia-January-2025.xlsx,2025,Table 4,Passenger vehicles,2024,diesel,2286640.0
BITRE-Road-Vehicles-Australia-January-2025.xlsx,2025,Table 4,Passenger vehicles,2024,dual_fuel,69772.0
BITRE-Road-Vehicles-Australia-January-2025.xlsx,2025,Table 4,Passenger vehicles,2024,hybrid_electric,483990.0
BITRE-Road-Vehicles-Australia-January-2025.xlsx,2025,Table 4,Passenger vehicles,2024,battery_fuel_cell_electric,159649.0
BITRE-Road-Vehicles-Australia-January-2025.xlsx,2025,Table 4,Passenger vehicles,2024,other,28719.0
BITRE-Road-Vehicles-Australia-January-2025.xlsx,2025,Table 4,Passenger vehicles,2024,total,15698911.0
BITRE-Road-Vehicles-Australia-January-2025.xlsx,2025,Table 4,Passenger vehicles,2025,petrol,12689072.0
BITRE-Road-Vehicles-Australia-January-2025.xlsx,2025,Table 4,Passenger vehicles,2025,diesel,2350002.0
BITRE-Road-Vehicles-Australia-January-2025.xlsx,2025,Table 4,Passenger vehicles,2025,dual_fuel,63347.0
BITRE-Road-Vehicles-Australia-January-2025.xlsx,2025,Table 4,Passenger vehicles,2025,hybrid_electric,702352.0
BITRE-Road-Vehicles-Australia-January-2025.xlsx,2025,Table 4,Passenger vehicles,2025,battery_fuel_cell_electric,249430.0
BITRE-Road-Vehicles-Australia-January-2025.xlsx,2025,Table 4,Passenger vehicles,2025,other,25833.0
BITRE-Road-Vehicles-Australia-January-2025.xlsx,2025,Table 4,Passenger vehicles,2025,total,16080036.0
BITRE-Road-Vehicles-Australia-January-2025.xlsx,2025,Table 4,Campervans,2023,petrol,39828.0
BITRE-Road-Vehicles-Australia-January-2025.xlsx,2025,Table 4,Campervans,2023,diesel,55408.0
BITRE-Road-Vehicles-Australia-January-2025.xlsx,2025,Table 4,Campervans,2023,dual_fuel,890.0
BITRE-Road-Vehicles-Australia-January-2025.xlsx,2025,Table 4,Campervans,2023,hybrid_electric,102.0
BITRE-Road-Vehicles-Australia-January-2025.xlsx,2025,Table 4,Campervans,2023,battery_fuel_cell_electric,4.0
BITRE-Road-Vehicles-Australia-January-2025.xlsx,2025,Table 4,Campervans,2023,other,115.0
BITRE-Road-Vehicles-Australia-January-2025.xlsx,2025,Table 4,Campervans,2023,total,96347.0
BITRE-Road-Vehicles-Australia-January-2025.xlsx,2025,Table 4,Campervans,2024,petrol,39090.0
BITRE-Road-Vehicles-Australia-January-2025.xlsx,2025,Table 4,Campervans,2024,diesel,59170.0
BITRE-Road-Vehicles-Australia-January-2025.xlsx,2025,Table 4,Campervans,2024,dual_fuel,808.0
BITRE-Road-Vehicles-Australia-January-2025.xlsx,2025,Table 4,Campervans,2024,hybrid_electric,113.0
BITRE-Road-Vehicles-Australia-January-2025.xlsx,2025,Table 4,Campervans,2024,battery_fuel_cell_electric,4.0
BITRE-Road-Vehicles-Australia-January-2025.xlsx,2025,Table 4,Campervans,2024,other,115.0
BITRE-Road-Vehicles-Australia-January-2025.xlsx,2025,Table 4,Campervans,2024,total,99300.0
BITRE-Road-Vehicles-Australia-January-2025.xlsx,2025,Table 4,Campervans,2025,petrol,37985.0
BITRE-Road-Vehicles-Australia-January-2025.xlsx,2025,Table 4,Campervans,2025,diesel,64521.0
BITRE-Road-Vehicles-Australia-January-2025.xlsx,2025,Table 4,Campervans,2025,dual_fuel,752.0
BITRE-Road-Vehicles-Australia-January-2025.xlsx,2025,Table 4,Campervans,2025,hybrid_electric,108.0
BITRE-Road-Vehicles-Australia-January-2025.xlsx,2025,Table 4,Campervans,2025,battery_fuel_cell_electric,6.0
BITRE-Road-Vehicles-Australia-January-2025.xlsx,2025,Table 4,Campervans,2025,other,109.0
BITRE-Road-Vehicles-Australia-January-2025.xlsx,2025,Table 4,Campervans,2025,total,103481.0
BITRE-Road-Vehicles-Australia-January-2025.xlsx,2025,Table 4,Light commercial vehicles,2023,petrol,940960.0
BITRE-Road-Vehicles-Australia-January-2025.xlsx,2025,Table 4,Light commercial vehicles,2023,diesel,2920523.0
BITRE-Road-Vehicles-Australia-January-2025.xlsx,2025,Table 4,Light commercial vehicles,2023,dual_fuel,35985.0
BITRE-Road-Vehicles-Australia-January-2025.xlsx,2025,Table 4,Light commercial vehicles,2023,hybrid_electric,818.0
BITRE-Road-Vehicles-Australia-January-2025.xlsx,2025,Table 4,Light commercial vehicles,2023,battery_fuel_cell_electric,425.0
BITRE-Road-Vehicles-Australia-January-2025.xlsx,2025,Table 4,Light commercial vehicles,2023,other,28187.0
BITRE-Road-Vehicles-Australia-January-2025.xlsx,2025,Table 4,Light commercial vehicles,2023,total,3926898.0
BITRE-Road-Vehicles-Australia-January-2025.xlsx,2025,Table 4,Light commercial vehicles,2024,petrol,924203.0
BITRE-Road-Vehicles-Australia-January-2025.xlsx,2025,Table 4,Light commercial vehicles,2024,diesel,3085802.0
BITRE-Road-Vehicles-Australia-January-2025.xlsx,2025,Table 4,Light commercial vehicles,2024,dual_fuel,32332.0
BITRE-Road-Vehicles-Australia-January-2025.xlsx,2025,Table 4,Light commercial vehicles,2024,hybrid_electric,1458.0
BITRE-Road-Vehicles-Australia-January-2025.xlsx,2025,Table 4,Light commercial vehicles,2024,battery_fuel_cell_electric,675.0
BITRE-Road-Vehicles-Australia-January-2025.xlsx,2025,Table 4,Light commercial vehicles,2024,other,26423.0
BITRE-Road-Vehicles-Australia-January-2025.xlsx,2025,Table 4,Light commercial vehicles,2024,total,4070893.0
BITRE-Road-Vehicles-Australia-January-2025.xlsx,2025,Table 4,Light commercial vehicles,2025,petrol,900885.0
BITRE-Road-Vehicles-Australia-January-2025.xlsx,2025,Table 4,Light commercial vehicles,2025,diesel,3234262.0
BITRE-Road-Vehicles-Australia-January-2025.xlsx,2025,Table 4,Light commercial vehicles,2025,dual_fuel,29389.0
BITRE-Road-Vehicles-Australia-January-2025.xlsx,2025,Table 4,Light commercial vehicles,2025,hybrid_electric,5878.0
BITRE-Road-Vehicles-Australia-January-2025.xlsx,2025,Table 4,Light commercial vehicles,2025,battery_fuel_cell_electric,948.0
BITRE-Road-Vehicles-Australia-January-2025.xlsx,2025,Table 4,Light commercial vehicles,2025,other,24471.0
BITRE-Road-Vehicles-Australia-January-2025.xlsx,2025,Table 4,Light commercial vehicles,2025,total,4195833.0
BITRE-Road-Vehicles-Australia-January-2025.xlsx,2025,Table 4,Light rigid trucks,2023,petrol,4898.0
BITRE-Road-Vehicles-Australia-January-2025.xlsx,2025,Table 4,Light rigid trucks,2023,diesel,199656.0
BITRE-Road-Vehicles-Australia-January-2025.xlsx,2025,Table 4,Light rigid trucks,2023,dual_fuel,694.0
BITRE-Road-Vehicles-Australia-January-2025.xlsx,2025,Table 4,Light rigid trucks,2023,hybrid_electric,38.0
BITRE-Road-Vehicles-Australia-January-2025.xlsx,2025,Table 4,Light rigid trucks,2023,battery_fuel_cell_electric,22.0
BITRE-Road-Vehicles-Australia-January-2025.xlsx,2025,Table 4,Light rigid trucks,2023,other,144.0
BITRE-Road-Vehicles-Australia-January-2025.xlsx,2025,Table 4,Light rigid trucks,2023,total,205452.0
BITRE-Road-Vehicles-Australia-January-2025.xlsx,2025,Table 4,Light rigid trucks,2024,petrol,5501.0
BITRE-Road-Vehicles-Australia-January-2025.xlsx,2025,Table 4,Light rigid trucks,2024,diesel,226920.0
BITRE-Road-Vehicles-Australia-January-2025.xlsx,2025,Table 4,Light rigid trucks,2024,dual_fuel,655.0
BITRE-Road-Vehicles-Australia-January-2025.xlsx,2025,Table 4,Light rigid trucks,2024,hybrid_electric,105.0
BITRE-Road-Vehicles-Australia-January-2025.xlsx,2025,Table 4,Light rigid trucks,2024,battery_fuel_cell_electric,211.0
BITRE-Road-Vehicles-Australia-January-2025.xlsx,2025,Table 4,Light rigid trucks,2024,other,140.0
BITRE-Road-Vehicles-Australia-January-2025.xlsx,2025,Table 4,Light rigid trucks,2024,total,233532.0
BITRE-Road-Vehicles-Australia-January-2025.xlsx,2025,Table 4,Light rigid trucks,2025,petrol,6124.0
BITRE-Road-Vehicles-Australia-January-2025.xlsx,2025,Table 4,Light rigid trucks,2025,diesel,255295.0
BITRE-Road-Vehicles-Australia-January-2025.xlsx,2025,Table 4,Light rigid trucks,2025,dual_fuel,654.0
BITRE-Road-Vehicles-Australia-January-2025.xlsx,2025,Table 4,Light rigid trucks,2025,hybrid_electric,524.0
BITRE-Road-Vehicles-Australia-January-2025.xlsx,2025,Table 4,Light rigid trucks,2025,battery_fuel_cell_electric,565.0
BITRE-Road-Vehicles-Australia-January-2025.xlsx,2025,Table 4,Light rigid trucks,2025,other,130.0
BITRE-Road-Vehicles-Australia-January-2025.xlsx,2025,Table 4,Light rigid trucks,2025,total,263292.0
BITRE-Road-Vehicles-Australia-January-2025.xlsx,2025,Table 4,Heavy rigid trucks,2023,petrol,9704.0
BITRE-Road-Vehicles-Australia-January-2025.xlsx,2025,Table 4,Heavy rigid trucks,2023,diesel,373705.0
BITRE-Road-Vehicles-Australia-January-2025.xlsx,2025,Table 4,Heavy rigid trucks,2023,dual_fuel,594.0
BITRE-Road-Vehicles-Australia-January-2025.xlsx,2025,Table 4,Heavy rigid trucks,2023,hybrid_electric,92.0
BITRE-Road-Vehicles-Australia-January-2025.xlsx,2025,Table 4,Heavy rigid trucks,2023,battery_fuel_cell_electric,91.0
BITRE-Road-Vehicles-Australia-January-2025.xlsx,2025,Table 4,Heavy rigid trucks,2023,other,192.0
BITRE-Road-Vehicles-Australia-January-2025.xlsx,2025,Table 4,Heavy rigid trucks,2023,total,384378.0
BITRE-Road-Vehicles-Australia-January-2025.xlsx,2025,Table 4,Heavy rigid trucks,2024,petrol,9228.0
BITRE-Road-Vehicles-Australia-January-2025.xlsx,2025,Table 4,Heavy rigid trucks,2024,diesel,384602.0
BITRE-Road-Vehicles-Australia-January-2025.xlsx,2025,Table 4,Heavy rigid trucks,2024,dual_fuel,591.0
BITRE-Road-Vehicles-Australia-January-2025.xlsx,2025,Table 4,Heavy rigid trucks,2024,hybrid_electric,135.0
BITRE-Road-Vehicles-Australia-January-2025.xlsx,2025,Table 4,Heavy rigid trucks,2024,battery_fuel_cell_electric,199.0
BITRE-Road-Vehicles-Australia-January-2025.xlsx,2025,Table 4,Heavy rigid trucks,2024,other,171.0
BITRE-Road-Vehicles-Australia-January-2025.xlsx,2025,Table 4,Heavy rigid trucks,2024,total,394926.0
BITRE-Road-Vehicles-Australia-January-2025.xlsx,2025,Table 4,Heavy rigid trucks,2025,petrol,8806.0
BITRE-Road-Vehicles-Australia-January-2025.xlsx,2025,Table 4,Heavy rigid trucks,2025,diesel,393924.0
BITRE-Road-Vehicles-Australia-January-2025.xlsx,2025,Table 4,Heavy rigid trucks,2025,dual_fuel,568.0
BITRE-Road-Vehicles-Australia-January-2025.xlsx,2025,Table 4,Heavy rigid trucks,2025,hybrid_electric,185.0
BITRE-Road-Vehicles-Australia-January-2025.xlsx,2025,Table 4,Heavy rigid trucks,2025,battery_fuel_cell_electric,305.0
BITRE-Road-Vehicles-Australia-January-2025.xlsx,2025,Table 4,Heavy rigid trucks,2025,other,158.0
BITRE-Road-Vehicles-Australia-January-2025.xlsx,2025,Table 4,Heavy rigid trucks,2025,total,403946.0
BITRE-Road-Vehicles-Australia-January-2025.xlsx,2025,Table 4,Articulated trucks,2023,petrol,929.0
BITRE-Road-Vehicles-Australia-January-2025.xlsx,2025,Table 4,Articulated trucks,2023,diesel,119190.0
BITRE-Road-Vehicles-Australia-January-2025.xlsx,2025,Table 4,Articulated trucks,2023,dual_fuel,147.0
BITRE-Road-Vehicles-Australia-January-2025.xlsx,2025,Table 4,Articulated trucks,2023,hybrid_electric,3.0
BITRE-Road-Vehicles-Australia-January-2025.xlsx,2025,Table 4,Articulated trucks,2023,battery_fuel_cell_electric,3.0
BITRE-Road-Vehicles-Australia-January-2025.xlsx,2025,Table 4,Articulated trucks,2023,other,27.0
BITRE-Road-Vehicles-Australia-January-2025.xlsx,2025,Table 4,Articulated trucks,2023,total,120299.0
BITRE-Road-Vehicles-Australia-January-2025.xlsx,2025,Table 4,Articulated trucks,2024,petrol,930.0
BITRE-Road-Vehicles-Australia-January-2025.xlsx,2025,Table 4,Articulated trucks,2024,diesel,123152.0
BITRE-Road-Vehicles-Australia-January-2025.xlsx,2025,Table 4,Articulated trucks,2024,dual_fuel,139.0
BITRE-Road-Vehicles-Australia-January-2025.xlsx,2025,Table 4,Articulated trucks,2024,hybrid_electric,3.0
BITRE-Road-Vehicles-Australia-January-2025.xlsx,2025,Table 4,Articulated trucks,2024,battery_fuel_cell_electric,14.0
BITRE-Road-Vehicles-Australia-January-2025.xlsx,2025,Table 4,Articulated trucks,2024,other,30.0
BITRE-Road-Vehicles-Australia-January-2025.xlsx,2025,Table 4,Articulated trucks,2024,total,124268.0
BITRE-Road-Vehicles-Australia-January-2025.xlsx,2025,Table 4,Articulated trucks,2025,petrol,940.0
BITRE-Road-Vehicles-Australia-January-2025.xlsx,2025,Table 4,Articulated trucks,2025,diesel,127245.0
BITRE-Road-Vehicles-Australia-January-2025.xlsx,2025,Table 4,Articulated trucks,2025,dual_fuel,135.0
BITRE-Road-Vehicles-Australia-January-2025.xlsx,2025,Table 4,Articulated trucks,2025,hybrid_electric,3.0
BITRE-Road-Vehicles-Australia-January-2025.xlsx,2025,Table 4,Articulated trucks,2025,battery_fuel_cell_electric,28.0
BITRE-Road-Vehicles-Australia-January-2025.xlsx,2025,Table 4,Articulated trucks,2025,other,32.0
BITRE-Road-Vehicles-Australia-January-2025.xlsx,2025,Table 4,Articulated trucks,2025,total,128383.0
BITRE-Road-Vehicles-Australia-January-2025.xlsx,2025,Table 4,Non-freight-carrying vehicles,2023,petrol,2035.0
BITRE-Road-Vehicles-Australia-January-2025.xlsx,2025,Table 4,Non-freight-carrying vehicles,2023,diesel,39652.0
BITRE-Road-Vehicles-Australia-January-2025.xlsx,2025,Table 4,Non-freight-carrying vehicles,2023,dual_fuel,192.0
BITRE-Road-Vehicles-Australia-January-2025.xlsx,2025,Table 4,Non-freight-carrying vehicles,2023,hybrid_electric,13.0
BITRE-Road-Vehicles-Australia-January-2025.xlsx,2025,Table 4,Non-freight-carrying vehicles,2023,battery_fuel_cell_electric,29.0
BITRE-Road-Vehicles-Australia-January-2025.xlsx,2025,Table 4,Non-freight-carrying vehicles,2023,other,105.0
BITRE-Road-Vehicles-Australia-January-2025.xlsx,2025,Table 4,Non-freight-carrying vehicles,2023,total,42026.0
BITRE-Road-Vehicles-Australia-January-2025.xlsx,2025,Table 4,Non-freight-carrying vehicles,2024,petrol,1998.0
BITRE-Road-Vehicles-Australia-January-2025.xlsx,2025,Table 4,Non-freight-carrying vehicles,2024,diesel,40486.0
BITRE-Road-Vehicles-Australia-January-2025.xlsx,2025,Table 4,Non-freight-carrying vehicles,2024,dual_fuel,191.0
BITRE-Road-Vehicles-Australia-January-2025.xlsx,2025,Table 4,Non-freight-carrying vehicles,2024,hybrid_electric,14.0
BITRE-Road-Vehicles-Australia-January-2025.xlsx,2025,Table 4,Non-freight-carrying vehicles,2024,battery_fuel_cell_electric,35.0
BITRE-Road-Vehicles-Australia-January-2025.xlsx,2025,Table 4,Non-freight-carrying vehicles,2024,other,107.0
BITRE-Road-Vehicles-Australia-January-2025.xlsx,2025,Table 4,Non-freight-carrying vehicles,2024,total,42831.0
BITRE-Road-Vehicles-Australia-January-2025.xlsx,2025,Table 4,Non-freight-carrying vehicles,2025,petrol,1963.0
BITRE-Road-Vehicles-Australia-January-2025.xlsx,2025,Table 4,Non-freight-carrying vehicles,2025,diesel,41380.0
BITRE-Road-Vehicles-Australia-January-2025.xlsx,2025,Table 4,Non-freight-carrying vehicles,2025,dual_fuel,180.0
BITRE-Road-Vehicles-Australia-January-2025.xlsx,2025,Table 4,Non-freight-carrying vehicles,2025,hybrid_electric,18.0
BITRE-Road-Vehicles-Australia-January-2025.xlsx,2025,Table 4,Non-freight-carrying vehicles,2025,battery_fuel_cell_electric,43.0
BITRE-Road-Vehicles-Australia-January-2025.xlsx,2025,Table 4,Non-freight-carrying vehicles,2025,other,93.0
BITRE-Road-Vehicles-Australia-January-2025.xlsx,2025,Table 4,Non-freight-carrying vehicles,2025,total,43677.0
BITRE-Road-Vehicles-Australia-January-2025.xlsx,2025,Table 4,Light buses,2023,petrol,12607.0
BITRE-Road-Vehicles-Australia-January-2025.xlsx,2025,Table 4,Light buses,2023,diesel,38811.0
BITRE-Road-Vehicles-Australia-January-2025.xlsx,2025,Table 4,Light buses,2023,dual_fuel,1221.0
BITRE-Road-Vehicles-Australia-January-2025.xlsx,2025,Table 4,Light buses,2023,hybrid_electric,0.0
BITRE-Road-Vehicles-Australia-January-2025.xlsx,2025,Table 4,Light buses,2023,battery_fuel_cell_electric,11.0
BITRE-Road-Vehicles-Australia-January-2025.xlsx,2025,Table 4,Light buses,2023,other,50.0
BITRE-Road-Vehicles-Australia-January-2025.xlsx,2025,Table 4,Light buses,2023,total,52700.0
BITRE-Road-Vehicles-Australia-January-2025.xlsx,2025,Table 4,Light buses,2024,petrol,12149.0
BITRE-Road-Vehicles-Australia-January-2025.xlsx,2025,Table 4,Light buses,2024,diesel,40477.0
BITRE-Road-Vehicles-Australia-January-2025.xlsx,2025,Table 4,Light buses,2024,dual_fuel,1149.0
BITRE-Road-Vehicles-Australia-January-2025.xlsx,2025,Table 4,Light buses,2024,hybrid_electric,0.0
BITRE-Road-Vehicles-Australia-January-2025.xlsx,2025,Table 4,Light buses,2024,battery_fuel_cell_electric,22.0
BITRE-Road-Vehicles-Australia-January-2025.xlsx,2025,Table 4,Light buses,2024,other,53.0
BITRE-Road-Vehicles-Australia-January-2025.xlsx,2025,Table 4,Light buses,2024,total,53850.0
BITRE-Road-Vehicles-Australia-January-2025.xlsx,2025,Table 4,Light buses,2025,petrol,11778.0
BITRE-Road-Vehicles-Australia-January-2025.xlsx,2025,Table 4,Light buses,2025,diesel,42798.0
BITRE-Road-Vehicles-Australia-January-2025.xlsx,2025,Table 4,Light buses,2025,dual_fuel,1059.0
BITRE-Road-Vehicles-Australia-January-2025.xlsx,2025,Table 4,Light buses,2025,hybrid_electric,0.0
BITRE-Road-Vehicles-Australia-January-2025.xlsx,2025,Table 4,Light buses,2025,battery_fuel_cell_electric,31.0
BITRE-Road-Vehicles-Australia-January-2025.xlsx,2025,Table 4,Light buses,2025,other,50.0
BITRE-Road-Vehicles-Australia-January-2025.xlsx,2025,Table 4,Light buses,2025,total,55716.0
BITRE-Road-Vehicles-Australia-January-2025.xlsx,2025,Table 4,Heavy buses,2023,petrol,890.0
BITRE-Road-Vehicles-Australia-January-2025.xlsx,2025,Table 4,Heavy buses,2023,diesel,44927.0
BITRE-Road-Vehicles-Australia-January-2025.xlsx,2025,Table 4,Heavy buses,2023,dual_fuel,106.0
BITRE-Road-Vehicles-Australia-January-2025.xlsx,2025,Table 4,Heavy buses,2023,hybrid_electric,50.0
BITRE-Road-Vehicles-Australia-January-2025.xlsx,2025,Table 4,Heavy buses,2023,battery_fuel_cell_electric,213.0
BITRE-Road-Vehicles-Australia-January-2025.xlsx,2025,Table 4,Heavy buses,2023,other,1082.0
BITRE-Road-Vehicles-Australia-January-2025.xlsx,2025,Table 4,Heavy buses,2023,total,47268.0
BITRE-Road-Vehicles-Australia-January-2025.xlsx,2025,Table 4,Heavy buses,2024,petrol,843.0
BITRE-Road-Vehicles-Australia-January-2025.xlsx,2025,Table 4,Heavy buses,2024,diesel,45447.0
BITRE-Road-Vehicles-Australia-January-2025.xlsx,2025,Table 4,Heavy buses,2024,dual_fuel,107.0
BITRE-Road-Vehicles-Australia-January-2025.xlsx,2025,Table 4,Heavy buses,2024,hybrid_electric,51.0
BITRE-Road-Vehicles-Australia-January-2025.xlsx,2025,Table 4,Heavy buses,2024,battery_fuel_cell_electric,368.0
BITRE-Road-Vehicles-Australia-January-2025.xlsx,2025,Table 4,Heavy buses,2024,other,1004.0
BITRE-Road-Vehicles-Australia-January-2025.xlsx,2025,Table 4,Heavy buses,2024,total,47820.0
BITRE-Road-Vehicles-Australia-January-2025.xlsx,2025,Table 4,Heavy buses,2025,petrol,824.0
BITRE-Road-Vehicles-Australia-January-2025.xlsx,2025,Table 4,Heavy buses,2025,diesel,46337.0
BITRE-Road-Vehicles-Australia-January-2025.xlsx,2025,Table 4,Heavy buses,2025,dual_fuel,99.0
BITRE-Road-Vehicles-Australia-January-2025.xlsx,2025,Table 4,Heavy buses,2025,hybrid_electric,61.0
BITRE-Road-Vehicles-Australia-January-2025.xlsx,2025,Table 4,Heavy buses,2025,battery_fuel_cell_electric,629.0
BITRE-Road-Vehicles-Australia-January-2025.xlsx,2025,Table 4,Heavy buses,2025,other,966.0
BITRE-Road-Vehicles-Australia-January-2025.xlsx,2025,Table 4,Heavy buses,2025,total,48916.0
BITRE-Road-Vehicles-Australia-January-2025.xlsx,2025,Table 4,Motorcycles,2023,petrol,955442.0
BITRE-Road-Vehicles-Australia-January-2025.xlsx,2025,Table 4,Motorcycles,2023,diesel,3.0
BITRE-Road-Vehicles-Australia-January-2025.xlsx,2025,Table 4,Motorcycles,2023,dual_fuel,0.0
BITRE-Road-Vehicles-Australia-January-2025.xlsx,2025,Table 4,Motorcycles,2023,hybrid_electric,0.0
BITRE-Road-Vehicles-Australia-January-2025.xlsx,2025,Table 4,Motorcycles,2023,battery_fuel_cell_electric,6039.0
BITRE-Road-Vehicles-Australia-January-2025.xlsx,2025,Table 4,Motorcycles,2023,other,17.0
BITRE-Road-Vehicles-Australia-January-2025.xlsx,2025,Table 4,Motorcycles,2023,total,961501.0
BITRE-Road-Vehicles-Australia-January-2025.xlsx,2025,Table 4,Motorcycles,2024,petrol,966862.0
BITRE-Road-Vehicles-Australia-January-2025.xlsx,2025,Table 4,Motorcycles,2024,diesel,4.0
BITRE-Road-Vehicles-Australia-January-2025.xlsx,2025,Table 4,Motorcycles,2024,dual_fuel,0.0
BITRE-Road-Vehicles-Australia-January-2025.xlsx,2025,Table 4,Motorcycles,2024,hybrid_electric,0.0
BITRE-Road-Vehicles-Australia-January-2025.xlsx,2025,Table 4,Motorcycles,2024,battery_fuel_cell_electric,6829.0
BITRE-Road-Vehicles-Australia-January-2025.xlsx,2025,Table 4,Motorcycles,2024,other,19.0
BITRE-Road-Vehicles-Australia-January-2025.xlsx,2025,Table 4,Motorcycles,2024,total,973714.0
BITRE-Road-Vehicles-Australia-January-2025.xlsx,2025,Table 4,Motorcycles,2025,petrol,974333.0
BITRE-Road-Vehicles-Australia-January-2025.xlsx,2025,Table 4,Motorcycles,2025,diesel,6.0
BITRE-Road-Vehicles-Australia-January-2025.xlsx,2025,Table 4,Motorcycles,2025,dual_fuel,0.0
BITRE-Road-Vehicles-Australia-January-2025.xlsx,2025,Table 4,Motorcycles,2025,hybrid_electric,3.0
BITRE-Road-Vehicles-Australia-January-2025.xlsx,2025,Table 4,Motorcycles,2025,battery_fuel_cell_electric,7707.0
BITRE-Road-Vehicles-Australia-January-2025.xlsx,2025,Table 4,Motorcycles,2025,other,18.0
BITRE-Road-Vehicles-Australia-January-2025.xlsx,2025,Table 4,Motorcycles,2025,total,982067.0
BITRE-Road-Vehicles-Australia-January-2025.xlsx,2025,Table 4,Total motor vehicles,2023,petrol,14542497.0
BITRE-Road-Vehicles-Australia-January-2025.xlsx,2025,Table 4,Total motor vehicles,2023,diesel,5993410.0
BITRE-Road-Vehicles-Australia-January-2025.xlsx,2025,Table 4,Total motor vehicles,2023,dual_fuel,117552.0
BITRE-Road-Vehicles-Australia-January-2025.xlsx,2025,Table 4,Total motor vehicles,2023,hybrid_electric,367435.0
BITRE-Road-Vehicles-Australia-January-2025.xlsx,2025,Table 4,Total motor vehicles,2023,battery_fuel_cell_electric,78877.0
BITRE-Road-Vehicles-Australia-January-2025.xlsx,2025,Table 4,Total motor vehicles,2023,other,61413.0
BITRE-Road-Vehicles-Australia-January-2025.xlsx,2025,Table 4,Total motor vehicles,2023,total,21161184.0
BITRE-Road-Vehicles-Australia-January-2025.xlsx,2025,Table 4,Total motor vehicles,2024,petrol,14630945.0
BITRE-Road-Vehicles-Australia-January-2025.xlsx,2025,Table 4,Total motor vehicles,2024,diesel,6292700.0
BITRE-Road-Vehicles-Australia-January-2025.xlsx,2025,Table 4,Total motor vehicles,2024,dual_fuel,105744.0
BITRE-Road-Vehicles-Australia-January-2025.xlsx,2025,Table 4,Total motor vehicles,2024,hybrid_electric,485869.0
BITRE-Road-Vehicles-Australia-January-2025.xlsx,2025,Table 4,Total motor vehicles,2024,battery_fuel_cell_electric,168006.0
BITRE-Road-Vehicles-Australia-January-2025.xlsx,2025,Table 4,Total motor vehicles,2024,other,56781.0
BITRE-Road-Vehicles-Australia-January-2025.xlsx,2025,Table 4,Total motor vehicles,2024,total,21740045.0
BITRE-Road-Vehicles-Australia-January-2025.xlsx,2025,Table 4,Total motor vehicles,2025,petrol,14632710.0
BITRE-Road-Vehicles-Australia-January-2025.xlsx,2025,Table 4,Total motor vehicles,2025,diesel,6555770.0
BITRE-Road-Vehicles-Australia-January-2025.xlsx,2025,Table 4,Total motor vehicles,2025,dual_fuel,96183.0
BITRE-Road-Vehicles-Australia-January-2025.xlsx,2025,Table 4,Total motor vehicles,2025,hybrid_electric,709132.0
BITRE-Road-Vehicles-Australia-January-2025.xlsx,2025,Table 4,Total motor vehicles,2025,battery_fuel_cell_electric,259692.0
BITRE-Road-Vehicles-Australia-January-2025.xlsx,2025,Table 4,Total motor vehicles,2025,other,51860.0
BITRE-Road-Vehicles-Australia-January-2025.xlsx,2025,Table 4,Total motor vehicles,2025,total,22305347.0
