year,dependence,scenario_family,n_samples,mean_loss,p50_loss,p90_loss,cvar90_loss,weak_alignment_probability,fossil_persistence_probability,emissions_pressure_probability,activity_pressure_probability
2026,independent,conservative,20000,0.22714588871949432,0.22717428435731518,0.2950140973307241,0.31706305030666804,0.0,1.0,1.0,1.0
2027,independent,conservative,20000,0.22738550857068912,0.22725694500908894,0.29514956105824935,0.3173077346566646,0.0,1.0,1.0,1.0
2028,independent,conservative,20000,0.22753284989399047,0.22799522705484876,0.2957363274042228,0.3183017906849936,0.0,1.0,1.0,1.0
2029,independent,conservative,20000,0.22770281872490777,0.2275134210405719,0.2957008552967888,0.31860286878517835,0.0,1.0,1.0,1.0
2030,independent,conservative,20000,0.2275856936166496,0.22700156274196603,0.2959545261294066,0.3186863651239345,0.0,1.0,1.0,1.0
2026,independent,central,20000,0.15771447212864115,0.14272158675408506,0.30070041941424525,0.3478233486818648,0.24705,0.64955,0.499,0.49645
2027,independent,central,20000,0.15825648870037803,0.14280894022601684,0.30250604833145806,0.35223365820724417,0.25135,0.6505,0.4985,0.50775
2028,independent,central,20000,0.1582127122145425,0.14159865124104543,0.3039564172594872,0.351425102847174,0.24915,0.65185,0.50045,0.5043
2029,independent,central,20000,0.1580324240477374,0.14170053267721336,0.30284283561968106,0.35076739869592477,0.2523,0.6462,0.5013,0.501
2030,independent,central,20000,0.1589711238682523,0.1437842126132446,0.3054903943545416,0.3528153046857138,0.25525,0.65095,0.49745,0.49965
2026,independent,optimistic,20000,0.0,0.0,0.0,0.0,0.0,0.0,0.0,0.0
2027,independent,optimistic,20000,0.0,0.0,0.0,0.0,0.0,0.0,0.0,0.0
2028,independent,optimistic,20000,0.0,0.0,0.0,0.0,0.0,0.0,0.0,0.0
2029,independent,optimistic,20000,0.0,0.0,0.0,0.0,0.0,0.0,0.0,0.0
2030,independent,optimistic,20000,0.0,0.0,0.0,0.0,0.0,0.0,0.0,0.0
2026,independent,stress_tail,20000,0.373334943866741,0.37416673343269546,0.4115543437190763,0.42335931286027473,0.0,1.0,1.0,1.0
2027,independent,stress_tail,20000,0.37326932219396347,0.3742413175510684,0.4116976377049713,0.4227773358257983,0.0,1.0,1.0,1.0
2028,independent,stress_tail,20000,0.3731900008965079,0.3740818104764496,0.41139845974156725,0.4230269620990299,0.0,1.0,1.0,1.0
2029,independent,stress_tail,20000,0.3731472502759619,0.3738747804097835,0.41172867511314726,0.4232356547178646,0.0,1.0,1.0,1.0
2030,independent,stress_tail,20000,0.37336439717903375,0.37438386504687127,0.41174802633873725,0.42307508140615174,0.0,1.0,1.0,1.0
2026,gaussian,conservative,20000,0.2268926033448468,0.2268077583721519,0.30569378350904736,0.33221904028726357,0.0,1.0,1.0,1.0
2027,gaussian,conservative,20000,0.22765714854330626,0.22744071639583613,0.3067535919678356,0.332878940469315,0.0,1.0,1.0,1.0
2028,gaussian,conservative,20000,0.2271589545097645,0.22659355235130893,0.3067960517289614,0.3329533339782733,0.0,1.0,1.0,1.0
2029,gaussian,conservative,20000,0.22679220106691,0.22633146860286324,0.30634687830762725,0.3333386328786566,0.0,1.0,1.0,1.0
2030,gaussian,conservative,20000,0.22730751768370533,0.22754966149684647,0.30800306745584766,0.33392174331091756,0.0,1.0,1.0,1.0
2026,gaussian,central,20000,0.15180530388221342,0.14573764566977032,0.2884526827438351,0.33058269357909276,0.20955,0.718,0.4996,0.5033
2027,gaussian,central,20000,0.15219512748039277,0.14608857381226226,0.28760429540518817,0.3304147526874437,0.21015,0.7111,0.50105,0.49965
2028,gaussian,central,20000,0.15177939297932808,0.14427683284623374,0.2879409913919354,0.3295054313395034,0.21025,0.7143,0.5002,0.5041
2029,gaussian,central,20000,0.152931724607708,0.14800912114236578,0.28892980124345274,0.33110805641587054,0.208,0.718,0.4995,0.4982
2030,gaussian,central,20000,0.15183118600264192,0.1442314620750099,0.28803586985125607,0.3296280864873781,0.20885,0.7175,0.4993,0.5014
2026,gaussian,optimistic,20000,0.0,0.0,0.0,0.0,0.0,0.0,0.0,0.0
2027,gaussian,optimistic,20000,0.0,0.0,0.0,0.0,0.0,0.0,0.0,0.0
2028,gaussian,optimistic,20000,0.0,0.0,0.0,0.0,0.0,0.0,0.0,0.0
2029,gaussian,optimistic,20000,0.0,0.0,0.0,0.0,0.0,0.0,0.0,0.0
2030,gaussian,optimistic,20000,0.0,0.0,0.0,0.0,0.0,0.0,0.0,0.0
2026,gaussian,stress_tail,20000,0.37312841622921417,0.37445532781456714,0.4190348487494788,0.4309003253022398,0.0,1.0,1.0,1.0
2027,gaussian,stress_tail,20000,0.3732537226485757,0.37454296933219566,0.41744570341035686,0.42968414765621826,0.0,1.0,1.0,1.0
2028,gaussian,stress_tail,20000,0.3735660565262033,0.3749574305964639,0.41853599988904705,0.4307719435561848,0.0,1.0,1.0,1.0
2029,gaussian,stress_tail,20000,0.37340415049750825,0.3747058384934574,0.41804409109966023,0.4305211208635358,0.0,1.0,1.0,1.0
2030,gaussian,stress_tail,20000,0.3735834712960845,0.37515422965603107,0.4183289216417418,0.4305975228955017,0.0,1.0,1.0,1.0
2026,student_t,conservative,20000,0.2276188746326775,0.2273984919266252,0.30646342433929513,0.33447344882264735,0.0,1.0,1.0,1.0
2027,student_t,conservative,20000,0.2277153710622013,0.22782539608878694,0.3051435415104013,0.3339398602241257,0.0,1.0,1.0,1.0
2028,student_t,conservative,20000,0.22711399661639126,0.22766142029000694,0.3036495561776742,0.3331225789647872,0.0,1.0,1.0,1.0
2029,student_t,conservative,20000,0.22714403915836875,0.22707503839072038,0.30421474638202084,0.33308756714824683,0.0,1.0,1.0,1.0
2030,student_t,conservative,20000,0.22671984453595267,0.22649817355174592,0.30450567473218676,0.3332032948145437,0.0,1.0,1.0,1.0
2026,student_t,central,20000,0.1511223945319475,0.14275132507865465,0.2892386924450514,0.33646959366291845,0.21125,0.7215,0.49845,0.50485
2027,student_t,central,20000,0.15173254406670186,0.14429372133864046,0.29132030696263755,0.33709728330020894,0.2115,0.72,0.50755,0.501
2028,student_t,central,20000,0.15214375946565983,0.14488774636477103,0.29142459296306844,0.33745630657933245,0.2096,0.72175,0.50215,0.503
2029,student_t,central,20000,0.1519125955968555,0.14351386332099603,0.2911976968174621,0.3379748720332567,0.2098,0.721,0.5037,0.50305
2030,student_t,central,20000,0.151264305274149,0.14357271685532152,0.2907603648708105,0.3376950376906625,0.2137,0.72285,0.4994,0.4981
2026,student_t,optimistic,20000,0.0,0.0,0.0,0.0,0.0,0.0,0.0,0.0
2027,student_t,optimistic,20000,0.0,0.0,0.0,0.0,0.0,0.0,0.0,0.0
2028,student_t,optimistic,20000,0.0,0.0,0.0,0.0,0.0,0.0,0.0,0.0
2029,student_t,optimistic,20000,0.0,0.0,0.0,0.0,0.0,0.0,0.0,0.0
2030,student_t,optimistic,20000,0.0,0.0,0.0,0.0,0.0,0.0,0.0,0.0
2026,student_t,stress_tail,20000,0.3731469786724908,0.3752179269008343,0.417132588047053,0.4297020552883295,0.0,1.0,1.0,1.0
2027,student_t,stress_tail,20000,0.3735609540664204,0.3755613127864834,0.41755481422331886,0.4300727687821599,0.0,1.0,1.0,1.0
2028,student_t,stress_tail,20000,0.3732774297174819,0.3752739021740889,0.4174701995360256,0.42960422720291674,0.0,1.0,1.0,1.0
2029,student_t,stress_tail,20000,0.3735719165990678,0.376011716734546,0.41712845353190353,0.42958067847421655,0.0,1.0,1.0,1.0
2030,student_t,stress_tail,20000,0.3734949140014881,0.37548773593684187,0.4175377480999327,0.4297790644629063,0.0,1.0,1.0,1.0
